node_id,node_status,layer,branch,title,summary,caution,member_fact_ids,member_clauses,confirmation_levels,epistemic_floor,claim_status,source_record_ids,source_prop_ids,attesting_actor,occurrence_text,t_min,t_max,record_lunar_date,grouping_rationale,identity_links,env_id
EP01,OBSERVED,TESTIMONY,RELATION,구순–김명신 관계 변화,"명업은 김명신이 본래 구순과 친숙하여 날마다 왕래했다고 진술했고, 김명신이 박거사 일로 구순에게 편지를 보내 힐책했다고 진술했으며, 그 뒤 구순과 김명신의 왕래가 끊겼다고 진술했다.","세 행 모두 명업 진술(NOT_INDEPENDENTLY_VERIFIED). 힐책은 2월 초순, 단절은 그 이후로 내부 순서를 보존한다. 힐책의 구체 내용(박거사 일)은 더 해석하지 않는다.",CF001|CF002|CF003,,RECORDED_TESTIMONY,RECORDED_TESTIMONY,NOT_INDEPENDENTLY_VERIFIED,SRC3_006,V3P0049|V3P0050|V3P0051,명업,1793-02 초순 이전 → 02 초순(힐책) → 02 초순 이후(단절),201,210,1793-06-13,동일 진술자·동일 인물쌍·연속된 관계 변화 단계(사용자 예시와 동일).,,
EP02,OBSERVED,NESTED_TESTIMONY,THEFT,2월 22일 밤 도적 침입 전언,"명업은 나복이 2월 22일 밤 도적이 들었다고 자신에게 알렸다고 진술했다. 명업은 나복이 도적 30여 명, 횃불, 지세대감 자칭, 돈과 물품 도난을 말했다고 진술했다.",30여 명·횃불·지세대감은 명업이 전한 나복 발언(중첩 진술)의 내용이며 객관적 사실로 확정하지 않음. episode 인식 수준은 구성원 중 가장 약한 RECORDED_NESTED_TESTIMONY로 둔다.,CF004|CF005,,RECORDED_TESTIMONY|RECORDED_NESTED_TESTIMONY,RECORDED_NESTED_TESTIMONY,NOT_INDEPENDENTLY_VERIFIED,SRC3_006,V3P0047|V3P0048,명업(나복 발언 전달),1793-02-22 밤,222,222,1793-06-13,동일 시점·동일 전언(나복→명업)의 신고 사실과 신고 내용. 혼합 인식 수준은 floor로 처리.,,
EP03,OBSERVED,TESTIMONY,THEFT,구순의 소장과 체포령,명업은 구순이 소장을 올린 뒤 체포령이 내려졌다고 진술했다.,소장 접수 기관과 체포령 발령 주체는 이 행에 나타나지 않는다. 체포령과 2/28 병영 출동 사이 관계는 미기록(gap).,CF006,,RECORDED_TESTIMONY,RECORDED_TESTIMONY,NOT_INDEPENDENTLY_VERIFIED,SRC3_006,V3P0052,명업,도난 신고 이후,222,,1793-06-13,독립된 행정 행위(소장→체포령). 단독 episode.,,
EP04,OBSERVED,TESTIMONY,BARRACKS_OPERATION,2월 28일 밤 병영 출동 준비,"이진욱은 2월 28일 밤 병영에서 자신을 비장청으로 불렀다고 진술했고, 한재욱이 자신과 조계완 등에게 덕평으로 가도록 지시했다고 진술했으며, 한재욱이 변지돌과 정원돌을 잡아오라고 지시했다고 진술했고, 한재욱이 철편 네 개를 만들어 주었다고 진술했다.",모두 이진욱 진술. '조계완 등'은 열린 목록. 철편은 28일 밤~29일 새벽. 한재욱의 지시 위 상위 명령 출처는 기록되지 않음(gap). 정조 판단(CF044)의 '철퇴 네 개'와 대응 여부는 ID07로 따로 관리한다.,CF007|CF008|CF009|CF010,,RECORDED_TESTIMONY,RECORDED_TESTIMONY,NOT_INDEPENDENTLY_VERIFIED,SRC3_006,V3P0055|V3P0056|V3P0057|V3P0058,이진욱,1793-02-28 밤 ~ 29 새벽,228,229,1793-06-13,동일 시점·동일 기관(병영 비장청)·동일 행위자 집단·동일 절차 단계(출동 준비).,ID03:RESOLVED|ID07:UNRESOLVED|ID08:UNRESOLVED|ID11:RESOLVED,
EP05,OBSERVED,TESTIMONY,BARRACKS_OPERATION,2월 29일 덕평 체포 활동,"이진욱은 2월 29일 변지돌이 이미 공주진에서 잡혀간 상태였다고 진술했고, 장교 일행이 재돌의 처 자미덕을 붙잡았다고 진술했다.",정원돌 체포 여부는 기록되지 않음. 변지돌을 공주진에서 잡아간 주체·경위는 미기록(gap).,CF011|CF012,,RECORDED_TESTIMONY,RECORDED_TESTIMONY,NOT_INDEPENDENTLY_VERIFIED,SRC3_006,V3P0060|V3P0061,이진욱,1793-02-29,229,229,1793-06-13,동일 날짜·동일 진술자·동일 출동의 현장 결과.,,
EP06,OBSERVED,TESTIMONY,BARRACKS_OPERATION,자미덕의 병영 압송·신문·구류,"자미덕은 병영 장교에게 붙잡혀 병영으로 끌려갔다고 진술했고, 병영에서 도적 혐의로 한 차례 신문을 받았다고 진술했으며, 신문 뒤 비장청 다모방에 구류되었다고 진술했다.",진술자가 자미덕으로 EP05(이진욱)와 다르므로 분리. 두 진술이 같은 체포를 가리키는지는 확정하지 않고 순서만 연결한다.,CF013|CF014|CF015,,RECORDED_TESTIMONY,RECORDED_TESTIMONY,NOT_INDEPENDENTLY_VERIFIED,SRC3_006,V3P0075|V3P0076|V3P0077,자미덕,자미덕 체포 뒤 → 신문 뒤,229,,1793-06-13,동일 진술자·연속 절차(압송→신문→구류).,,
EP07,OBSERVED,TESTIMONY,BARRACKS_OPERATION,한 비장의 석방 조건 제시와 대질 시 거짓 진술,"자미덕은 한 비장이 정원돌·이집거·김갑득·김성손·김흥득 등을 큰 도적이라고 말하면 자신과 남편을 다음 날 석방하겠다고 말했다고 진술했고, 자미덕은 이집거와 대질했으며, 그때 한 비장의 지휘에 따라 거짓으로 꾸며 말했다고 진술했다.","'등'이 있으므로 명시된 5명은 닫힌 목록이 아님. 김명신은 명시 명단에 없으나 열린 목록이라 배제도 확정하지 않음. '거짓으로 꾸며 말했다'는 거짓 지목으로 강화하지 않음(거짓말의 구체 내용 미특정). '한 비장'=한재욱은 ID02로 사용자 확정(RESOLVED)이며, summary는 원문 표면형 '한 비장'을 유지한다. 동일성 확정은 사주 주장이 사실이라는 뜻이 아니다(EP12의 부인과 별개 진술로 유지).",CF016|CF017,,RECORDED_TESTIMONY,RECORDED_TESTIMONY,NOT_INDEPENDENTLY_VERIFIED,SRC3_006,V3P0080|V3P0082|V3P0083,자미덕,구류 중/그 후 → 대질 때,229,,1793-06-13,동일 진술자·동일 행위자(한 비장)·동일 절차 단계(구류 중 회유→대질).,ID02:RESOLVED|ID11:RESOLVED,
EP08,OBSERVED,TESTIMONY,SUSPECT_INFORMATION,유제희의 현지 탐문과 구순 발언 기록,"유제희는 현지 탐문 중 구순이 풍각 김상제도 극히 수상하다고 말했고, 자신이 그 말을 원돌 등의 이름과 함께 기록해 올렸다고 진술했다.","'극히 수상하다'는 범인 지목이 아님. 기록한 사람은 유제희 자신(정조 CF043의 '구순이 성명을 적어 주었다'와 claim-level 차이). 탐문 시점·파견자·기록 수신자는 미기록(gap). 풍각 김상제=김명신은 ID05, 유제희=병영의 염탐 담당자는 ID06로 미확정. '원돌 등'은 열린 목록이며 원돌=정원돌은 ID11로 사용자 확정(RESOLVED, 표면형은 유지).",CF020,,RECORDED_TESTIMONY,RECORDED_TESTIMONY,NOT_INDEPENDENTLY_VERIFIED,SRC3_006,V3P0094|V3P0095|V3P0096,유제희,현지 탐문(날짜 미기록),,,1793-06-13,독립된 정보 수집 행위. 날짜가 없어 다른 episode와 병합하지 않음.,ID05:UNRESOLVED|ID06:UNRESOLVED|ID11:RESOLVED,
EP09,OBSERVED,TESTIMONY,BARRACKS_OPERATION,3월 4일 병사의 김생원 체포 지시,"이진욱은 3월 4일 병사가 풍각 김생원과 흥덕 김생원을 잡아오라고 지시했다고 진술했다. 해당 기사에서 풍각 김생원은 김명신, 흥덕 김생원은 김갑득으로 식별된다.",공초 문장의 표면 주어는 '병사'. 병사=이광섭은 ID01로 사용자 확정(RESOLVED)이지만 summary는 원문 표면형을 유지한다. 지시 행위 자체는 이진욱 진술로만 확인된다. 김생원 식별(CF022)은 사료의 직접 식별이므로 그대로 둔다.,CF021|CF022,,RECORDED_TESTIMONY|DOCUMENTED_SOURCE_IDENTIFICATION,RECORDED_TESTIMONY,NOT_INDEPENDENTLY_VERIFIED|DIRECTLY_DOCUMENTED_SOURCE_IDENTIFICATION,SRC3_006,V3P0065|V3P0066|V3P0067,이진욱 / 기사 식별,1793-03-04,304,304,1793-06-13,지시 행위와 지시 대상의 사료 식별은 같은 문장 단위로 묶는다. 실행(EP11)은 분리.,ID01:RESOLVED|ID05:UNRESOLVED,
EP10,OBSERVED,TESTIMONY,SUSPECT_INFORMATION,3월 4일 조계완의 구순 집 방문과 서찰,"조계완은 김명신을 잡으러 가는 길에 구순 집에 들렀고, 구순이 이제 도적 다스리는 일이 바른 길을 얻었다는 취지로 말한 뒤 병사에게 전할 서찰 한 장을 건넸다고 진술했다.",서찰의 전달 여부와 내용은 기록되지 않음(gap). 조계완이 3/4 '장교 일행'의 일원인지는 ID08로 미확정.,CF024,,RECORDED_TESTIMONY,RECORDED_TESTIMONY,NOT_INDEPENDENTLY_VERIFIED,SRC3_006,V3P0069|V3P0072|V3P0073,조계완,1793-03-04 (체포 가는 길),304,304,1793-06-13,진술자·행위(사적 접촉·서찰)가 체포 지시·체포 실행과 달라 분리.,ID01:RESOLVED|ID08:UNRESOLVED,
EP11,OBSERVED,TESTIMONY,BARRACKS_OPERATION,3월 4일 김명신·김갑득 체포,이진욱은 장교 일행이 병사의 분부에 따라 김명신과 김갑득을 잡아왔다고 진술했다.,명령(EP09)과 실행을 분리 보존. 체포 뒤 구금 시작일을 이 행이 주장하지는 않는다.,CF023,,RECORDED_TESTIMONY,RECORDED_TESTIMONY,NOT_INDEPENDENTLY_VERIFIED,SRC3_006,V3P0068,이진욱,1793-03-04,304,304,1793-06-13,실행 단계. ORDER_TO_ACTION을 명시적으로 표현하려고 지시와 분리.,ID01:RESOLVED|ID08:UNRESOLVED,
EP12,OBSERVED,TESTIMONY,BARRACKS_OPERATION,한재욱의 안핵 공초,"한재욱은 자미덕을 방으로 불러 남은 밥을 준 사실은 인정했지만, 자미덕을 은밀히 사주한 일은 없다고 진술했고, 구순과 평생 모르는 사이라고 진술했다.",부인의 범위는 '은밀히 사주'에 한정된다. '어떤 형태의 사주도 없었다'로 넓히지 않는다. 진술 행위 시점은 안핵 공초.,CF018|CF019,,RECORDED_TESTIMONY,RECORDED_TESTIMONY,NOT_INDEPENDENTLY_VERIFIED,SRC3_006,V3P0088|V3P0092|V3P0093,한재욱,안핵 공초(1793-05-28 차하 ~ 06-13 복명 사이),528,613,1793-06-13,동일 진술자·동일 공초 자리의 자기 변호 진술.,ID02:RESOLVED|ID03:RESOLVED,
EP13,OBSERVED,OFFICIAL_REPORT,DETENTION_DEATH,5월 12일 이형원 장계: 구금·무장물·사망·혹형 보고,"이형원의 5월 12일 장계는 충청병영이 김명신을 달포 이상 구금·조사했으나 확실한 장물을 찾지 못했고, 김명신이 그 뒤 사망했다고 보고했으며, 무고한 평민들이 모진 형벌을 받았다고 보고했다.",사망 장소·직접 사인은 이 보고에 없음. '무고한 평민들'은 열린 집합이므로 김명신 포함 여부를 확정하지 않음. 구금 시작일(3/4)은 이 보고가 주장하지 않음.,CF027|CF028,,DOCUMENTED_OFFICIAL_REPORT,DOCUMENTED_OFFICIAL_REPORT,FACT_OF_OFFICIAL_REPORT,SRC3_001,V3P0004|V3P0005|V3P0006|V3P0007,이형원(충청도 관찰사),보고 1793-05-12 (구금·사망은 그 이전),512,512,1793-05-12,동일 장계 안의 보고 사항(인식 수준 FACT_OF_OFFICIAL_REPORT 동일).,,
EP14,OBSERVED,OFFICIAL_EVALUATION,COMMAND_RESPONSIBILITY,5월 12일 이형원의 지휘 계통 평가,"5월 12일 기사에서 이광섭은 사건의 병사 지휘 책임자로 심리되며, 이형원은 이광섭이 허황한 말을 믿고 무고한 사람을 잘못 잡았다고 평가했고, 청주 영장 이문협이 수사를 병영 비장에게 전적으로 맡기고 방관했다고 평가했다.",보고(EP13)와 인식 수준(OFFICIAL_EVALUATION)이 달라 분리. 이 행의 '병사 지휘 책임자'는 5/12 기사 차원의 식별이다. 3/4 공초의 '병사'=이광섭은 ID01로 사용자 확정(RESOLVED)이다. 이 행의 문구는 바꾸지 않는다.,CF025|CF026,,DOCUMENTED_OFFICIAL_EVALUATION,DOCUMENTED_OFFICIAL_EVALUATION,FACT_OF_OFFICIAL_EVALUATION,SRC3_001,V3P0013|V3P0012,이형원,1793-05-12,512,512,1793-05-12,동일 평가자·동일 날짜·지휘 계통(병사·영장) 평가.,ID01:RESOLVED,
EP15,OBSERVED,ROYAL_JUDGMENT,THEFT_JUDGMENT,5월 12일 정조 1차 판단: 도난 부재 방향,정조는 당시 장계와 조사에 따라 도난 자체가 없었다는 방향을 받아들였다.,6/13 최종 판단(EP25)에서 수정된다. 최종 판단으로 덮어쓰지 않고 REVISES로 보존한다.,CF030,,DOCUMENTED_ROYAL_JUDGMENT,DOCUMENTED_ROYAL_JUDGMENT,FACT_OF_ROYAL_JUDGMENT,SRC3_001,V3P0016,정조,1793-05-12,512,512,1793-05-12,royal judgment. 같은 날의 royal order(EP16)와 분리.,,
EP16,OBSERVED,ROYAL_ORDER,REINVESTIGATION,5월 12일 정조 명: 구순 의금부 구금·엄사,정조는 구순을 의금부에 잡아 가두고 엄히 조사하도록 명했다.,명령. 실행 경과(의금부 신문 결과)는 confirmed set에 없음.,CF031,,DOCUMENTED_ROYAL_ORDER,DOCUMENTED_ROYAL_ORDER,DIRECTLY_DOCUMENTED_OFFICIAL_ACTION,SRC3_001,V3P0017,정조,1793-05-12,512,512,1793-05-12,royal order 단독.,,
EP17,OBSERVED,INSPECTOR_REPORT,THEFT_JUDGMENT,5월 27일 암행어사 이조원 보고: 도난 부재 방향,이조원은 구순 사건을 도난이 없었다는 방향으로 보고했다.,암행어사 보고. 6/13 판단과 claim-level로 충돌한다.,CF032,,DOCUMENTED_INSPECTOR_REPORT,DOCUMENTED_INSPECTOR_REPORT,FACT_OF_OFFICIAL_REPORT,SRC3_003,V3P0031,이조원(암행어사),1793-05-27,527,527,1793-05-27,inspector report 단독.,,
EP18,OBSERVED,ROYAL_JUDGMENT_AND_ORDER,REVIEW,5월 27일 정조의 이조원 비판·파직,"정조는 이조원이 중대 사실을 직접 안핵하지 않고 전해 들은 말을 서계에 붙인 점을 문제 삼았고, 이조원을 파직하도록 명했다.",판단과 명령이 한 행에 함께 있으나 주체(정조)·대상(이조원)·날짜가 같아 원문 그대로 유지.,CF033,,DOCUMENTED_ROYAL_JUDGMENT_AND_ORDER,DOCUMENTED_ROYAL_JUDGMENT_AND_ORDER,DIRECTLY_DOCUMENTED_OFFICIAL_ACTION,SRC3_003,V3P0032|V3P0029,정조,1793-05-27,527,527,1793-05-27,원문 행 단위 보존.,,
EP19,OBSERVED,ROYAL_ORDER,REINVESTIGATION,5월 27일 정조 명: 구순 의금부 엄수·반복 신문,정조는 구순을 의금부에 엄히 가두고 반복 신문하도록 명했다.,5/12 명령(EP16)과 날짜·출처(SRC3_002)가 달라 별도 episode.,CF034,,DOCUMENTED_ROYAL_ORDER,DOCUMENTED_ROYAL_ORDER,DIRECTLY_DOCUMENTED_OFFICIAL_ACTION,SRC3_002,V3P0030,정조,1793-05-27,527,527,1793-05-27,royal order 단독.,,
EP20,OBSERVED,ROYAL_ORDER,REVIEW,5월 28일 홍대협 공주 안핵어사 차하,정조는 홍대협에게 사건을 자세히 조사해 오라고 명하고 그를 충청도 공주 안핵어사로 차하했다.,5/27 이조원 비판과의 동기 연결은 사료에 명시되지 않음(gap).,CF035,,DOCUMENTED_ROYAL_ORDER,DOCUMENTED_ROYAL_ORDER,DIRECTLY_DOCUMENTED_OFFICIAL_ACTION,SRC3_004,V3P0036|V3P0037,정조,1793-05-28,528,528,1793-05-28,royal order 단독.,,
EP21,OBSERVED,INSPECTOR_REPORT,DETENTION_DEATH,6월 11일 윤노동 별단,"윤노동의 6월 11일 별단은 김명신이 보수·구금 중 병들어 죽었고, 여러 죄수가 참혹한 형벌을 받았으며, 진정한 장물을 얻지 못했다고 보고했다.",'여러 죄수'는 열린 집합. 김명신이 형벌을 받았다는 주장은 이 행에 없음.,CF029,,DOCUMENTED_INSPECTOR_REPORT,DOCUMENTED_INSPECTOR_REPORT,FACT_OF_OFFICIAL_REPORT,SRC3_005,V3P0039|V3P0040|V3P0041,윤노동(암행어사),보고 1793-06-11,611,611,1793-06-11,inspector report 단독.,,
EP22,OBSERVED,COURT_ACTION,REVIEW,6월 11일 비변사 처리 보류 청·윤허,"비변사는 홍대협의 안핵 복명 전까지 윤노동 별단에 따른 처리를 보류할 것을 청했고, 정조는 이를 윤허했다.",청과 윤허가 한 행. 같은 절차 단계이므로 유지.,CF036,,DOCUMENTED_COURT_ACTION,DOCUMENTED_COURT_ACTION,DIRECTLY_DOCUMENTED_OFFICIAL_ACTION,SRC3_005,V3P0043|V3P0044,비변사·정조,1793-06-11,611,611,1793-06-11,court action 단독.,,
EP23,OBSERVED,OFFICIAL_ACTION,REVIEW,6월 13일 홍대협 공주목 신문·복명,홍대협은 공주목에서 관련자들을 차례로 신문한 뒤 호서 안핵어사로 복명하여 편전에서 정조에게 보고했다.,SRC3_006의 공초(EP01–EP12)는 이 신문을 통해 기록되었다.,CF037,,DOCUMENTED_OFFICIAL_ACTION,DOCUMENTED_OFFICIAL_ACTION,DIRECTLY_DOCUMENTED_OFFICIAL_ACTION,SRC3_006,V3P0045|V3P0130,홍대협(안핵어사),신문(5/28 이후) → 복명 1793-06-13,528,613,1793-06-13,official action 단독.,,
EP24,OBSERVED,OFFICIAL_FINDING,THEFT_JUDGMENT,"홍대협 도난 판단: 약간의 실제 도난, 좀도둑 수준",홍대협은 약간의 실제 도난은 있었지만 큰 화적 사건이 아니라 보통 좀도둑 수준이었다고 판단했다.,'약간의'를 삭제하지 않음.,CF038,,DOCUMENTED_OFFICIAL_FINDING,DOCUMENTED_OFFICIAL_FINDING,FACT_OF_OFFICIAL_FINDING,SRC3_006,V3P0097|V3P0098,홍대협,1793-06-13,613,613,1793-06-13,official finding. royal judgment(EP25)와 분리.,,
EP25,OBSERVED,ROYAL_JUDGMENT,THEFT_JUDGMENT,정조 최종 도난 판단: 실재,정조는 최종적으로 도난은 실제로 있었다고 판단했다.,5/12 판단(EP15)을 지우지 않고 REVISES 관계로 보존.,CF039,,DOCUMENTED_ROYAL_JUDGMENT,DOCUMENTED_ROYAL_JUDGMENT,FACT_OF_ROYAL_JUDGMENT,SRC3_006,V3P0104,정조,1793-06-13,613,613,1793-06-13,royal judgment 단독.,,
EP26,OBSERVED,OFFICIAL_EVALUATION,BIOLOGICAL,홍대협 사인 평가: 질병,홍대협은 김명신의 죽음을 질병 때문이라고 평가했다.,CF040의 홍대협 절. 정조 절(EP27)과 판단 주체가 달라 분리.,CF040,CF040:홍대협은 김명신의 죽음을 질병 때문이라고 평가했고,DOCUMENTED_OFFICIAL_AND_ROYAL_JUDGMENT,DOCUMENTED_OFFICIAL_AND_ROYAL_JUDGMENT,FACT_OF_OFFICIAL_JUDGMENT,SRC3_006,V3P0101|V3P0105,홍대협,1793-06-13,613,613,1793-06-13,official/royal 경계 분리(사용자 지정 branch A 구조).,,
EP27,OBSERVED,ROYAL_JUDGMENT,BIOLOGICAL,"정조 사인·처우 판단: 부처 전염병 사망, 곤장·평문 없음","정조는 김명신 부처가 전염병에 걸려 죽은 것으로 판단했고, 김명신이 곤장을 맞지 않았고 평범한 신문도 받지 않았다고 판단했다.",royal judgment 자체로 보존. 5/12 장계의 '구금·조사'와 긴장이 있다(CF041 notes). 판단 대상이 '부처'(아내 포함)로 넓어진 점을 보존.,CF040|CF041,CF040:정조는 김명신 부처가 전염병에 걸려 죽은 것으로 판단했다.,DOCUMENTED_OFFICIAL_AND_ROYAL_JUDGMENT|DOCUMENTED_ROYAL_JUDGMENT,DOCUMENTED_OFFICIAL_AND_ROYAL_JUDGMENT,FACT_OF_OFFICIAL_JUDGMENT|FACT_OF_ROYAL_JUDGMENT,SRC3_006,V3P0101|V3P0105|V3P0106,정조,1793-06-13,613,613,1793-06-13,동일 주체·동일 날짜·같은 생물학적/신체 처우 쟁점의 royal judgment.,,
EP28,OBSERVED,ROYAL_JUDGMENT,CAUSATION_BOUNDARY,정조: 구순→김명신 직접 사망 인과 불확실,정조는 김명신이 구순 때문에 직접 죽었다는 인과가 십분 확실하다고 할 수 없다고 판단했다.,직접 인과에 대한 판단. 절차적 책임 판단(EP29)과 합치지 않는다.,CF042,,DOCUMENTED_ROYAL_JUDGMENT,DOCUMENTED_ROYAL_JUDGMENT,FACT_OF_ROYAL_JUDGMENT,SRC3_006,V3P0141,정조,1793-06-13,613,613,1793-06-13,branch A/B 경계에 있는 판단이므로 단독.,,
EP29,OBSERVED,ROYAL_JUDGMENT,RESPONSIBILITY,정조: 구순 책임 연결 판단,"정조는 구순이 김명신에게 사적인 감정을 품고 갈등을 일으켰고, 병영의 염탐 담당자에게 김명신의 성명을 적어 주었으며, 그 과정이 김명신이 횡액을 입고 원통하게 죽는 결과로 이어졌다고 책임을 연결해 판단했다.",책임 귀속 사슬(royal judgment)이지 직접 사인이 아님. '병영의 염탐 담당자'=유제희는 ID06로 미확정.,CF043,,DOCUMENTED_ROYAL_JUDGMENT,DOCUMENTED_ROYAL_JUDGMENT,FACT_OF_ROYAL_JUDGMENT,SRC3_006,V3P0142|V3P0143|V3P0144,정조,1793-06-13,613,613,1793-06-13,royal judgment 단독.,ID06:UNRESOLVED,
EP30,OBSERVED,ROYAL_JUDGMENT,COMMAND_RESPONSIBILITY,정조: 이광섭 책임 판단,"정조는 이광섭이 구순 편을 들고, 철퇴 네 개를 만들게 했으며, 아전들의 거짓을 제대로 살피지 않은 채 비장에게 일을 맡겼다고 비판하고, 김명신 사망 책임에서 구순과 이광섭의 책임이 크게 다르지 않다고 판단했다.",'철퇴 네 개'와 이진욱 진술의 '철편 네 개'(EP04) 대응은 ID07. '비장'이 누구인지 특정하지 않음.,CF044,,DOCUMENTED_ROYAL_JUDGMENT,DOCUMENTED_ROYAL_JUDGMENT,FACT_OF_ROYAL_JUDGMENT,SRC3_006,V3P0148|V3P0149|V3P0150|V3P0151,정조,1793-06-13,613,613,1793-06-13,royal judgment 단독.,ID01:RESOLVED|ID07:UNRESOLVED,
EP31,OBSERVED,OFFICIAL_FINDING,JISE,홍대협: 지세 호칭 기원 미확정,홍대협은 여러 차례 신문과 별도 탐문에도 지세 호칭의 기원을 확정하지 못했다.,CF045의 홍대협 절.,CF045,CF045:홍대협은 여러 차례 신문과 별도 탐문에도 지세 호칭의 기원을 확정하지 못했고,DOCUMENTED_OFFICIAL_AND_ROYAL_JUDGMENT,DOCUMENTED_OFFICIAL_AND_ROYAL_JUDGMENT,FACT_OF_OFFICIAL_JUDGMENT,SRC3_006,V3P0136|V3P0146,홍대협,1793-06-13,613,613,1793-06-13,official/royal 경계 분리.,,
EP32,OBSERVED,ROYAL_JUDGMENT,JISE,정조: 구순 지세 호칭 날조 죄 불인정,정조는 구순이 지세 호칭을 스스로 만들어냈다는 죄는 인정하지 않았다.,CF045의 정조 절. '불인정'을 '구순은 지세와 무관'으로 강화하지 않음.,CF045,CF045:정조는 구순이 지세 호칭을 스스로 만들어냈다는 죄는 인정하지 않았다.,DOCUMENTED_OFFICIAL_AND_ROYAL_JUDGMENT,DOCUMENTED_OFFICIAL_AND_ROYAL_JUDGMENT,FACT_OF_OFFICIAL_JUDGMENT,SRC3_006,V3P0136|V3P0146,정조,1793-06-13,613,613,1793-06-13,official/royal 경계 분리.,,
EP33,OBSERVED,ROYAL_ORDER,DISPOSITION,구순 신지도 정배,정조는 구순을 신지도에 정배했다.,,CF046,,DOCUMENTED_ROYAL_ORDER,DOCUMENTED_ROYAL_ORDER,DIRECTLY_DOCUMENTED_OFFICIAL_ACTION,SRC3_006,V3P0110,정조,1793-06-13,613,613,1793-06-13,처분 대상별로 책임 연결이 달라 분리.,,
EP34,OBSERVED,ROYAL_ORDER,DISPOSITION,이광섭 영동현 유배,정조는 이광섭을 영동현에 유배했다.,,CF047,,DOCUMENTED_ROYAL_ORDER,DOCUMENTED_ROYAL_ORDER,DIRECTLY_DOCUMENTED_OFFICIAL_ACTION,SRC3_006,V3P0111,정조,1793-06-13,613,613,1793-06-13,처분 대상별 분리.,ID01:RESOLVED,
EP35,OBSERVED,ROYAL_ORDER,DISPOSITION,병영 비장 한가 처분,정조는 병영 비장으로 표기된 한가를 도백이 엄히 세 차례 형장 친 뒤 먼 섬의 종으로 보내도록 명했다.,처분문 표면형은 '한가'. 한가=한재욱은 ID03으로 사용자 확정(RESOLVED)이며 summary는 표면형을 유지한다. 처분 근거가 된 행위는 confirmed set에 없음(gap G09).,CF048,,DOCUMENTED_ROYAL_ORDER,DOCUMENTED_ROYAL_ORDER,DIRECTLY_DOCUMENTED_OFFICIAL_ACTION,SRC3_006,V3P0153,정조,1793-06-13,613,613,1793-06-13,처분 대상별 분리.,ID03:RESOLVED,
EP36,OBSERVED,ROYAL_ORDER,DISPOSITION,이형원 파직,정조는 충청도 관찰사 이형원을 파직하도록 명했다.,파직 사유는 confirmed set에 명시되지 않음.,CF049,,DOCUMENTED_ROYAL_ORDER,DOCUMENTED_ROYAL_ORDER,DIRECTLY_DOCUMENTED_OFFICIAL_ACTION,SRC3_006,V3P0113,정조,1793-06-13,613,613,1793-06-13,처분 대상별 분리.,,
EP37,OBSERVED,ROYAL_ORDER,DISPOSITION,6월 16일 이형원 유임,정조는 6월 16일 전 충청도 관찰사 이형원을 유임했다.,6/13 파직과 별개의 인사 조치. 사유는 미기록(gap).,CF050,,DOCUMENTED_ROYAL_ORDER,DOCUMENTED_ROYAL_ORDER,DIRECTLY_DOCUMENTED_OFFICIAL_ACTION,SRC3_008,V3P0114,정조,1793-06-16,616,616,1793-06-16,날짜가 달라 분리.,,
ENV01,OBSERVED,ENVIRONMENT,ENVIRONMENT,1793-01-22 호서 전염병 사망자 치계·구료 단속,호서 도신이 전염병 사망자 수를 치계했고 정조가 구료를 각별히 단속하라고 명함,김명신 개인 감염을 증명하지 않음.,,,EXTERNAL_CONTEXT,EXTERNAL_CONTEXT,,,,03_environment_1793,1793-01-22,122,122,1793-01-22,환경 context node (사건 아님),,E001
ENV02,OBSERVED,ENVIRONMENT,ENVIRONMENT,1793-01-22 호서 기근 구휼 한창,같은 기사에서 굶주림 구휼이 한창이라고 명시,영양·행정 부담 맥락. 직접 사인으로 쓰지 않음.,,,EXTERNAL_CONTEXT,EXTERNAL_CONTEXT,,,,03_environment_1793,1793-01-22,122,122,1793-01-22,환경 context node (사건 아님),,E002
ENV03,OBSERVED,ENVIRONMENT,ENVIRONMENT,1793-04-10 호서·영남 전염병 창궐(여제),정조실록 일별 목록에 '호서 영남에 전염병이 창궐하므로 여제를 지내게 하다' 기사 확인,이번 단계에서는 기사 제목 수준 확인. 개별 감염 추론 금지.,,,EXTERNAL_CONTEXT,EXTERNAL_CONTEXT,,,,03_environment_1793,1793-04-10,410,410,1793-04-10,환경 context node (사건 아님),,E003
ENV04,OBSERVED,ENVIRONMENT,ENVIRONMENT,1793-05-12 경외 전염병 옥수 치료 명,형조 판서 이득신 건의에 따라 서울·지방 전염병 옥수에게 약을 주어 치료하도록 명함,구순 사건 기사와 같은 날의 독립 기사.,,,EXTERNAL_CONTEXT,EXTERNAL_CONTEXT,,,,03_environment_1793,1793-05-12,512,512,1793-05-12,환경 context node (사건 아님),,E004
