element_id,candidate_id,kind,status,src,dst,edge_type,text
LN_G01a_1,G01a,node,LATENT,,,,[LATENT] 구순의 소장이 청주 진영에 접수됨
LN_G01a_2,G01a,node,LATENT,,,,[LATENT] 진영이 도적 수사를 병영 비장 쪽에 넘김
G01a.e1,G01a,edge,LATENT,EP03,LN_G01a_1,INFORMATION_FLOW,
G01a.e2,G01a,edge,LATENT,LN_G01a_1,LN_G01a_2,PROCEDURAL_NEXT,
G01a.e3,G01a,edge,LATENT,LN_G01a_2,EP04,PROCEDURAL_NEXT,
LN_G01b_1,G01b,node,LATENT,,,,[LATENT] 구순의 소장이 병영에 직접 접수되고 병영이 체포령 발령
G01b.e1,G01b,edge,LATENT,EP03,LN_G01b_1,INFORMATION_FLOW,
G01b.e2,G01b,edge,LATENT,LN_G01b_1,EP04,ORDER_TO_ACTION,
LN_G01c_1,G01c,node,LATENT,,,,[LATENT] 소장이 청주목 수령에게 접수
LN_G01c_2,G01c,node,LATENT,,,,[LATENT] 관찰사가 병영에 이첩
G01c.e1,G01c,edge,LATENT,EP03,LN_G01c_1,INFORMATION_FLOW,
G01c.e2,G01c,edge,LATENT,LN_G01c_1,LN_G01c_2,INFORMATION_FLOW,
G01c.e3,G01c,edge,LATENT,LN_G01c_2,EP04,ORDER_TO_ACTION,
LN_G02a_1,G02a,node,LATENT,,,,[LATENT] 이광섭이 2/28 출동과 철퇴 네 개 제작을 지시
G02a.e1,G02a,edge,LATENT,LN_G02a_1,EP04,ORDER_TO_ACTION,
LN_G02b_1,G02b,node,LATENT,,,,[LATENT] 한재욱이 상위 명령 없이 자체 판단으로 출동 지시
LN_G02b_2,G02b,node,LATENT,,,,[LATENT] 병영 지휘관의 사후 승인·묵인
G02b.e1,G02b,edge,LATENT,LN_G02b_1,EP04,ORDER_TO_ACTION,
G02b.e2,G02b,edge,LATENT,EP04,LN_G02b_2,REVIEW_OF,
LN_G02c_1,G02c,node,LATENT,,,,[LATENT] 이문협이 2/28 출동 직접 지휘
G02c.e1,G02c,edge,LATENT,LN_G02c_1,EP04,ORDER_TO_ACTION,
LN_G03a_1,G03a,node,LATENT,,,,[LATENT] 한재욱이 유제희를 현지 탐문에 파견
LN_G03a_2,G03a,node,LATENT,,,,[LATENT] 유제희 기록이 2/28 이전 한재욱에게 전달
G03a.e1,G03a,edge,LATENT,LN_G03a_1,EP08,ORDER_TO_ACTION,
G03a.e2,G03a,edge,LATENT,EP08,LN_G03a_2,INFORMATION_FLOW,
G03a.e3,G03a,edge,LATENT,LN_G03a_2,EP04,INFORMATION_FLOW,
LN_G03b_1,G03b,node,LATENT,,,,[LATENT] 유제희 기록이 2/29~3/4 사이에 병영에 보고
G03b.e1,G03b,edge,LATENT,EP08,LN_G03b_1,INFORMATION_FLOW,
G03b.e2,G03b,edge,LATENT,LN_G03b_1,EP09,INFORMATION_FLOW,
LN_G03c_1,G03c,node,LATENT,,,,[LATENT] 유제희 기록이 병사에게 직접 보고
G03c.e1,G03c,edge,LATENT,EP08,LN_G03c_1,INFORMATION_FLOW,
G03c.e2,G03c,edge,LATENT,LN_G03c_1,EP09,INFORMATION_FLOW,
LN_G04a_1,G04a,node,LATENT,,,,[LATENT] 유제희 기록이 비장 계통을 거쳐 병사에게 보고됨
G04a.e1,G04a,edge,LATENT,EP08,LN_G04a_1,INFORMATION_FLOW,
G04a.e2,G04a,edge,LATENT,LN_G04a_1,EP09,INFORMATION_FLOW,
LN_G04b_1,G04b,node,LATENT,,,,[LATENT] 자미덕의 대질 진술이 3/4 이전 병사에게 보고됨
G04b.e1,G04b,edge,LATENT,EP07,LN_G04b_1,INFORMATION_FLOW,
G04b.e2,G04b,edge,LATENT,LN_G04b_1,EP09,INFORMATION_FLOW,
LN_G04c_1,G04c,node,LATENT,,,,[LATENT] 3/4 이전 구순이 병사에게 사적으로 김명신을 의심 대상으로 알림
G04c.e1,G04c,edge,LATENT,EP01,LN_G04c_1,CONTEXT_SUPPORTS,
G04c.e2,G04c,edge,LATENT,LN_G04c_1,EP09,INFORMATION_FLOW,
LN_G04d_1,G04d,node,LATENT,,,,[LATENT] 석단 공초가 3/4 이전에 병사에게 보고됨
G04d.e1,G04d,edge,LATENT,LN_G04d_1,EP09,INFORMATION_FLOW,
LN_G04e_1,G04e,node,LATENT,,,,[LATENT] 구순이 장교에게 체포 명령
G04e.e1,G04e,edge,LATENT,LN_G04e_1,EP11,ORDER_TO_ACTION,
LN_G05a_1,G05a,node,LATENT,,,,[LATENT] 조계완이 서찰을 병사에게 전달
LN_G05a_2,G05a,node,LATENT,,,,[LATENT] 서찰 내용 = 체포 지지·의혹 제기
G05a.e1,G05a,edge,LATENT,EP10,LN_G05a_1,INFORMATION_FLOW,
G05a.e2,G05a,edge,LATENT,LN_G05a_1,LN_G05a_2,INFORMATION_FLOW,
G05a.e3,G05a,edge,LATENT,LN_G05a_2,EP30,CONTEXT_SUPPORTS,
LN_G05b_1,G05b,node,LATENT,,,,"[LATENT] 서찰 전달, 내용은 사건 무관"
G05b.e1,G05b,edge,LATENT,EP10,LN_G05b_1,INFORMATION_FLOW,
LN_G06a_1,G06a,node,LATENT,,,,[LATENT] 김명신이 구금 중 발병
LN_G06a_2,G06a,node,LATENT,,,,[LATENT] 보수·구금 상태에서 5/12 이전 사망
G06a.e1,G06a,edge,LATENT,EP11,LN_G06a_1,PROCEDURAL_NEXT,
G06a.e2,G06a,edge,LATENT,LN_G06a_1,LN_G06a_2,TEMPORAL_BEFORE,
G06a.e3,G06a,edge,LATENT,LN_G06a_2,EP13,INFORMATION_FLOW,
LN_G06b_1,G06b,node,LATENT,,,,[LATENT] 형장 없는 조사 압박
LN_G06b_2,G06b,node,LATENT,,,,[LATENT] 구금 중 발병·사망
G06b.e1,G06b,edge,LATENT,EP11,LN_G06b_1,PROCEDURAL_NEXT,
G06b.e2,G06b,edge,LATENT,LN_G06b_1,LN_G06b_2,TEMPORAL_BEFORE,
G06b.e3,G06b,edge,LATENT,LN_G06b_2,EP13,INFORMATION_FLOW,
LN_G06c_1,G06c,node,LATENT,,,,[LATENT] 김명신이 구금 중 형장을 받음
LN_G06c_2,G06c,node,LATENT,,,,[LATENT] 쇠약 후 사망
G06c.e1,G06c,edge,LATENT,EP11,LN_G06c_1,PROCEDURAL_NEXT,
G06c.e2,G06c,edge,LATENT,LN_G06c_1,LN_G06c_2,TEMPORAL_BEFORE,
G06c.e3,G06c,edge,LATENT,LN_G06c_2,EP13,INFORMATION_FLOW,
G06c.e4,G06c,edge,LATENT,LN_G06c_1,EP27,CONTRADICTS_AT_CLAIM_LEVEL,
LN_G07a_1,G07a,node,LATENT,,,,[LATENT] 장물 부재 → 도난 부재 추론
G07a.e1,G07a,edge,LATENT,EP13,LN_G07a_1,INFORMATION_FLOW,
G07a.e2,G07a,edge,LATENT,LN_G07a_1,EP15,INFORMATION_FLOW,
LN_G07b_1,G07b,node,LATENT,,,,[LATENT] 회동 조사 응답자 진술이 장계에 반영
G07b.e1,G07b,edge,LATENT,LN_G07b_1,EP13,INFORMATION_FLOW,
G07b.e2,G07b,edge,LATENT,LN_G07b_1,EP15,INFORMATION_FLOW,
LN_G07c_1,G07c,node,LATENT,,,,[LATENT] 명업 등의 번복 진술이 5월 판단 자료에 포함
G07c.e1,G07c,edge,LATENT,LN_G07c_1,EP13,INFORMATION_FLOW,
LN_G07d_1,G07d,node,LATENT,,,,[LATENT] 도난 부재·구순이 상황을 꾸밈
G07d.e1,G07d,edge,LATENT,LN_G07d_1,EP15,CONTEXT_SUPPORTS,
G07d.e2,G07d,edge,LATENT,LN_G07d_1,EP25,CONTRADICTS_AT_CLAIM_LEVEL,
LN_G08a_1,G08a,node,LATENT,,,,[LATENT] 정조가 이조원 서계의 직접 안핵 부재를 근거로 현지 직접 안핵이 필요하다고 판단
G08a.e1,G08a,edge,LATENT,EP18,LN_G08a_1,INFORMATION_FLOW,
G08a.e2,G08a,edge,LATENT,LN_G08a_1,EP20,PROCEDURAL_NEXT,
LN_G08b_1,G08b,node,LATENT,,,,[LATENT] 정조의 지세 호칭 의문
G08b.e1,G08b,edge,LATENT,LN_G08b_1,EP20,INFORMATION_FLOW,
LN_G09a_1,G09a,node,LATENT,,,,[LATENT] 한가 처분 근거 = 회유·대질 지휘·출동 운영 (ID02·ID03 조건)
G09a.e1,G09a,edge,LATENT,EP07,LN_G09a_1,RESPONSIBILITY_LINK,
G09a.e2,G09a,edge,LATENT,EP04,LN_G09a_1,RESPONSIBILITY_LINK,
G09a.e3,G09a,edge,LATENT,LN_G09a_1,EP35,PROCEDURAL_NEXT,
LN_G09b_1,G09b,node,LATENT,,,,[LATENT] 자미덕 진술 속 '한 비장'은 별도의 '한' 성 비장
LN_G09b_2,G09b,node,LATENT,,,,[LATENT] 한가 처분 근거 = 출동·철편 운영
G09b.e1,G09b,edge,LATENT,EP07,LN_G09b_1,CONTEXT_SUPPORTS,
G09b.e2,G09b,edge,LATENT,EP04,LN_G09b_2,RESPONSIBILITY_LINK,
G09b.e3,G09b,edge,LATENT,LN_G09b_2,EP35,PROCEDURAL_NEXT,
LN_G09c_1,G09c,node,LATENT,,,,[LATENT] 기록되지 않은 다른 '한' 성 비장
G09c.e1,G09c,edge,LATENT,LN_G09c_1,EP35,PROCEDURAL_NEXT,
LN_G10a_1,G10a,node,LATENT,,,,[LATENT] 파직 사유 = 장계 판단 오류
G10a.e1,G10a,edge,LATENT,EP25,LN_G10a_1,REVIEW_OF,
G10a.e2,G10a,edge,LATENT,LN_G10a_1,EP36,PROCEDURAL_NEXT,
LN_G10b_1,G10b,node,LATENT,,,,[LATENT] 유임 사유 = 행정 연속성
G10b.e1,G10b,edge,LATENT,LN_G10b_1,EP37,CONTEXT_SUPPORTS,
LN_G10c_1,G10c,node,LATENT,,,,[LATENT] 형식적 파직 후 유임
G10c.e1,G10c,edge,LATENT,EP36,LN_G10c_1,PROCEDURAL_NEXT,
G10c.e2,G10c,edge,LATENT,LN_G10c_1,EP37,PROCEDURAL_NEXT,
LN_G11a_1,G11a,node,LATENT,,,,[LATENT] 공주진의 변지돌 선행 체포(같은 사건)
G11a.e1,G11a,edge,LATENT,LN_G11a_1,EP05,TEMPORAL_BEFORE,
LN_G11b_1,G11b,node,LATENT,,,,[LATENT] 병영→공주진 체포 의뢰
G11b.e1,G11b,edge,LATENT,LN_G11b_1,EP05,TEMPORAL_BEFORE,
LN_G11c_1,G11c,node,LATENT,,,,[LATENT] 변지돌 별건 구금
G11c.e1,G11c,edge,LATENT,LN_G11c_1,EP05,TEMPORAL_BEFORE,
LN_G12a_1,G12a,node,LATENT,,,,[LATENT] 김명신 아내의 전염병 사망
G12a.e1,G12a,edge,LATENT,LN_G12a_1,EP27,INFORMATION_FLOW,
LN_G12b_1,G12b,node,LATENT,,,,[LATENT] 아내의 비전염병 사망
G12b.e1,G12b,edge,LATENT,LN_G12b_1,EP27,CONTRADICTS_AT_CLAIM_LEVEL,
LN_G13a_1,G13a,node,LATENT,,,,[LATENT] 구순 의금부 구금·신문 실행
G13a.e1,G13a,edge,LATENT,EP16,LN_G13a_1,ORDER_TO_ACTION,
G13a.e2,G13a,edge,LATENT,EP19,LN_G13a_1,ORDER_TO_ACTION,
G13a.e3,G13a,edge,LATENT,LN_G13a_1,EP32,INFORMATION_FLOW,
LN_G13b_1,G13b,node,LATENT,,,,[LATENT] 의금부 구금만 되고 신문은 보류
G13b.e1,G13b,edge,LATENT,EP16,LN_G13b_1,ORDER_TO_ACTION,
