var,gap,target,op,inputs,rule,desc,constraint,input_candidates
V_COMPLAINT_TO_BARRACKS,G01,EP04,OR,M1,V_COMPLAINT_TO_BARRACKS = M1_OFFICIAL_INFORMATION_ROUTE,소장·체포령(EP03)이 2/28 병영 출동(EP04)으로 이어지는 경로,F005·F006·F010(접수·이첩 경로의 제도 가능성),G01a|G01b|G01c
V_COMMAND_SOURCE,G02,EP04,XOR,M1|M4,V_COMMAND_SOURCE = M1_OFFICIAL_INFORMATION_ROUTE(G02a: 병사 지시) XOR M4_DISTRIBUTED_INSTITUTIONAL_ACTION(G02b: 비장 자체 판단),2/28 출동 지시의 상위 출처,F007·F008·F009(병사 → 비장·장교 지휘의 제도 가능성),G02a|G02b
V_INFO_TO_COMMANDER,G03|G04,EP09,OR,M1|M2|M3|M4,V_INFO_TO_COMMANDER = M1 OR M2 OR M3 OR M4  (각각 G04a·G03a·G03b / G04b·G04d / G04c / G03c),구순 쪽 정보·진술이 3/4 병사의 체포 지시(EP09)에 닿는 경로,"F007·F020(구순은 명령 불가, 정보 제공만) · F008(보고 경로)",G03a|G03b|G03c|G04a|G04b|G04c|G04d
V_ARREST_PATH,,EP11,AND,V_INFO_TO_COMMANDER|INSTITUTIONALLY_COMPATIBLE,V_ARREST_PATH = V_INFO_TO_COMMANDER AND INSTITUTIONALLY_COMPATIBLE(F007·F008: 병사 → 장교 명령),"체포 지시(EP09, OBSERVED) → 체포 실행(EP11, OBSERVED)",F007·F008,
V_INVESTIGATION_SCOPE,G04|G11,EP11,OR,M2|M4,V_INVESTIGATION_SCOPE = M2_TESTIMONY_AMPLIFICATION OR M4_DISTRIBUTED_INSTITUTIONAL_ACTION,"수사 범위가 여러 혐의자로 넓어지는 구조(김갑득 동시 체포, 공주진 선행 체포 등)",F010(도적 수색 관할) · F002(진술 획득 방식의 규범),G04b|G04d|G11a
V_INITIAL_JUDGMENT_BASIS,G07,EP15,OR,M6|M2,V_INITIAL_JUDGMENT_BASIS = M6_INITIAL_JUDGMENT_BASIS OR M2_TESTIMONY_AMPLIFICATION(보조: G07b·G07c),"5/12 '도난 없음 방향' 판단(EP15, OBSERVED)의 근거 형성",F006·F020(장계 → 국왕 판단),G07a|G07b|G07c
V_REVIEW_CORRECTION,G08|G13,EP25,ANCHORED,M5,V_REVIEW_CORRECTION = M5_REVIEW_AND_CORRECTION  (관측 backbone: EP15 →REVISES→ EP25 등. world마다 달라지지 않음),5/12 판단 → 5/27 → 5/28 → 6/11 → 6/13 → 처분으로 이어진 독립 재검토·판단 수정(OBSERVED backbone),F012·F013·F014·F017·F018,G08a|G08b|G13a
V_RESPONSIBILITY,G09,EP29|EP30,AND,V_REVIEW_CORRECTION|V_ARREST_PATH,"V_RESPONSIBILITY = V_REVIEW_CORRECTION AND V_ARREST_PATH  (책임 판단은 절차 branch B에만 의존, 사인과 무관)","정조의 책임 귀속(EP29·EP30, OBSERVED)",F018,
V_SANCTION,G10,EP33|EP34|EP35|EP36|EP37,ANCHORED,V_RESPONSIBILITY,V_SANCTION = V_RESPONSIBILITY  (처분은 관측 사실. G10 사유는 OPEN_UNRESOLVED),"처분(OBSERVED, 모든 world 공통)",F001·F006·F018,
V_CUSTODY_COURSE,G06|G12,EP13,OR,MB,V_CUSTODY_COURSE = MB_CUSTODY_BIOLOGICAL_COURSE  (환경 E001–E004는 호환성 context. 개인 감염 확정 아님),구금 중 발병·사망 경과(사망 branch A). 책임 branch와 연결하지 않음,F002·F003·F004·F015·F016 / E001–E004(context),G06a|G06b|G12a
