table,field,value,row_count
source_faithful_propositions,attestation_mode,COURT_DISCUSSION,1
source_faithful_propositions,attestation_mode,DIRECT_STATEMENT,2
source_faithful_propositions,attestation_mode,INSPECTOR_REPORT,17
source_faithful_propositions,attestation_mode,MINISTERIAL_PROPOSAL,2
source_faithful_propositions,attestation_mode,OFFICIAL_EVALUATION,5
source_faithful_propositions,attestation_mode,OFFICIAL_FINDING,3
source_faithful_propositions,attestation_mode,OFFICIAL_REPORT,12
source_faithful_propositions,attestation_mode,ROYAL_DISCUSSION,1
source_faithful_propositions,attestation_mode,ROYAL_JUDGMENT,8
source_faithful_propositions,attestation_mode,ROYAL_ORDER,13
source_faithful_propositions,attestation_mode,SECONDARY_REFERENCE,2
source_faithful_propositions,attestation_mode,TESTIMONY,51
source_faithful_propositions,proposition_type,ACTION,19
source_faithful_propositions,proposition_type,ASSERTION,54
source_faithful_propositions,proposition_type,BACKGROUND,2
source_faithful_propositions,proposition_type,JUDGMENT,16
source_faithful_propositions,proposition_type,ORDER,18
source_faithful_propositions,proposition_type,STATE,8
source_faithful_propositions,epistemic_scope,CLAIM_WITHIN_OFFICIAL_REPORT,7
source_faithful_propositions,epistemic_scope,COURT_EVALUATION,1
source_faithful_propositions,epistemic_scope,DIRECT_COURT_DIALOGUE,3
source_faithful_propositions,epistemic_scope,DIRECT_OFFICIAL_ACTION,2
source_faithful_propositions,epistemic_scope,FINAL_ROYAL_FINDING,5
source_faithful_propositions,epistemic_scope,INSPECTOR_CLAIM,17
source_faithful_propositions,epistemic_scope,NESTED_TESTIMONY,16
source_faithful_propositions,epistemic_scope,OFFICIAL_EVALUATION,5
source_faithful_propositions,epistemic_scope,OFFICIAL_FINDING,3
source_faithful_propositions,epistemic_scope,OFFICIAL_REPORT,1
source_faithful_propositions,epistemic_scope,ROYAL_JUDGMENT,3
source_faithful_propositions,epistemic_scope,ROYAL_ORDER,13
source_faithful_propositions,epistemic_scope,SECONDARY_BACKGROUND,2
source_faithful_propositions,epistemic_scope,TESTIMONY,39
source_faithful_propositions,occurrence_precision,AFTER_EARLY_MONTH,1
source_faithful_propositions,occurrence_precision,DAY,14
source_faithful_propositions,occurrence_precision,DAY_NIGHT,5
source_faithful_propositions,occurrence_precision,EARLY_MONTH,1
source_faithful_propositions,occurrence_precision,OVERNIGHT,1
source_faithful_propositions,occurrence_precision,RELATIVE_ONLY,1
source_faithful_propositions,occurrence_precision,UNSPECIFIED,94
source_faithful_propositions,place_status,EXPLICIT,17
source_faithful_propositions,place_status,EXPLICIT_IN_THIS_SOURCE,1
source_faithful_propositions,place_status,UNSPECIFIED,99
source_faithful_propositions,set_status,NOT_APPLICABLE,110
source_faithful_propositions,set_status,OPEN_SET,5
source_faithful_propositions,set_status,OPEN_SET_EXPLICIT_MEMBERS,2
source_faithful_propositions,directness,DIRECTLY_STATED,117
