atomic_prop_id,parent_prop_id,split_component,component_role,derivation,source_record_id,record_lunar_date,reporting_actor,attestation_mode,claim_level,attestation_depth,outer_speaker,embedded_speaker,subject_surface,predicate,object_or_content,occurrence_lunar_text,occurrence_precision,historical_place,place_status,epistemic_scope,claim_topic,conflict_group,set_status,shared_utterance_group,directness,entity_surface_forms,notes
AP0001,P0001,1:1,,COPY,SRC2_001,1793-05-12,이형원,OFFICIAL_REPORT,OUTER_ATTESTATION,1,이형원,,구순,거주,청주 덕평,,UNSPECIFIED,청주 덕평,EXPLICIT,CLAIM_WITHIN_OFFICIAL_REPORT,PERSON_LOCATION,,NOT_APPLICABLE,,DIRECTLY_STATED,구순,
AP0002,P0002,1:1,,COPY,SRC2_001,1793-05-12,이형원,OFFICIAL_REPORT,OUTER_ATTESTATION,1,이형원,,구순,도난 피해를 입었다고 보고됨,,,UNSPECIFIED,,UNSPECIFIED,CLAIM_WITHIN_OFFICIAL_REPORT,THEFT_REALITY,THEFT_REALITY,NOT_APPLICABLE,,DIRECTLY_STATED,구순,
AP0003,P0003,1:1,,COPY,SRC2_001,1793-05-12,이형원,OFFICIAL_REPORT,EMBEDDED_ATTESTATION,2,이형원,구순,구순,김명신을 도적 괴수라고 말했다고 보고됨,김명신,,UNSPECIFIED,,UNSPECIFIED,CLAIM_WITHIN_OFFICIAL_REPORT,SUSPECT_IDENTIFICATION,,NOT_APPLICABLE,,DIRECTLY_STATED,구순|김명신,
AP0004,P0004,P0004-a,ARREST,SPLIT,SRC2_001,1793-05-12,이형원,OFFICIAL_REPORT,OUTER_ATTESTATION,1,이형원,,충청병영,김명신을 잡았다고 보고됨,김명신,,UNSPECIFIED,,UNSPECIFIED,CLAIM_WITHIN_OFFICIAL_REPORT,APPREHENSION,,NOT_APPLICABLE,UG_P0004,DIRECTLY_STATED,충청병영|김명신,"P0004에서 분리(P0004-a, ARREST). 기사 자체에는 3월 4일 시작일을 부여하지 않음."
AP0005,P0004,P0004-b,DETENTION_DURATION,SPLIT,SRC2_001,1793-05-12,이형원,OFFICIAL_REPORT,OUTER_ATTESTATION,1,이형원,,충청병영,김명신을 달포 이상 구금했다고 보고됨,김명신,,UNSPECIFIED,,UNSPECIFIED,CLAIM_WITHIN_OFFICIAL_REPORT,DETENTION,,NOT_APPLICABLE,UG_P0004,DIRECTLY_STATED,충청병영|김명신,"P0004에서 분리(P0004-b, DETENTION_DURATION). 기사 자체에는 3월 4일 시작일을 부여하지 않음."
AP0006,P0004,P0004-c,INVESTIGATION,SPLIT,SRC2_001,1793-05-12,이형원,OFFICIAL_REPORT,OUTER_ATTESTATION,1,이형원,,충청병영,김명신을 조사했다고 보고됨,김명신,,UNSPECIFIED,,UNSPECIFIED,CLAIM_WITHIN_OFFICIAL_REPORT,INTERROGATION,,NOT_APPLICABLE,UG_P0004,DIRECTLY_STATED,충청병영|김명신,"P0004에서 분리(P0004-c, INVESTIGATION). 기사 자체에는 3월 4일 시작일을 부여하지 않음."
AP0007,P0005,1:1,,COPY,SRC2_001,1793-05-12,이형원,OFFICIAL_REPORT,OUTER_ATTESTATION,1,이형원,,수사,확실한 장물을 찾지 못했다고 보고됨,,,UNSPECIFIED,,UNSPECIFIED,CLAIM_WITHIN_OFFICIAL_REPORT,EVIDENCE,,NOT_APPLICABLE,,DIRECTLY_STATED,,
AP0008,P0006,P0006-a,DEATH_OCCURRENCE,SPLIT,SRC2_001,1793-05-12,이형원,OFFICIAL_REPORT,OUTER_ATTESTATION,1,이형원,,김명신,사망했다고 보고됨,,,UNSPECIFIED,,UNSPECIFIED,CLAIM_WITHIN_OFFICIAL_REPORT,DEATH_OCCURRENCE,,NOT_APPLICABLE,UG_P0006,DIRECTLY_STATED,김명신,"P0006에서 분리(P0006-a, DEATH_OCCURRENCE). 사망 장소와 직접 사인은 이 명제에 추가하지 않음."
AP0009,P0006,P0006-b,DEATH_TIMING,SPLIT,SRC2_001,1793-05-12,이형원,OFFICIAL_REPORT,OUTER_ATTESTATION,1,이형원,,김명신,사망이 구금·조사 뒤였다고 보고됨,,,UNSPECIFIED,,UNSPECIFIED,CLAIM_WITHIN_OFFICIAL_REPORT,DEATH_OCCURRENCE,,NOT_APPLICABLE,UG_P0006,DIRECTLY_STATED,김명신,"P0006에서 분리(P0006-b, DEATH_TIMING). 사망 장소와 직접 사인은 이 명제에 추가하지 않음."
AP0010,P0007,P0007-a,PUNISHMENT_RECEIVED,SPLIT,SRC2_001,1793-05-12,이형원,OFFICIAL_REPORT,OUTER_ATTESTATION,1,이형원,,평민들,모진 형벌을 받았다고 보고됨,,,UNSPECIFIED,,UNSPECIFIED,CLAIM_WITHIN_OFFICIAL_REPORT,INVESTIGATION_HARM,,OPEN_SET,UG_P0007,DIRECTLY_STATED,,"P0007에서 분리(P0007-a, PUNISHMENT_RECEIVED)."
AP0011,P0007,P0007-b,INNOCENCE_EVALUATION,SPLIT,SRC2_001,1793-05-12,이형원,OFFICIAL_REPORT,OUTER_ATTESTATION,1,이형원,,형벌을 받은 평민들,무고했다고 보고됨,,,UNSPECIFIED,,UNSPECIFIED,CLAIM_WITHIN_OFFICIAL_REPORT,INVESTIGATION_HARM,,OPEN_SET,UG_P0007,DIRECTLY_STATED,,"P0007에서 분리(P0007-b, INNOCENCE_EVALUATION)."
AP0012,P0008,1:1,,COPY,SRC2_001,1793-05-12,이형원,OFFICIAL_REPORT,EMBEDDED_ATTESTATION,2,이형원,회동 조사 응답자들,회동 조사 응답자들,구순과 김명신 사이에 원한이 있었다고 진술했다고 보고됨,,,UNSPECIFIED,,UNSPECIFIED,NESTED_TESTIMONY,MOTIVE,MOTIVE,OPEN_SET,,DIRECTLY_STATED,구순|김명신,set_status 정규화: raw NOT_APPLICABLE → OPEN_SET (06 근거).
AP0013,P0009,1:1,,COPY,SRC2_001,1793-05-12,이형원,OFFICIAL_REPORT,EMBEDDED_ATTESTATION,2,이형원,회동 조사 응답자들,회동 조사 응답자들,구순이 도난 상황을 꾸몄다고 진술했다고 보고됨,,,UNSPECIFIED,,UNSPECIFIED,NESTED_TESTIMONY,THEFT_FABRICATION,THEFT_REALITY,OPEN_SET,,DIRECTLY_STATED,구순,set_status 정규화: raw NOT_APPLICABLE → OPEN_SET (06 근거).
AP0014,P0010,P0010-a,FRAME_UP,SPLIT,SRC2_001,1793-05-12,이형원,OFFICIAL_REPORT,EMBEDDED_ATTESTATION,2,이형원,회동 조사 응답자들,회동 조사 응답자들,구순이 김명신에게 도적 괴수 누명을 씌웠다고 진술했다고 보고됨,,,UNSPECIFIED,,UNSPECIFIED,NESTED_TESTIMONY,FRAME_UP_ALLEGATION,,OPEN_SET,UG_P0010,DIRECTLY_STATED,구순|김명신,"P0010에서 분리(P0010-a, FRAME_UP). set_status 정규화: raw NOT_APPLICABLE → OPEN_SET (06 근거)."
AP0015,P0010,P0010-b,MEANS_SERVANT,SPLIT,SRC2_001,1793-05-12,이형원,OFFICIAL_REPORT,EMBEDDED_ATTESTATION,2,이형원,회동 조사 응답자들,회동 조사 응답자들,구순이 그 누명을 씌우는 데 행랑 하인을 통했다고 진술했다고 보고됨,,,UNSPECIFIED,,UNSPECIFIED,NESTED_TESTIMONY,FRAME_UP_ALLEGATION,,OPEN_SET,UG_P0010,DIRECTLY_STATED,구순,"P0010에서 분리(P0010-b, MEANS_SERVANT). set_status 정규화: raw NOT_APPLICABLE → OPEN_SET (06 근거)."
AP0016,P0010,P0010-c,MEANS_GYOJOL,SPLIT,SRC2_001,1793-05-12,이형원,OFFICIAL_REPORT,EMBEDDED_ATTESTATION,2,이형원,회동 조사 응답자들,회동 조사 응답자들,구순이 그 누명을 씌우는 데 교졸을 통했다고 진술했다고 보고됨,,,UNSPECIFIED,,UNSPECIFIED,NESTED_TESTIMONY,FRAME_UP_ALLEGATION,,OPEN_SET,UG_P0010,DIRECTLY_STATED,구순,"P0010에서 분리(P0010-c, MEANS_GYOJOL). set_status 정규화: raw NOT_APPLICABLE → OPEN_SET (06 근거)."
AP0017,P0011,1:1,,COPY,SRC2_001,1793-05-12,이형원,OFFICIAL_REPORT,EMBEDDED_ATTESTATION,2,이형원,미상(진술 주체 불명시),전후 체포자들,구순 집에서 미워하던 사람들이었다고 진술됐다고 보고됨,,,UNSPECIFIED,,UNSPECIFIED,NESTED_TESTIMONY,TARGET_SELECTION,,OPEN_SET,,DIRECTLY_STATED,구순,
AP0018,P0012,P0012-a,DELEGATION,SPLIT,SRC2_001,1793-05-12,이형원,OFFICIAL_EVALUATION,OUTER_ATTESTATION,1,이형원,,이문협,수사를 병영 비장에게 전적으로 맡겼다고 평가됨,,,UNSPECIFIED,,UNSPECIFIED,OFFICIAL_EVALUATION,INSTITUTIONAL_FAILURE,,NOT_APPLICABLE,UG_P0012,DIRECTLY_STATED,이문협|병영 비장,"P0012에서 분리(P0012-a, DELEGATION)."
AP0019,P0012,P0012-b,PASSIVITY_EVALUATION,SPLIT,SRC2_001,1793-05-12,이형원,OFFICIAL_EVALUATION,OUTER_ATTESTATION,1,이형원,,이문협,수사를 방관했다고 평가됨,,,UNSPECIFIED,,UNSPECIFIED,OFFICIAL_EVALUATION,INSTITUTIONAL_FAILURE,,NOT_APPLICABLE,UG_P0012,DIRECTLY_STATED,이문협,"P0012에서 분리(P0012-b, PASSIVITY_EVALUATION)."
AP0020,P0013,P0013-a,RELIANCE_ON_FALSE_WORDS,SPLIT,SRC2_001,1793-05-12,이형원,OFFICIAL_EVALUATION,OUTER_ATTESTATION,1,이형원,,이광섭,믿은 말이 허황한 말이었다고 평가됨,,,UNSPECIFIED,,UNSPECIFIED,OFFICIAL_EVALUATION,COMMAND_FAILURE,,NOT_APPLICABLE,UG_P0013,DIRECTLY_STATED,이광섭,"P0013에서 분리(P0013-a, RELIANCE_ON_FALSE_WORDS). 05 제안의 (a)믿음 (b)허황성은 '믿은 말이 허황했다'로 함께 둠(믿음 자체는 전제)."
AP0021,P0013,P0013-b,WRONGFUL_ARREST,SPLIT,SRC2_001,1793-05-12,이형원,OFFICIAL_EVALUATION,OUTER_ATTESTATION,1,이형원,,이광섭,무고한 사람을 잘못 잡았다고 평가됨,,,UNSPECIFIED,,UNSPECIFIED,OFFICIAL_EVALUATION,COMMAND_FAILURE,,NOT_APPLICABLE,UG_P0013,DIRECTLY_STATED,이광섭,"P0013에서 분리(P0013-b, WRONGFUL_ARREST)."
AP0022,P0014,1:1,,COPY,SRC2_001,1793-05-12,비변사,MINISTERIAL_PROPOSAL,OUTER_ATTESTATION,1,비변사,,비변사,이광섭 파직·나문·엄한 감죄를 청함,이광섭,,UNSPECIFIED,,UNSPECIFIED,DIRECT_OFFICIAL_ACTION,PUNISHMENT_PROPOSAL,,NOT_APPLICABLE,,DIRECTLY_STATED,비변사|이광섭,
AP0023,P0015,1:1,,COPY,SRC2_001,1793-05-12,정조,ROYAL_ORDER,OUTER_ATTESTATION,1,정조,,정조,이광섭 처분 요청을 윤허함,이광섭,,UNSPECIFIED,,UNSPECIFIED,ROYAL_ORDER,ROYAL_ORDER,,NOT_APPLICABLE,,DIRECTLY_STATED,정조|이광섭,
AP0024,P0016,1:1,,COPY,SRC2_001,1793-05-12,정조,ROYAL_JUDGMENT,OUTER_ATTESTATION,1,정조,,정조,당시 장계·조사에 따라 도난 자체가 없었다는 방향을 받아들임,,,UNSPECIFIED,,UNSPECIFIED,ROYAL_JUDGMENT,THEFT_REALITY,THEFT_REALITY,NOT_APPLICABLE,,DIRECTLY_STATED,정조,6월 13일 최종 안핵에서 실제 약간의 도난이 있었던 것으로 수정.
AP0025,P0017,1:1,,COPY,SRC2_001,1793-05-12,정조,ROYAL_ORDER,OUTER_ATTESTATION,1,정조,,정조,구순을 의금부에 잡아 가두고 엄히 조사하도록 명함,구순,,UNSPECIFIED,,UNSPECIFIED,ROYAL_ORDER,REINVESTIGATION,,NOT_APPLICABLE,,DIRECTLY_STATED,정조|구순,
AP0026,P0018,1:1,,COPY,SRC2_002,1793-05-27,이조원,INSPECTOR_REPORT,OUTER_ATTESTATION,1,이조원,,이조원,구순 집에 화적이 들었다는 설명이 이치에 맞지 않는다고 판단,,,UNSPECIFIED,,UNSPECIFIED,INSPECTOR_CLAIM,THEFT_REALITY,THEFT_REALITY,NOT_APPLICABLE,,DIRECTLY_STATED,이조원|구순,'구순 집에 화적이 들었다는 설명'(주체 미명시)은 이조원 판단의 대상일 뿐 이 row가 주장하지 않음.
AP0027,P0019,P0019-a,NEIGHBOR_RELATION,SPLIT,SRC2_002,1793-05-27,이조원,INSPECTOR_REPORT,OUTER_ATTESTATION,1,이조원,,김명신,구순의 이웃으로 살았다고 보고,,,UNSPECIFIED,,UNSPECIFIED,INSPECTOR_CLAIM,RELATIONSHIP_CONFLICT,,NOT_APPLICABLE,UG_P0019,DIRECTLY_STATED,김명신|구순,"P0019에서 분리(P0019-a, NEIGHBOR_RELATION)."
AP0028,P0019,P0019-b,CRITICISM,SPLIT,SRC2_002,1793-05-27,이조원,INSPECTOR_REPORT,OUTER_ATTESTATION,1,이조원,,김명신,구순의 행실을 비판했다고 보고,,,UNSPECIFIED,,UNSPECIFIED,INSPECTOR_CLAIM,RELATIONSHIP_CONFLICT,,NOT_APPLICABLE,UG_P0019,DIRECTLY_STATED,김명신|구순,"P0019에서 분리(P0019-b, CRITICISM)."
AP0029,P0020,P0020-a,GRUDGE,SPLIT,SRC2_002,1793-05-27,이조원,INSPECTOR_REPORT,OUTER_ATTESTATION,1,이조원,,구순,앙심을 품었다고 주장,,,UNSPECIFIED,,UNSPECIFIED,INSPECTOR_CLAIM,MOTIVE,MOTIVE,NOT_APPLICABLE,UG_P0020,DIRECTLY_STATED,구순,"P0020에서 분리(P0020-a, GRUDGE)."
AP0030,P0020,P0020-b,GRUDGE_CAUSE,SPLIT,SRC2_002,1793-05-27,이조원,INSPECTOR_REPORT,OUTER_ATTESTATION,1,이조원,,구순,그 앙심이 김명신의 비판 때문이었다고 주장,김명신,,UNSPECIFIED,,UNSPECIFIED,INSPECTOR_CLAIM,MOTIVE,MOTIVE,NOT_APPLICABLE,UG_P0020,DIRECTLY_STATED,구순|김명신,"P0020에서 분리(P0020-b, GRUDGE_CAUSE)."
AP0031,P0020,P0020-c,FRAME_INTENT,SPLIT,SRC2_002,1793-05-27,이조원,INSPECTOR_REPORT,OUTER_ATTESTATION,1,이조원,,구순,김명신을 모함하려 했다고 주장,김명신,,UNSPECIFIED,,UNSPECIFIED,INSPECTOR_CLAIM,MOTIVE,MOTIVE,NOT_APPLICABLE,UG_P0020,DIRECTLY_STATED,구순|김명신,"P0020에서 분리(P0020-c, FRAME_INTENT)."
AP0032,P0021,1:1,,COPY,SRC2_002,1793-05-27,이조원,INSPECTOR_REPORT,OUTER_ATTESTATION,1,이조원,,구순,도난 상황을 꾸몄다고 주장,,,UNSPECIFIED,,UNSPECIFIED,INSPECTOR_CLAIM,THEFT_FABRICATION,THEFT_REALITY,NOT_APPLICABLE,,DIRECTLY_STATED,구순,
AP0033,P0022,P0022-a,TERM_INVENTION,SPLIT,SRC2_002,1793-05-27,이조원,INSPECTOR_REPORT,OUTER_ATTESTATION,1,이조원,,구순,지세랑이라는 말을 만들었다고 주장,,,UNSPECIFIED,,UNSPECIFIED,INSPECTOR_CLAIM,JISE_ORIGIN,JISE_ORIGIN,NOT_APPLICABLE,UG_P0022,DIRECTLY_STATED,구순,"P0022에서 분리(P0022-a, TERM_INVENTION)."
AP0034,P0022,P0022-b,TERM_SPREAD,SPLIT,SRC2_002,1793-05-27,이조원,INSPECTOR_REPORT,OUTER_ATTESTATION,1,이조원,,구순,지세랑이라는 말을 퍼뜨렸다고 주장,,,UNSPECIFIED,,UNSPECIFIED,INSPECTOR_CLAIM,JISE_ORIGIN,JISE_ORIGIN,NOT_APPLICABLE,UG_P0022,DIRECTLY_STATED,구순,"P0022에서 분리(P0022-b, TERM_SPREAD)."
AP0035,P0023,1:1,,COPY,SRC2_002,1793-05-27,이조원,INSPECTOR_REPORT,OUTER_ATTESTATION,1,이조원,,구순,작은 궤짝의 돈을 도둑맞았다고 꾸몄다고 주장,,,UNSPECIFIED,,UNSPECIFIED,INSPECTOR_CLAIM,FABRICATED_EVIDENCE,,NOT_APPLICABLE,,DIRECTLY_STATED,구순,
AP0036,P0024,P0024-a,MARK_NATURE,SPLIT,SRC2_002,1793-05-27,이조원,INSPECTOR_REPORT,OUTER_ATTESTATION,1,이조원,,하인의 흔적,부스럼 흔적이었다고 주장,,,UNSPECIFIED,,UNSPECIFIED,INSPECTOR_CLAIM,FABRICATED_EVIDENCE,,NOT_APPLICABLE,UG_P0024,DIRECTLY_STATED,,"P0024에서 분리(P0024-a, MARK_NATURE)."
AP0037,P0024,P0024-b,WOUND_FABRICATION,SPLIT,SRC2_002,1793-05-27,이조원,INSPECTOR_REPORT,OUTER_ATTESTATION,1,이조원,,구순,하인의 흔적을 창상으로 꾸몄다고 주장,,,UNSPECIFIED,,UNSPECIFIED,INSPECTOR_CLAIM,FABRICATED_EVIDENCE,,NOT_APPLICABLE,UG_P0024,DIRECTLY_STATED,구순,"P0024에서 분리(P0024-b, WOUND_FABRICATION)."
AP0038,P0025,P0025-a,DEATH_OCCURRENCE,SPLIT,SRC2_002,1793-05-27,이조원,INSPECTOR_REPORT,OUTER_ATTESTATION,1,이조원,,김명신,죽었다고 주장,,,UNSPECIFIED,,UNSPECIFIED,INSPECTOR_CLAIM,DEATH_OCCURRENCE,,NOT_APPLICABLE,UG_P0025,DIRECTLY_STATED,김명신,"P0025에서 분리(P0025-a, DEATH_OCCURRENCE)."
AP0039,P0025,P0025-b,DEATH_PLACE,SPLIT,SRC2_002,1793-05-27,이조원,INSPECTOR_REPORT,OUTER_ATTESTATION,1,이조원,,김명신,죽은 곳이 병영 옥이었다고 주장,,,UNSPECIFIED,병영 옥,EXPLICIT_IN_THIS_SOURCE,INSPECTOR_CLAIM,DEATH_OCCURRENCE,,NOT_APPLICABLE,UG_P0025,DIRECTLY_STATED,김명신,"P0025에서 분리(P0025-b, DEATH_PLACE)."
AP0040,P0025,P0025-c,DEATH_CAUSE_ATTRIBUTION,SPLIT,SRC2_002,1793-05-27,이조원,INSPECTOR_REPORT,OUTER_ATTESTATION,1,이조원,,김명신,구순이 구성한 죄안 때문에 죽었다고 주장,,,UNSPECIFIED,,UNSPECIFIED,INSPECTOR_CLAIM,DEATH_CAUSE,DEATH_CAUSE,NOT_APPLICABLE,UG_P0025,DIRECTLY_STATED,김명신|구순,"P0025에서 분리(P0025-c, DEATH_CAUSE_ATTRIBUTION)."
AP0041,P0025,P0025-d,WRONGFUL_DEATH_EVALUATION,SPLIT,SRC2_002,1793-05-27,이조원,INSPECTOR_REPORT,OUTER_ATTESTATION,1,이조원,,김명신,원통하게 죽었다고 주장,,,UNSPECIFIED,,UNSPECIFIED,INSPECTOR_CLAIM,DEATH_CAUSE,DEATH_CAUSE,NOT_APPLICABLE,UG_P0025,DIRECTLY_STATED,김명신,"P0025에서 분리(P0025-d, WRONGFUL_DEATH_EVALUATION)."
AP0042,P0026,P0026-a,SPOUSE_DEATH_OCCURRENCE,SPLIT,SRC2_002,1793-05-27,이조원,INSPECTOR_REPORT,OUTER_ATTESTATION,1,이조원,,김명신의 아내,죽었다고 보고,,,UNSPECIFIED,,UNSPECIFIED,INSPECTOR_CLAIM,SPOUSE_DEATH,,NOT_APPLICABLE,UG_P0026,DIRECTLY_STATED,김명신의 아내,"P0026에서 분리(P0026-a, SPOUSE_DEATH_OCCURRENCE)."
AP0043,P0026,P0026-b,SPOUSE_DEATH_SEQUENCE,SPLIT,SRC2_002,1793-05-27,이조원,INSPECTOR_REPORT,OUTER_ATTESTATION,1,이조원,,김명신의 아내,김명신이 죽은 뒤 따라 죽었다고 보고,,,UNSPECIFIED,,UNSPECIFIED,INSPECTOR_CLAIM,SPOUSE_DEATH,,NOT_APPLICABLE,UG_P0026,DIRECTLY_STATED,김명신의 아내|김명신,"P0026에서 분리(P0026-b, SPOUSE_DEATH_SEQUENCE). '따라'가 단순 선후인지 인과적 의미인지 미판정(원문 표현 유지)."
AP0044,P0027,P0027-a,NO_DETAILED_INVESTIGATION,SPLIT,SRC2_002,1793-05-27,이조원,INSPECTOR_REPORT,OUTER_ATTESTATION,1,이조원,,병사,사건을 자세히 조사하지 않았다고 주장,,,UNSPECIFIED,,UNSPECIFIED,INSPECTOR_CLAIM,COMMAND_FAILURE,,NOT_APPLICABLE,UG_P0027,DIRECTLY_STATED,병사,"P0027에서 분리(P0027-a, NO_DETAILED_INVESTIGATION)."
AP0045,P0027,P0027-b,DELEGATION_TO_SUBORDINATE,SPLIT,SRC2_002,1793-05-27,이조원,INSPECTOR_REPORT,OUTER_ATTESTATION,1,이조원,,병사,사건을 하급 보조자에게 맡겼다고 주장,,,UNSPECIFIED,,UNSPECIFIED,INSPECTOR_CLAIM,COMMAND_FAILURE,,NOT_APPLICABLE,UG_P0027,DIRECTLY_STATED,병사|하급 보조자,"P0027에서 분리(P0027-b, DELEGATION_TO_SUBORDINATE). 하급 보조자의 신원은 미상(08 참조, 동일시하지 않음)."
AP0046,P0028,1:1,,COPY,SRC2_002,1793-05-27,이조원,INSPECTOR_REPORT,OUTER_ATTESTATION,1,이조원,,병영의 하급 보조자,구순의 가객이었다고 주장,,,UNSPECIFIED,,UNSPECIFIED,INSPECTOR_CLAIM,OFFICIAL_GUEST_RELATION,OFFICIAL_GUEST_RELATION,NOT_APPLICABLE,,DIRECTLY_STATED,병영의 하급 보조자|구순,이 행만으로 하급 보조자를 한재욱으로 동일시하지 않음.
AP0047,P0029,1:1,,COPY,SRC2_002,1793-05-27,정조/비변사 당상,COURT_DISCUSSION,OUTER_ATTESTATION,1,정조/비변사 당상,,이조원,도난 진위와 중대 사실을 현장에서 직접 안핵하지 않은 점을 비판받음,,,UNSPECIFIED,,UNSPECIFIED,COURT_EVALUATION,INSPECTOR_FAILURE,,NOT_APPLICABLE,,DIRECTLY_STATED,이조원,
AP0048,P0030,1:1,,COPY,SRC2_002,1793-05-27,정조,ROYAL_ORDER,OUTER_ATTESTATION,1,정조,,정조,이조원을 파직하도록 명함,이조원,,UNSPECIFIED,,UNSPECIFIED,ROYAL_ORDER,PUNISHMENT,,NOT_APPLICABLE,,DIRECTLY_STATED,정조|이조원,
AP0049,P0031,1:1,,COPY,SRC2_002,1793-05-27,정조,ROYAL_ORDER,OUTER_ATTESTATION,1,정조,,정조,구순을 의금부에 엄히 가두고 반복 신문하도록 명함,구순,,UNSPECIFIED,,UNSPECIFIED,ROYAL_ORDER,REINVESTIGATION,,NOT_APPLICABLE,,DIRECTLY_STATED,정조|구순,
AP0050,P0032,1:1,,COPY,SRC2_003,1793-05-27,이조원,INSPECTOR_REPORT,OUTER_ATTESTATION,1,이조원,,이조원,구순 사건에 대해 도난이 없었다는 방향의 판단을 보고,,,UNSPECIFIED,,UNSPECIFIED,INSPECTOR_CLAIM,THEFT_REALITY,THEFT_REALITY,NOT_APPLICABLE,,DIRECTLY_STATED,이조원|구순,비변사등록 5월 27일과 같은 단계의 판단을 교차확인.
AP0051,P0033,P0033-a,NO_DIRECT_ANHAEK,SPLIT,SRC2_003,1793-05-27,정조,ROYAL_JUDGMENT,OUTER_ATTESTATION,1,정조,,정조,이조원이 직접 안핵하지 않은 점을 문제 삼음,,,UNSPECIFIED,,UNSPECIFIED,ROYAL_JUDGMENT,INSPECTOR_FAILURE,,NOT_APPLICABLE,UG_P0033,DIRECTLY_STATED,정조|이조원,"P0033에서 분리(P0033-a, NO_DIRECT_ANHAEK)."
AP0052,P0033,P0033-b,HEARSAY_IN_SEOGYE,SPLIT,SRC2_003,1793-05-27,정조,ROYAL_JUDGMENT,OUTER_ATTESTATION,1,정조,,정조,이조원이 전해 들은 말을 서계에 붙인 점을 문제 삼음,,,UNSPECIFIED,,UNSPECIFIED,ROYAL_JUDGMENT,INSPECTOR_FAILURE,,NOT_APPLICABLE,UG_P0033,DIRECTLY_STATED,정조|이조원,"P0033에서 분리(P0033-b, HEARSAY_IN_SEOGYE)."
AP0053,P0034,1:1,,COPY,SRC2_004,1793-05-28,정조,ROYAL_DISCUSSION,OUTER_ATTESTATION,1,정조,,정조,구순 사건과 지세랑 호칭을 홍대협에게 물음,,,UNSPECIFIED,,UNSPECIFIED,DIRECT_COURT_DIALOGUE,ANHAEK_ASSIGNMENT,,NOT_APPLICABLE,,DIRECTLY_STATED,정조|구순|홍대협,
AP0054,P0035,1:1,,COPY,SRC2_004,1793-05-28,홍대협,DIRECT_STATEMENT,OUTER_ATTESTATION,1,홍대협,,홍대협,귀로에 사건 개요를 조금 들었다고 말함,,,UNSPECIFIED,,UNSPECIFIED,DIRECT_COURT_DIALOGUE,PRIOR_KNOWLEDGE,,NOT_APPLICABLE,,DIRECTLY_STATED,홍대협,
AP0055,P0036,P0036-a,PRIOR_USAGE,SPLIT,SRC2_004,1793-05-28,홍대협,DIRECT_STATEMENT,OUTER_ATTESTATION,1,홍대협,,홍대협,지세랑 호칭은 예전 호중 화적도 사용한 적이 있다고 말함,,,UNSPECIFIED,,UNSPECIFIED,DIRECT_COURT_DIALOGUE,JISE_ORIGIN,JISE_ORIGIN,NOT_APPLICABLE,UG_P0036,DIRECTLY_STATED,홍대협,"P0036에서 분리(P0036-a, PRIOR_USAGE)."
AP0056,P0036,P0036-b,NOT_NEW_INFERENCE,SPLIT,SRC2_004,1793-05-28,홍대협,DIRECT_STATEMENT,OUTER_ATTESTATION,1,홍대협,,홍대협,지세랑 호칭이 이번에 처음 생긴 말이 아닌 듯하다고 말함,,,UNSPECIFIED,,UNSPECIFIED,DIRECT_COURT_DIALOGUE,JISE_ORIGIN,JISE_ORIGIN,NOT_APPLICABLE,UG_P0036,DIRECTLY_STATED,홍대협,"P0036에서 분리(P0036-b, NOT_NEW_INFERENCE)."
AP0057,P0037,1:1,,COPY,SRC2_004,1793-05-28,정조,ROYAL_ORDER,OUTER_ATTESTATION,1,정조,,정조,홍대협에게 내려가 자세히 조사해 오라고 명함,홍대협,,UNSPECIFIED,,UNSPECIFIED,ROYAL_ORDER,ANHAEK_ASSIGNMENT,,NOT_APPLICABLE,,DIRECTLY_STATED,정조|홍대협,
AP0058,P0038,1:1,,COPY,SRC2_004,1793-05-28,정조,ROYAL_ORDER,OUTER_ATTESTATION,1,정조,,정조,홍대협을 충청도 공주 안핵어사로 차하함,홍대협,,UNSPECIFIED,공주,EXPLICIT,ROYAL_ORDER,ANHAEK_ASSIGNMENT,,NOT_APPLICABLE,,DIRECTLY_STATED,정조|홍대협,
AP0059,P0039,P0039-a,ROBBERY_STATEMENT,SPLIT,SRC2_005,1793-06-11,윤노동,INSPECTOR_REPORT,EMBEDDED_ATTESTATION,2,윤노동,구순,구순,도적을 만났다고 말했다고 주장,,,UNSPECIFIED,,UNSPECIFIED,INSPECTOR_CLAIM,THEFT_REALITY,,NOT_APPLICABLE,UG_P0039,DIRECTLY_STATED,구순,"P0039에서 분리(P0039-a, ROBBERY_STATEMENT)."
AP0060,P0039,P0039-b,SUMMON_YEONGGYO,SPLIT,SRC2_005,1793-06-11,윤노동,INSPECTOR_REPORT,OUTER_ATTESTATION,1,윤노동,,구순,영교를 불렀다고 주장,,,UNSPECIFIED,,UNSPECIFIED,INSPECTOR_CLAIM,SUSPECT_LIST_ORIGIN,,NOT_APPLICABLE,UG_P0039,DIRECTLY_STATED,구순|영교,"P0039에서 분리(P0039-b, SUMMON_YEONGGYO)."
AP0061,P0039,P0039-c,NAMES_WRITTEN,SPLIT,SRC2_005,1793-06-11,윤노동,INSPECTOR_REPORT,OUTER_ATTESTATION,1,윤노동,,구순,김명신 등의 이름을 써 주었다고 주장,김명신 등,,UNSPECIFIED,,UNSPECIFIED,INSPECTOR_CLAIM,SUSPECT_LIST_ORIGIN,,OPEN_SET_EXPLICIT_MEMBERS,UG_P0039,DIRECTLY_STATED,구순|김명신,"P0039에서 분리(P0039-c, NAMES_WRITTEN). set_status 정규화: raw OPEN_SET → OPEN_SET_EXPLICIT_MEMBERS (06 근거)."
AP0062,P0040,P0040-a,DEATH_OCCURRENCE,SPLIT,SRC2_005,1793-06-11,윤노동,INSPECTOR_REPORT,OUTER_ATTESTATION,1,윤노동,,김명신,죽었다고 보고,,,UNSPECIFIED,,UNSPECIFIED,INSPECTOR_CLAIM,DEATH_OCCURRENCE,,NOT_APPLICABLE,UG_P0040,DIRECTLY_STATED,김명신,"P0040에서 분리(P0040-a, DEATH_OCCURRENCE)."
AP0063,P0040,P0040-b,DEATH_CAUSE_ILLNESS,SPLIT,SRC2_005,1793-06-11,윤노동,INSPECTOR_REPORT,OUTER_ATTESTATION,1,윤노동,,김명신,사망 원인이 병이었다고 보고(원문: 병들어 죽었다),,,UNSPECIFIED,,UNSPECIFIED,INSPECTOR_CLAIM,DEATH_CAUSE,DEATH_CAUSE,NOT_APPLICABLE,UG_P0040,DIRECTLY_STATED,김명신,"P0040에서 분리(P0040-b, DEATH_CAUSE_ILLNESS)."
AP0064,P0040,P0040-c,DEATH_TIMING,SPLIT,SRC2_005,1793-06-11,윤노동,INSPECTOR_REPORT,OUTER_ATTESTATION,1,윤노동,,김명신,사망이 체포·구금 뒤였다고 보고,,,UNSPECIFIED,,UNSPECIFIED,INSPECTOR_CLAIM,DEATH_OCCURRENCE,,NOT_APPLICABLE,UG_P0040,DIRECTLY_STATED,김명신,"P0040에서 분리(P0040-c, DEATH_TIMING)."
AP0065,P0041,1:1,,COPY,SRC2_005,1793-06-11,윤노동,INSPECTOR_REPORT,OUTER_ATTESTATION,1,윤노동,,여러 죄수,참혹한 형벌을 받았다고 보고,,,UNSPECIFIED,,UNSPECIFIED,INSPECTOR_CLAIM,INVESTIGATION_HARM,,OPEN_SET,,DIRECTLY_STATED,,
AP0066,P0042,1:1,,COPY,SRC2_005,1793-06-11,윤노동,INSPECTOR_REPORT,OUTER_ATTESTATION,1,윤노동,,수사,진정한 장물을 얻지 못했다고 보고,,,UNSPECIFIED,,UNSPECIFIED,INSPECTOR_CLAIM,EVIDENCE,,NOT_APPLICABLE,,DIRECTLY_STATED,,
AP0067,P0043,P0043-a,INDUCEMENT,SPLIT,SRC2_005,1793-06-11,윤노동,INSPECTOR_REPORT,OUTER_ATTESTATION,1,윤노동,,한재욱,변가의 처를 꾀었다고 주장,,,UNSPECIFIED,,UNSPECIFIED,INSPECTOR_CLAIM,COACHING,COACHING,NOT_APPLICABLE,UG_P0043,DIRECTLY_STATED,한재욱|변가의 처,"P0043에서 분리(P0043-a, INDUCEMENT)."
AP0068,P0043,P0043-b,TESTIMONY_CONTENT,SPLIT,SRC2_005,1793-06-11,윤노동,INSPECTOR_REPORT,EMBEDDED_ATTESTATION,2,윤노동,변가의 처,변가의 처,김명신이 도적 괴수라는 취지의 공초를 냈다고 주장,,,UNSPECIFIED,,UNSPECIFIED,INSPECTOR_CLAIM,SUSPECT_IDENTIFICATION,,NOT_APPLICABLE,UG_P0043,DIRECTLY_STATED,변가의 처|김명신,"P0043에서 분리(P0043-b, TESTIMONY_CONTENT)."
AP0069,P0043,P0043-c,INDUCED_TESTIMONY,SPLIT,SRC2_005,1793-06-11,윤노동,INSPECTOR_REPORT,OUTER_ATTESTATION,1,윤노동,,한재욱,변가의 처를 꾀어 그 공초를 내게 했다고 주장,,,UNSPECIFIED,,UNSPECIFIED,INSPECTOR_CLAIM,COACHING,COACHING,NOT_APPLICABLE,UG_P0043,DIRECTLY_STATED,한재욱|변가의 처,"P0043에서 분리(P0043-c, INDUCED_TESTIMONY)."
AP0070,P0044,1:1,,COPY,SRC2_005,1793-06-11,비변사,MINISTERIAL_PROPOSAL,OUTER_ATTESTATION,1,비변사,,비변사,홍대협의 안핵 복명 전이므로 윤노동 별단의 구순 사건 처리를 보류할 것을 청함,,,UNSPECIFIED,,UNSPECIFIED,DIRECT_OFFICIAL_ACTION,PROCEDURAL_HOLD,,NOT_APPLICABLE,,DIRECTLY_STATED,비변사|홍대협|윤노동|구순,
AP0071,P0045,1:1,,COPY,SRC2_005,1793-06-11,정조,ROYAL_ORDER,OUTER_ATTESTATION,1,정조,,정조,비변사의 보류 요청을 윤허함,,,UNSPECIFIED,,UNSPECIFIED,ROYAL_ORDER,PROCEDURAL_HOLD,,NOT_APPLICABLE,,DIRECTLY_STATED,정조|비변사,
AP0072,P0046,1:1,,COPY,SRC2_006,1793-06-13,홍대협,OFFICIAL_REPORT,OUTER_ATTESTATION,1,홍대협,,홍대협,공주목에 도착해 관련자들을 차례로 신문함,,,UNSPECIFIED,공주목,EXPLICIT,OFFICIAL_REPORT,ANHAEK,,OPEN_SET,,DIRECTLY_STATED,홍대협,set_status 정규화: raw NOT_APPLICABLE → OPEN_SET (06 근거).
AP0073,P0047,1:1,,COPY,SRC2_006,1793-06-13,명업,TESTIMONY,OUTER_ATTESTATION,1,명업,,명업,구순 집 계집종의 남편이며 바깥사랑에 거주했다고 진술,,,UNSPECIFIED,,UNSPECIFIED,TESTIMONY,IDENTITY_RELATION,,NOT_APPLICABLE,,DIRECTLY_STATED,명업|구순|남편,
AP0074,P0048,1:1,,COPY,SRC2_006,1793-06-13,명업,TESTIMONY,EMBEDDED_ATTESTATION,2,명업,나복,나복,2월 22일 밤 명업에게 도적이 들었다고 알렸다고 진술됨,,1793-02-22 밤,DAY_NIGHT,,UNSPECIFIED,NESTED_TESTIMONY,THEFT_REALITY,,NOT_APPLICABLE,,DIRECTLY_STATED,나복|명업,
AP0075,P0049,P0049-a,THIEVES_ENTERED,SPLIT,SRC2_006,1793-06-13,명업,TESTIMONY,EMBEDDED_ATTESTATION,2,명업,나복,나복,도적이 들어왔다고 말했다고 진술됨,,1793-02-22 밤,DAY_NIGHT,,UNSPECIFIED,NESTED_TESTIMONY,THEFT_DESCRIPTION,,NOT_APPLICABLE,UG_P0049,DIRECTLY_STATED,나복,"P0049에서 분리(P0049-a, THIEVES_ENTERED). 도적 수·자칭·피해 규모는 나복 발언을 명업이 전한 중첩 진술."
AP0076,P0049,P0049-b,THIEF_COUNT,SPLIT,SRC2_006,1793-06-13,명업,TESTIMONY,EMBEDDED_ATTESTATION,2,명업,나복,나복,들어온 도적이 30여 명이었다고 말했다고 진술됨,,1793-02-22 밤,DAY_NIGHT,,UNSPECIFIED,NESTED_TESTIMONY,THEFT_DESCRIPTION,,NOT_APPLICABLE,UG_P0049,DIRECTLY_STATED,나복,"P0049에서 분리(P0049-b, THIEF_COUNT). 도적 수·자칭·피해 규모는 나복 발언을 명업이 전한 중첩 진술."
AP0077,P0049,P0049-c,TORCHES,SPLIT,SRC2_006,1793-06-13,명업,TESTIMONY,EMBEDDED_ATTESTATION,2,명업,나복,나복,도적이 횃불을 들고 들어왔다고 말했다고 진술됨,,1793-02-22 밤,DAY_NIGHT,,UNSPECIFIED,NESTED_TESTIMONY,THEFT_DESCRIPTION,,NOT_APPLICABLE,UG_P0049,DIRECTLY_STATED,나복,"P0049에서 분리(P0049-c, TORCHES). 도적 수·자칭·피해 규모는 나복 발언을 명업이 전한 중첩 진술."
AP0078,P0049,P0049-d,SELF_DESIGNATION,SPLIT,SRC2_006,1793-06-13,명업,TESTIMONY,EMBEDDED_ATTESTATION,3,명업,나복 > 도적(자칭),나복,도적이 지세대감이라 자칭했다고 말했다고 진술됨,,1793-02-22 밤,DAY_NIGHT,,UNSPECIFIED,NESTED_TESTIMONY,JISE_ORIGIN,JISE_ORIGIN,NOT_APPLICABLE,UG_P0049,DIRECTLY_STATED,나복,"P0049에서 분리(P0049-d, SELF_DESIGNATION). 도적 수·자칭·피해 규모는 나복 발언을 명업이 전한 중첩 진술."
AP0079,P0049,P0049-e,THEFT_OF_GOODS,SPLIT,SRC2_006,1793-06-13,명업,TESTIMONY,EMBEDDED_ATTESTATION,2,명업,나복,나복,도적이 돈과 물품을 훔쳤다고 말했다고 진술됨,,1793-02-22 밤,DAY_NIGHT,,UNSPECIFIED,NESTED_TESTIMONY,THEFT_DESCRIPTION,,NOT_APPLICABLE,UG_P0049,DIRECTLY_STATED,나복,"P0049에서 분리(P0049-e, THEFT_OF_GOODS). 도적 수·자칭·피해 규모는 나복 발언을 명업이 전한 중첩 진술."
AP0080,P0050,1:1,,COPY,SRC2_006,1793-06-13,명업,TESTIMONY,OUTER_ATTESTATION,1,명업,,김명신,본래 구순과 친숙하여 날마다 왕래했다고 진술,,,UNSPECIFIED,,UNSPECIFIED,TESTIMONY,RELATIONSHIP,,NOT_APPLICABLE,,DIRECTLY_STATED,김명신|구순,
AP0081,P0051,1:1,,COPY,SRC2_006,1793-06-13,명업,TESTIMONY,OUTER_ATTESTATION,1,명업,,김명신,2월 초 박거사 일로 구순에게 편지를 보내 힐책했다고 진술,,1793-02 초순,EARLY_MONTH,,UNSPECIFIED,TESTIMONY,RELATIONSHIP_CONFLICT,,NOT_APPLICABLE,,DIRECTLY_STATED,김명신|구순,
AP0082,P0052,1:1,,COPY,SRC2_006,1793-06-13,명업,TESTIMONY,OUTER_ATTESTATION,1,명업,,구순·김명신,그 뒤 왕래가 끊겼다고 진술,,1793-02 초순 이후,AFTER_EARLY_MONTH,,UNSPECIFIED,TESTIMONY,RELATIONSHIP_CONFLICT,,NOT_APPLICABLE,,DIRECTLY_STATED,구순|김명신,
AP0083,P0053,P0053-a,COMPLAINT_FILED,SPLIT,SRC2_006,1793-06-13,명업,TESTIMONY,OUTER_ATTESTATION,1,명업,,구순,소장을 올렸다고 진술,,,UNSPECIFIED,,UNSPECIFIED,TESTIMONY,COMPLAINT,,NOT_APPLICABLE,UG_P0053,DIRECTLY_STATED,구순,"P0053에서 분리(P0053-a, COMPLAINT_FILED)."
AP0084,P0053,P0053-b,ARREST_ORDER_FROM_COMPLAINT,SPLIT,SRC2_006,1793-06-13,명업,TESTIMONY,OUTER_ATTESTATION,1,명업,,구순,그 소장으로 체포령이 내려졌다고 진술,,,UNSPECIFIED,,UNSPECIFIED,TESTIMONY,COMPLAINT_ARREST_ORDER,,NOT_APPLICABLE,UG_P0053,DIRECTLY_STATED,구순,"P0053에서 분리(P0053-b, ARREST_ORDER_FROM_COMPLAINT)."
AP0085,P0054,1:1,,COPY,SRC2_006,1793-06-13,명업,TESTIMONY,OUTER_ATTESTATION,1,명업,,구순,찾아온 장교 한 명을 안행랑으로 불러 조용히 대화했다고 진술,장교 1명,,UNSPECIFIED,구순 집 안행랑,EXPLICIT,TESTIMONY,PRIVATE_CONTACT,,NOT_APPLICABLE,,DIRECTLY_STATED,구순,
AP0086,P0055,P0055-a,INITIAL_TRUTHFUL_TESTIMONY,SPLIT,SRC2_006,1793-06-13,명업,TESTIMONY,OUTER_ATTESTATION,1,명업,,명업,병영 뜰 공초에서 처음에는 사실대로 말했다고 진술,,,UNSPECIFIED,병영 뜰,EXPLICIT,TESTIMONY,TESTIMONY_CHANGE,,NOT_APPLICABLE,UG_P0055,DIRECTLY_STATED,명업,"P0055에서 분리(P0055-a, INITIAL_TRUTHFUL_TESTIMONY)."
AP0087,P0055,P0055-b,FEAR_OF_THREAT,SPLIT,SRC2_006,1793-06-13,명업,TESTIMONY,OUTER_ATTESTATION,1,명업,,명업,위협이 두려웠다고 진술,,,UNSPECIFIED,,UNSPECIFIED,TESTIMONY,TESTIMONY_CHANGE,,NOT_APPLICABLE,UG_P0055,DIRECTLY_STATED,명업,"P0055에서 분리(P0055-b, FEAR_OF_THREAT)."
AP0088,P0055,P0055-c,TESTIMONY_CHANGED,SPLIT,SRC2_006,1793-06-13,명업,TESTIMONY,OUTER_ATTESTATION,1,명업,,명업,도적이 없었다는 취지로 진술을 바꾸었다고 진술,도적이 없었다는 취지,,UNSPECIFIED,병영 뜰,EXPLICIT,TESTIMONY,TESTIMONY_CHANGE,,NOT_APPLICABLE,UG_P0055,DIRECTLY_STATED,명업,"P0055에서 분리(P0055-c, TESTIMONY_CHANGED)."
AP0089,P0055,P0055-d,CHANGE_CAUSE,SPLIT,SRC2_006,1793-06-13,명업,TESTIMONY,OUTER_ATTESTATION,1,명업,,명업,위협이 두려워 진술을 바꾸었다고 진술,,,UNSPECIFIED,,UNSPECIFIED,TESTIMONY,TESTIMONY_CHANGE,,NOT_APPLICABLE,UG_P0055,DIRECTLY_STATED,명업,"P0055에서 분리(P0055-d, CHANGE_CAUSE)."
AP0090,P0056,1:1,,COPY,SRC2_006,1793-06-13,이진욱,TESTIMONY,OUTER_ATTESTATION,1,이진욱,,병영,2월 28일 밤 이진욱을 비장청으로 부름,이진욱,1793-02-28 밤,DAY_NIGHT,비장청,EXPLICIT,TESTIMONY,SUMMON,,NOT_APPLICABLE,,DIRECTLY_STATED,이진욱,
AP0091,P0057,1:1,,COPY,SRC2_006,1793-06-13,이진욱,TESTIMONY,OUTER_ATTESTATION,1,이진욱,,한재욱,이진욱·조계완 등에게 덕평으로 가도록 지시했다고 진술,이진욱·조계완 등,1793-02-28 밤,DAY_NIGHT,비장청,EXPLICIT,TESTIMONY,DISPATCH,,OPEN_SET_EXPLICIT_MEMBERS,,DIRECTLY_STATED,한재욱|이진욱|조계완,보고된 지시 발화자: 한재욱(지시는 참/거짓 명제가 아님). set_status 정규화: raw NOT_APPLICABLE → OPEN_SET_EXPLICIT_MEMBERS (06 근거).
AP0092,P0058,1:1,,COPY,SRC2_006,1793-06-13,이진욱,TESTIMONY,OUTER_ATTESTATION,1,이진욱,,한재욱,변지돌과 정원돌을 잡아오라고 지시했다고 진술,변지돌·정원돌,1793-02-28 밤,DAY_NIGHT,,UNSPECIFIED,TESTIMONY,ARREST_ORDER,,NOT_APPLICABLE,,DIRECTLY_STATED,한재욱|변지돌|정원돌,보고된 지시 발화자: 한재욱(지시는 참/거짓 명제가 아님).
AP0093,P0059,1:1,,COPY,SRC2_006,1793-06-13,이진욱,TESTIMONY,OUTER_ATTESTATION,1,이진욱,,한재욱,철편 네 개를 만들어 주었다고 진술,철편 4개,1793-02-28 밤~29 새벽,OVERNIGHT,,UNSPECIFIED,TESTIMONY,OPERATION_PREP,,NOT_APPLICABLE,,DIRECTLY_STATED,한재욱,원문 주어는 문맥상 한재욱 공초가 아니라 이진욱 공초 안의 한재욱 행위로 읽힘.
AP0094,P0060,P0060-a,KINSHIP,SPLIT,SRC2_006,1793-06-13,이진욱,TESTIMONY,EMBEDDED_ATTESTATION,2,이진욱,한재욱,한재욱,변지돌과 정원돌이 처남매부 사이라고 말했다고 진술,,,UNSPECIFIED,,UNSPECIFIED,TESTIMONY,IDENTITY_RELATION,,NOT_APPLICABLE,UG_P0060,DIRECTLY_STATED,한재욱|변지돌|정원돌,"P0060에서 분리(P0060-a, KINSHIP)."
AP0095,P0060,P0060-b,STRENGTH,SPLIT,SRC2_006,1793-06-13,이진욱,TESTIMONY,EMBEDDED_ATTESTATION,2,이진욱,한재욱,한재욱,변지돌이 힘이 세다고 말했다고 진술,,,UNSPECIFIED,,UNSPECIFIED,TESTIMONY,ARREST_PRECAUTION,,NOT_APPLICABLE,UG_P0060,DIRECTLY_STATED,한재욱|변지돌,"P0060에서 분리(P0060-b, STRENGTH)."
AP0096,P0060,P0060-c,CAUTION_DIRECTIVE,SPLIT,SRC2_006,1793-06-13,이진욱,TESTIMONY,OUTER_ATTESTATION,1,이진욱,,한재욱,조심하라고 말했다고 진술,,,UNSPECIFIED,,UNSPECIFIED,TESTIMONY,ARREST_PRECAUTION,,NOT_APPLICABLE,UG_P0060,DIRECTLY_STATED,한재욱,"P0060에서 분리(P0060-c, CAUTION_DIRECTIVE). 보고된 지시 발화자: 한재욱(주의 지시는 참/거짓 명제가 아님)."
AP0097,P0061,1:1,,COPY,SRC2_006,1793-06-13,이진욱,TESTIMONY,OUTER_ATTESTATION,1,이진욱,,변지돌,이미 공주진에서 잡혀간 상태였다고 진술,,1793-02-29,DAY,공주진,EXPLICIT,TESTIMONY,CUSTODY,,NOT_APPLICABLE,,DIRECTLY_STATED,변지돌,
AP0098,P0062,P0062-a,APPREHENSION,SPLIT,SRC2_006,1793-06-13,이진욱,TESTIMONY,OUTER_ATTESTATION,1,이진욱,,이진욱 등 장교,자미덕을 잡았다고 진술,자미덕,1793-02-29,DAY,,UNSPECIFIED,TESTIMONY,APPREHENSION,,OPEN_SET_EXPLICIT_MEMBERS,UG_P0062,DIRECTLY_STATED,이진욱|자미덕,"P0062에서 분리(P0062-a, APPREHENSION). set_status 정규화: raw NOT_APPLICABLE → OPEN_SET_EXPLICIT_MEMBERS (06 근거)."
AP0099,P0062,P0062-b,ONLY_JAMIDEOK,SPLIT,SRC2_006,1793-06-13,이진욱,TESTIMONY,OUTER_ATTESTATION,1,이진욱,,이진욱 등 장교,잡은 사람이 자미덕뿐이었다고 진술,자미덕,1793-02-29,DAY,,UNSPECIFIED,TESTIMONY,APPREHENSION,,OPEN_SET_EXPLICIT_MEMBERS,UG_P0062,DIRECTLY_STATED,이진욱|자미덕,"P0062에서 분리(P0062-b, ONLY_JAMIDEOK). set_status 정규화: raw NOT_APPLICABLE → OPEN_SET_EXPLICIT_MEMBERS (06 근거)."
AP0100,P0062,P0062-c,KINSHIP_WIFE_OF_JAEDOL,SPLIT,SRC2_006,1793-06-13,이진욱,TESTIMONY,OUTER_ATTESTATION,1,이진욱,,자미덕,재돌의 처라고 진술,,,UNSPECIFIED,,UNSPECIFIED,TESTIMONY,IDENTITY_RELATION,,NOT_APPLICABLE,UG_P0062,DIRECTLY_STATED,자미덕|재돌,"P0062에서 분리(P0062-c, KINSHIP_WIFE_OF_JAEDOL)."
AP0101,P0062,P0062-d,KINSHIP_BROTHER_OF_BYEONJIDOL,SPLIT,SRC2_006,1793-06-13,이진욱,TESTIMONY,OUTER_ATTESTATION,1,이진욱,,재돌,변지돌의 아우라고 진술,,,UNSPECIFIED,,UNSPECIFIED,TESTIMONY,IDENTITY_RELATION,,NOT_APPLICABLE,UG_P0062,DIRECTLY_STATED,재돌|변지돌,"P0062에서 분리(P0062-d, KINSHIP_BROTHER_OF_BYEONJIDOL)."
AP0102,P0063,1:1,,COPY,SRC2_006,1793-06-13,이진욱,TESTIMONY,OUTER_ATTESTATION,1,이진욱,,장교 일행,자미덕을 데리고 구순 집으로 가 도난 상황을 물었다고 진술,구순,1793-02-29,DAY,구순 집,EXPLICIT,TESTIMONY,INTERROGATION,,OPEN_SET,,DIRECTLY_STATED,장교 일행|자미덕|구순,set_status 정규화: raw NOT_APPLICABLE → OPEN_SET (06 근거).
AP0103,P0064,1:1,,COPY,SRC2_006,1793-06-13,이진욱,TESTIMONY,EMBEDDED_ATTESTATION,2,이진욱,구순,구순,잃은 물건들을 열거했다고 진술됨,,1793-02-29,DAY,구순 집,EXPLICIT,NESTED_TESTIMONY,THEFT_DESCRIPTION,,NOT_APPLICABLE,,DIRECTLY_STATED,구순,
AP0104,P0065,1:1,,COPY,SRC2_006,1793-06-13,이진욱,TESTIMONY,EMBEDDED_ATTESTATION,3,이진욱,구순 > 도적(자칭),구순,도적이 스스로 지세대사라고 자칭했다고 말했다고 진술됨,,1793-02-29,DAY,구순 집,EXPLICIT,NESTED_TESTIMONY,JISE_ORIGIN,JISE_ORIGIN,NOT_APPLICABLE,,DIRECTLY_STATED,구순,
AP0105,P0066,1:1,,COPY,SRC2_006,1793-06-13,이진욱,TESTIMONY,OUTER_ATTESTATION,1,이진욱,,병사 이광섭,3월 4일 풍각 김생원과 흥덕 김생원을 잡아오라고 지시했다고 진술,풍각 김생원·흥덕 김생원,1793-03-04,DAY,,UNSPECIFIED,TESTIMONY,ARREST_ORDER,,NOT_APPLICABLE,,DIRECTLY_STATED,병사|이광섭|풍각 김생원|흥덕 김생원,보고된 지시 발화자: 이광섭. object_or_content: raw 값 '김명신·김갑득'는 신원 해소 결과이므로 predicate의 surface form '풍각 김생원·흥덕 김생원'로 둠(08 참조).
AP0106,P0067,1:1,,COPY,SRC2_006,1793-06-13,이진욱,TESTIMONY,OUTER_ATTESTATION,1,이진욱,,풍각 김생원,김명신으로 식별됨,,1793-03-04,DAY,,UNSPECIFIED,TESTIMONY,IDENTITY,,NOT_APPLICABLE,,DIRECTLY_STATED,풍각 김생원|김명신,
AP0107,P0068,1:1,,COPY,SRC2_006,1793-06-13,이진욱,TESTIMONY,OUTER_ATTESTATION,1,이진욱,,흥덕 김생원,김갑득으로 식별됨,,1793-03-04,DAY,,UNSPECIFIED,TESTIMONY,IDENTITY,,NOT_APPLICABLE,,DIRECTLY_STATED,흥덕 김생원|김갑득,
AP0108,P0069,1:1,,COPY,SRC2_006,1793-06-13,이진욱,TESTIMONY,OUTER_ATTESTATION,1,이진욱,,장교 일행,병사 분부에 따라 김명신과 김갑득을 잡아왔다고 진술,김명신·김갑득,1793-03-04,DAY,,UNSPECIFIED,TESTIMONY,APPREHENSION,,OPEN_SET,,DIRECTLY_STATED,장교 일행|병사|김명신|김갑득,set_status 정규화: raw NOT_APPLICABLE → OPEN_SET (06 근거).
AP0109,P0070,1:1,,COPY,SRC2_006,1793-06-13,조계완,TESTIMONY,OUTER_ATTESTATION,1,조계완,,조계완,풍각 김생원을 잡으러 가는 길에 구순 집에 들렀다고 진술,,1793-03-04,DAY,구순 집,EXPLICIT,TESTIMONY,PRIVATE_CONTACT,,NOT_APPLICABLE,,DIRECTLY_STATED,조계완|풍각 김생원|구순,
AP0110,P0071,1:1,,COPY,SRC2_006,1793-06-13,조계완,TESTIMONY,OUTER_ATTESTATION,1,조계완,,구순,왜 다시 왔는지 물었다고 진술됨,조계완,1793-03-04,DAY,,UNSPECIFIED,NESTED_TESTIMONY,QUESTION,,NOT_APPLICABLE,,DIRECTLY_STATED,구순|조계완,보고된 질문 발화자: 구순.
AP0111,P0072,1:1,,COPY,SRC2_006,1793-06-13,조계완,TESTIMONY,EMBEDDED_ATTESTATION,2,조계완,조계완(본인 과거 발화),조계완,풍각의 상주를 잡으러 왔다고 답했다고 진술,,1793-03-04,DAY,,UNSPECIFIED,TESTIMONY,RESPONSE,,NOT_APPLICABLE,,DIRECTLY_STATED,조계완|풍각의 상주,
AP0112,P0073,1:1,,COPY,SRC2_006,1793-06-13,조계완,TESTIMONY,EMBEDDED_ATTESTATION,2,조계완,구순,구순,이제야 도적 다스리는 일이 바른 길을 얻었다는 취지로 말했다고 진술됨,,1793-03-04,DAY,,UNSPECIFIED,NESTED_TESTIMONY,REACTION_TO_ARREST,,NOT_APPLICABLE,,DIRECTLY_STATED,구순,
AP0113,P0074,1:1,,COPY,SRC2_006,1793-06-13,조계완,TESTIMONY,OUTER_ATTESTATION,1,조계완,,구순,서찰 한 장을 건네며 병사에게 전해달라고 요구했다고 진술됨,조계완,1793-03-04,DAY,,UNSPECIFIED,NESTED_TESTIMONY,DOCUMENT_TRANSFER,,NOT_APPLICABLE,,DIRECTLY_STATED,구순|병사|조계완,보고된 요구 발화자: 구순. OPTIONAL이라 미분리.
AP0114,P0075,1:1,,COPY,SRC2_006,1793-06-13,자미덕,TESTIMONY,OUTER_ATTESTATION,1,자미덕,,재돌,아산에 나가 있었다고 진술,,자미덕 체포 전,RELATIVE_ONLY,아산,EXPLICIT,TESTIMONY,PERSON_LOCATION,,NOT_APPLICABLE,,DIRECTLY_STATED,재돌,
AP0115,P0076,1:1,,COPY,SRC2_006,1793-06-13,자미덕,TESTIMONY,OUTER_ATTESTATION,1,자미덕,,병영 장교,자미덕을 병영으로 붙잡아 갔다고 진술,자미덕,,UNSPECIFIED,,UNSPECIFIED,TESTIMONY,APPREHENSION,,NOT_APPLICABLE,,DIRECTLY_STATED,자미덕,
AP0116,P0077,1:1,,COPY,SRC2_006,1793-06-13,자미덕,TESTIMONY,OUTER_ATTESTATION,1,자미덕,,병영,자미덕을 도적이라고 하며 한 차례 신문했다고 진술,자미덕,,UNSPECIFIED,병영,EXPLICIT,TESTIMONY,INTERROGATION,,NOT_APPLICABLE,,DIRECTLY_STATED,자미덕,embedded 발화(병영이 자미덕을 도적이라 함) 포함. OPTIONAL이라 미분리.
AP0117,P0078,1:1,,COPY,SRC2_006,1793-06-13,자미덕,TESTIMONY,OUTER_ATTESTATION,1,자미덕,,자미덕,신문 뒤 비장청 다모방에 구류되었다고 진술,,,UNSPECIFIED,비장청 다모방,EXPLICIT,TESTIMONY,DETENTION,,NOT_APPLICABLE,,DIRECTLY_STATED,자미덕,
AP0118,P0079,1:1,,COPY,SRC2_006,1793-06-13,자미덕,TESTIMONY,OUTER_ATTESTATION,1,자미덕,,한 비장,그 후 매일 자미덕을 방안으로 불러들였다고 진술,자미덕,,UNSPECIFIED,,UNSPECIFIED,TESTIMONY,COACHING,COACHING,NOT_APPLICABLE,,DIRECTLY_STATED,한 비장|자미덕,
AP0119,P0080,1:1,,COPY,SRC2_006,1793-06-13,자미덕,TESTIMONY,EMBEDDED_ATTESTATION,2,자미덕,한 비장,한 비장,자미덕의 남편 재돌이 이미 체포되었다고 말했다고 진술,,,UNSPECIFIED,,UNSPECIFIED,TESTIMONY,COACHING,COACHING,NOT_APPLICABLE,,DIRECTLY_STATED,한 비장|자미덕|남편|재돌,
AP0120,P0081,P0081-a,CONDITION,SPLIT,SRC2_006,1793-06-13,자미덕,TESTIMONY,EMBEDDED_ATTESTATION,2,자미덕,한 비장,한 비장,'정원돌·이집거·김갑득·김성손·김흥득 등을 큰 도적들이라고 말하면'이라는 조건을 말했다고 진술,,,UNSPECIFIED,,UNSPECIFIED,TESTIMONY,COACHING,COACHING,OPEN_SET_EXPLICIT_MEMBERS,UG_P0081,DIRECTLY_STATED,한 비장|정원돌|이집거|김갑득|김성손|김흥득,"P0081에서 분리(P0081-a, CONDITION). '등'이 있으므로 명시된 5명 외 추가 대상 가능성을 닫지 않음. 명시 구성원 5명 + '등'(open set). 조건문의 앞부분이며 명령·지목 요구로 바꾸지 않음."
AP0121,P0081,P0081-b,RELEASE_PROMISE,SPLIT,SRC2_006,1793-06-13,자미덕,TESTIMONY,EMBEDDED_ATTESTATION,2,자미덕,한 비장,한 비장,그 조건을 충족하면 자미덕과 남편을 다음 날 석방하겠다고 말했다고 진술,,,UNSPECIFIED,,UNSPECIFIED,TESTIMONY,COACHING,COACHING,NOT_APPLICABLE,UG_P0081,DIRECTLY_STATED,한 비장|자미덕|남편,"P0081에서 분리(P0081-b, RELEASE_PROMISE). '등'이 있으므로 명시된 5명 외 추가 대상 가능성을 닫지 않음. 조건문의 뒷부분. 수혜자(자미덕·남편)는 대상 명단 구성원이 아님."
AP0122,P0082,1:1,,COPY,SRC2_006,1793-06-13,자미덕,TESTIMONY,OUTER_ATTESTATION,1,자미덕,,한 비장,자미덕에게 떡과 밥을 주었다고 진술,자미덕,,UNSPECIFIED,,UNSPECIFIED,TESTIMONY,COACHING,COACHING,NOT_APPLICABLE,,DIRECTLY_STATED,한 비장|자미덕,
AP0123,P0083,1:1,,COPY,SRC2_006,1793-06-13,자미덕,TESTIMONY,OUTER_ATTESTATION,1,자미덕,,자미덕·이집거,서로 대질했다고 진술,,,UNSPECIFIED,,UNSPECIFIED,TESTIMONY,CONFRONTATION,,NOT_APPLICABLE,,DIRECTLY_STATED,자미덕|이집거,대질은 두 당사자가 참여하는 사건으로 보존; 단방향 actor-target로 축약하지 않음.
AP0124,P0084,P0084-a,FALSE_STATEMENT_ADMISSION,SPLIT,SRC2_006,1793-06-13,자미덕,TESTIMONY,OUTER_ATTESTATION,1,자미덕,,자미덕,이집거와 대질할 때 자신이 거짓으로 꾸며 말했다고 진술,,,UNSPECIFIED,,UNSPECIFIED,TESTIMONY,COACHING,COACHING,NOT_APPLICABLE,UG_P0084,DIRECTLY_STATED,자미덕|이집거,"P0084에서 분리(P0084-a, FALSE_STATEMENT_ADMISSION). 거짓말의 구체 내용이 무엇인지 이 문장만으로 추가 특정하지 않음. 거짓 발언의 구체 내용·대상은 원문에 없으므로 생성하지 않음."
AP0125,P0084,P0084-b,DIRECTED_BY_HAN_BIJANG,SPLIT,SRC2_006,1793-06-13,자미덕,TESTIMONY,OUTER_ATTESTATION,1,자미덕,,자미덕,그 거짓 발언이 한 비장의 지휘에 따른 것이었다고 진술,,,UNSPECIFIED,,UNSPECIFIED,TESTIMONY,COACHING,COACHING,NOT_APPLICABLE,UG_P0084,DIRECTLY_STATED,자미덕|한 비장,"P0084에서 분리(P0084-b, DIRECTED_BY_HAN_BIJANG). 거짓말의 구체 내용이 무엇인지 이 문장만으로 추가 특정하지 않음."
AP0126,P0085,1:1,,COPY,SRC2_006,1793-06-13,한재욱,TESTIMONY,OUTER_ATTESTATION,1,한재욱,,구순,구순 집 도난이 진영에 정소된 뒤였다고 진술,,,UNSPECIFIED,,UNSPECIFIED,TESTIMONY,COMPLAINT,,NOT_APPLICABLE,,DIRECTLY_STATED,구순,
AP0127,P0086,P0086-a,DISPATCH,SPLIT,SRC2_006,1793-06-13,한재욱,TESTIMONY,OUTER_ATTESTATION,1,한재욱,,한재욱,병영 아전 유제희를 내보냈다고 진술,유제희,,UNSPECIFIED,,UNSPECIFIED,TESTIMONY,DISPATCH,,NOT_APPLICABLE,UG_P0086,DIRECTLY_STATED,한재욱|아전|유제희,"P0086에서 분리(P0086-a, DISPATCH)."
AP0128,P0086,P0086-b,DISPATCH_PURPOSE,SPLIT,SRC2_006,1793-06-13,한재욱,TESTIMONY,OUTER_ATTESTATION,1,한재욱,,한재욱,유제희를 내보낸 목적이 도적 진상 탐지였다고 진술,유제희,,UNSPECIFIED,,UNSPECIFIED,TESTIMONY,DISPATCH,,NOT_APPLICABLE,UG_P0086,DIRECTLY_STATED,한재욱|유제희,"P0086에서 분리(P0086-b, DISPATCH_PURPOSE)."
AP0129,P0087,1:1,,COPY,SRC2_006,1793-06-13,한재욱,TESTIMONY,EMBEDDED_ATTESTATION,2,한재욱,유제희(기록 명단),유제희,변지돌·변재돌·정원돌·김명신·김성손·김흥득·김흥길 등의 성명을 적어왔다고 진술됨,,,UNSPECIFIED,,UNSPECIFIED,NESTED_TESTIMONY,SUSPECT_LIST,,OPEN_SET_EXPLICIT_MEMBERS,,DIRECTLY_STATED,유제희|변지돌|변재돌|정원돌|김명신|김성손|김흥득|김흥길,'등'이 있으므로 7명이 명시되지만 폐쇄형 완전 명단으로 보지 않음.
AP0130,P0088,1:1,,COPY,SRC2_006,1793-06-13,한재욱,TESTIMONY,EMBEDDED_ATTESTATION,2,한재욱,유제희,유제희,그 이름들을 자신이 직접 염탐해 알아냈다고 말했다고 진술됨,,,UNSPECIFIED,,UNSPECIFIED,NESTED_TESTIMONY,SUSPECT_LIST_ORIGIN,,NOT_APPLICABLE,,DIRECTLY_STATED,유제희,
AP0131,P0089,P0089-a,CALLED_INTO_ROOM,SPLIT,SRC2_006,1793-06-13,한재욱,TESTIMONY,OUTER_ATTESTATION,1,한재욱,,한재욱,자미덕을 방안으로 불렀다고 인정,자미덕,,UNSPECIFIED,,UNSPECIFIED,TESTIMONY,COACHING,COACHING,NOT_APPLICABLE,UG_P0089,DIRECTLY_STATED,한재욱|자미덕,"P0089에서 분리(P0089-a, CALLED_INTO_ROOM)."
AP0132,P0089,P0089-b,GAVE_LEFTOVER_RICE,SPLIT,SRC2_006,1793-06-13,한재욱,TESTIMONY,OUTER_ATTESTATION,1,한재욱,,한재욱,자미덕에게 남은 밥을 주었다고 인정,자미덕,,UNSPECIFIED,,UNSPECIFIED,TESTIMONY,COACHING,COACHING,NOT_APPLICABLE,UG_P0089,DIRECTLY_STATED,한재욱|자미덕,"P0089에서 분리(P0089-b, GAVE_LEFTOVER_RICE)."
AP0133,P0090,P0090-a,SEOKDAN_TESTIMONY_REPORT,SPLIT,SRC2_006,1793-06-13,한재욱,TESTIMONY,EMBEDDED_ATTESTATION,3,한재욱,유제희 > 석단(공초),유제희,석단 공초에서 김명신이 도적 괴수라고 했다고 말했다고 진술됨,,,UNSPECIFIED,,UNSPECIFIED,NESTED_TESTIMONY,SEOKDAN_INFORMATION,,NOT_APPLICABLE,UG_P0090,DIRECTLY_STATED,유제희|석단|김명신,"P0090에서 분리(P0090-a, SEOKDAN_TESTIMONY_REPORT)."
AP0134,P0090,P0090-b,REASK_SUGGESTION,SPLIT,SRC2_006,1793-06-13,한재욱,TESTIMONY,OUTER_ATTESTATION,1,한재욱,,유제희,자미덕에게 다시 물어보라고 말했다고 진술됨,,,UNSPECIFIED,,UNSPECIFIED,NESTED_TESTIMONY,INTERROGATION,,NOT_APPLICABLE,UG_P0090,DIRECTLY_STATED,유제희|자미덕,"P0090에서 분리(P0090-b, REASK_SUGGESTION). 보고된 권유 발화자: 유제희(권유는 참/거짓 명제가 아님)."
AP0135,P0091,P0091-a,REASKED,SPLIT,SRC2_006,1793-06-13,한재욱,TESTIMONY,OUTER_ATTESTATION,1,한재욱,,한재욱,자미덕에게 다시 물었다고 진술,자미덕,,UNSPECIFIED,,UNSPECIFIED,TESTIMONY,INTERROGATION,,NOT_APPLICABLE,UG_P0091,DIRECTLY_STATED,한재욱|자미덕,"P0091에서 분리(P0091-a, REASKED)."
AP0136,P0091,P0091-b,REASK_BASIS,SPLIT,SRC2_006,1793-06-13,한재욱,TESTIMONY,OUTER_ATTESTATION,1,한재욱,,한재욱,다시 물은 것이 유제희 말에 따른 것이었다고 진술,자미덕,,UNSPECIFIED,,UNSPECIFIED,TESTIMONY,INTERROGATION,,NOT_APPLICABLE,UG_P0091,DIRECTLY_STATED,한재욱|유제희|자미덕,"P0091에서 분리(P0091-b, REASK_BASIS)."
AP0137,P0092,1:1,,COPY,SRC2_006,1793-06-13,한재욱,TESTIMONY,EMBEDDED_ATTESTATION,2,한재욱,자미덕,자미덕,재질문에 모른다고 답했다고 진술됨,,,UNSPECIFIED,,UNSPECIFIED,NESTED_TESTIMONY,RESPONSE,,NOT_APPLICABLE,,DIRECTLY_STATED,자미덕,
AP0138,P0093,1:1,,COPY,SRC2_006,1793-06-13,한재욱,TESTIMONY,OUTER_ATTESTATION,1,한재욱,,한재욱,자미덕을 은밀히 사주한 일이 없다고 진술,,,UNSPECIFIED,,UNSPECIFIED,TESTIMONY,COACHING,COACHING,NOT_APPLICABLE,,DIRECTLY_STATED,한재욱|자미덕,
AP0139,P0094,1:1,,COPY,SRC2_006,1793-06-13,한재욱,TESTIMONY,OUTER_ATTESTATION,1,한재욱,,한재욱,구순과 평생 모르는 사이라고 진술,,,UNSPECIFIED,,UNSPECIFIED,TESTIMONY,HAN_GUSUN_RELATION,HAN_GUSUN_RELATION,NOT_APPLICABLE,,DIRECTLY_STATED,한재욱|구순,
AP0140,P0095,1:1,,COPY,SRC2_006,1793-06-13,유제희,TESTIMONY,OUTER_ATTESTATION,1,유제희,,유제희,당초 현지에 가서 탐문했다고 진술,,,UNSPECIFIED,,UNSPECIFIED,TESTIMONY,INQUIRY,,NOT_APPLICABLE,,DIRECTLY_STATED,유제희,
AP0141,P0096,1:1,,COPY,SRC2_006,1793-06-13,유제희,TESTIMONY,EMBEDDED_ATTESTATION,2,유제희,구순,구순,풍각 김상제도 극히 수상하다고 말했다고 진술됨,풍각 김상제,,UNSPECIFIED,,UNSPECIFIED,NESTED_TESTIMONY,SUSPECT_IDENTIFICATION,,NOT_APPLICABLE,,DIRECTLY_STATED,구순|풍각 김상제,object_or_content: raw 값 '김명신'는 신원 해소 결과이므로 predicate의 surface form '풍각 김상제'로 둠(08 참조).
AP0142,P0097,1:1,,COPY,SRC2_006,1793-06-13,유제희,TESTIMONY,OUTER_ATTESTATION,1,유제희,,유제희,그 말을 원돌 등의 이름과 함께 기록해 올렸다고 진술,,,UNSPECIFIED,,UNSPECIFIED,TESTIMONY,SUSPECT_LIST_ORIGIN,,OPEN_SET_EXPLICIT_MEMBERS,,DIRECTLY_STATED,유제희|원돌,기록에 구순의 '그 말'(P0096)이 포함됨. OPTIONAL이라 미분리. set_status 정규화: raw OPEN_SET → OPEN_SET_EXPLICIT_MEMBERS (06 근거).
AP0143,P0098,1:1,,COPY,SRC2_006,1793-06-13,홍대협,OFFICIAL_FINDING,OUTER_ATTESTATION,1,홍대협,,홍대협,약간의 도난은 실제였다고 판단,,,UNSPECIFIED,,UNSPECIFIED,OFFICIAL_FINDING,THEFT_REALITY,THEFT_REALITY,NOT_APPLICABLE,,DIRECTLY_STATED,홍대협,
AP0144,P0099,1:1,,COPY,SRC2_006,1793-06-13,홍대협,OFFICIAL_FINDING,OUTER_ATTESTATION,1,홍대협,,홍대협,도난은 큰 화적 사건이 아니라 보통 좀도둑 수준이었다고 평가,,,UNSPECIFIED,,UNSPECIFIED,OFFICIAL_FINDING,THEFT_SCALE,,NOT_APPLICABLE,,DIRECTLY_STATED,홍대협,
AP0145,P0100,1:1,,COPY,SRC2_006,1793-06-13,홍대협,OFFICIAL_FINDING,OUTER_ATTESTATION,1,홍대협,,지세 호칭 조사,여러 차례 조사와 별도 탐문에도 기원을 확정하지 못함,,,UNSPECIFIED,,UNSPECIFIED,OFFICIAL_FINDING,JISE_ORIGIN,JISE_ORIGIN,NOT_APPLICABLE,,DIRECTLY_STATED,,
AP0146,P0101,P0101-a,EXAGGERATION,SPLIT,SRC2_006,1793-06-13,홍대협,OFFICIAL_EVALUATION,OUTER_ATTESTATION,1,홍대협,,구순,과장했다고 평가,,,UNSPECIFIED,,UNSPECIFIED,OFFICIAL_EVALUATION,COMMAND_FAILURE,,NOT_APPLICABLE,UG_P0101,DIRECTLY_STATED,구순,"P0101에서 분리(P0101-a, EXAGGERATION)."
AP0147,P0101,P0101-b,FALSE_REPORT,SPLIT,SRC2_006,1793-06-13,홍대협,OFFICIAL_EVALUATION,OUTER_ATTESTATION,1,홍대협,,아전,거짓 보고를 했다고 평가,,,UNSPECIFIED,,UNSPECIFIED,OFFICIAL_EVALUATION,COMMAND_FAILURE,,NOT_APPLICABLE,UG_P0101,DIRECTLY_STATED,아전,"P0101에서 분리(P0101-b, FALSE_REPORT). '아전'은 이 row에서 특정되지 않음(08 참조)."
AP0148,P0101,P0101-c,BELIEVED,SPLIT,SRC2_006,1793-06-13,홍대협,OFFICIAL_EVALUATION,OUTER_ATTESTATION,1,홍대협,,이광섭,구순의 과장과 아전의 거짓 보고를 믿었다고 평가,,,UNSPECIFIED,,UNSPECIFIED,OFFICIAL_EVALUATION,COMMAND_FAILURE,,NOT_APPLICABLE,UG_P0101,DIRECTLY_STATED,이광섭|구순|아전,"P0101에서 분리(P0101-c, BELIEVED)."
AP0149,P0101,P0101-d,NO_STOLEN_GOODS,SPLIT,SRC2_006,1793-06-13,홍대협,OFFICIAL_EVALUATION,OUTER_ATTESTATION,1,홍대협,,이광섭,장물이 없는 상태에서 판단했다고 평가,,,UNSPECIFIED,,UNSPECIFIED,OFFICIAL_EVALUATION,EVIDENCE,,NOT_APPLICABLE,UG_P0101,DIRECTLY_STATED,이광섭,"P0101에서 분리(P0101-d, NO_STOLEN_GOODS)."
AP0150,P0101,P0101-e,JUDGED_BIG_THIEVES,SPLIT,SRC2_006,1793-06-13,홍대협,OFFICIAL_EVALUATION,OUTER_ATTESTATION,1,홍대협,,이광섭,큰 도적으로 판단했다고 평가,,,UNSPECIFIED,,UNSPECIFIED,OFFICIAL_EVALUATION,COMMAND_FAILURE,,NOT_APPLICABLE,UG_P0101,DIRECTLY_STATED,이광섭,"P0101에서 분리(P0101-e, JUDGED_BIG_THIEVES)."
AP0151,P0102,1:1,,COPY,SRC2_006,1793-06-13,홍대협,OFFICIAL_EVALUATION,OUTER_ATTESTATION,1,홍대협,,김명신,죽음은 질병 때문이었다고 평가,,,UNSPECIFIED,,UNSPECIFIED,OFFICIAL_EVALUATION,DEATH_CAUSE,DEATH_CAUSE,NOT_APPLICABLE,,DIRECTLY_STATED,김명신,
AP0152,P0103,P0103-a,NO_GOODS_SECURED,SPLIT,SRC2_006,1793-06-13,홍대협,OFFICIAL_EVALUATION,OUTER_ATTESTATION,1,홍대협,,이문협,장물부터 확보하지 않았다고 평가,,,UNSPECIFIED,,UNSPECIFIED,OFFICIAL_EVALUATION,INVESTIGATION_METHOD,,NOT_APPLICABLE,UG_P0103,DIRECTLY_STATED,이문협,"P0103에서 분리(P0103-a, NO_GOODS_SECURED)."
AP0153,P0103,P0103-b,ARRESTED_COMMONERS,SPLIT,SRC2_006,1793-06-13,홍대협,OFFICIAL_EVALUATION,OUTER_ATTESTATION,1,홍대협,,이문협,장교·나졸을 풀어 평민을 잡았다고 평가,,,UNSPECIFIED,,UNSPECIFIED,OFFICIAL_EVALUATION,INVESTIGATION_METHOD,,NOT_APPLICABLE,UG_P0103,DIRECTLY_STATED,이문협,"P0103에서 분리(P0103-b, ARRESTED_COMMONERS)."
AP0154,P0103,P0103-c,BIJANG_DIRECTION,SPLIT,SRC2_006,1793-06-13,홍대협,OFFICIAL_EVALUATION,OUTER_ATTESTATION,1,홍대협,,병영 비장,병영 비장의 지휘가 있었다고 평가,,,UNSPECIFIED,,UNSPECIFIED,OFFICIAL_EVALUATION,INVESTIGATION_METHOD,,NOT_APPLICABLE,UG_P0103,DIRECTLY_STATED,병영 비장,"P0103에서 분리(P0103-c, BIJANG_DIRECTION). 병영 비장은 이 row에서 특정되지 않음(08 참조)."
AP0155,P0103,P0103-d,CHARGES_PER_DIRECTION,SPLIT,SRC2_006,1793-06-13,홍대협,OFFICIAL_EVALUATION,OUTER_ATTESTATION,1,홍대협,,이문협,병영 비장 지휘대로 죄를 얽었다고 평가,,,UNSPECIFIED,,UNSPECIFIED,OFFICIAL_EVALUATION,INVESTIGATION_METHOD,,NOT_APPLICABLE,UG_P0103,DIRECTLY_STATED,이문협|병영 비장,"P0103에서 분리(P0103-d, CHARGES_PER_DIRECTION)."
AP0156,P0104,1:1,,COPY,SRC2_006,1793-06-13,정조,ROYAL_JUDGMENT,OUTER_ATTESTATION,1,정조,,정조,공주목 안핵의 핵심을 도난 여부·김명신 사망 원인·지세 호칭 날조 여부의 세 의안으로 분리,,,UNSPECIFIED,,UNSPECIFIED,ROYAL_JUDGMENT,ISSUE_FRAMING,,NOT_APPLICABLE,,DIRECTLY_STATED,정조|김명신,
AP0157,P0105,1:1,,COPY,SRC2_006,1793-06-13,정조,ROYAL_JUDGMENT,OUTER_ATTESTATION,1,정조,,정조,도난은 실제로 있었다고 판단,,,UNSPECIFIED,,UNSPECIFIED,FINAL_ROYAL_FINDING,THEFT_REALITY,THEFT_REALITY,NOT_APPLICABLE,,DIRECTLY_STATED,정조,
AP0158,P0106,P0106-a,KIM_CAUSE_EPIDEMIC,SPLIT,SRC2_006,1793-06-13,정조,ROYAL_JUDGMENT,OUTER_ATTESTATION,1,정조,,정조,김명신이 전염병에 걸려 죽은 것으로 판단,,,UNSPECIFIED,,UNSPECIFIED,FINAL_ROYAL_FINDING,DEATH_CAUSE,DEATH_CAUSE,NOT_APPLICABLE,UG_P0106,DIRECTLY_STATED,정조|김명신,"P0106에서 분리(P0106-a, KIM_CAUSE_EPIDEMIC)."
AP0159,P0106,P0106-b,WIFE_CAUSE_EPIDEMIC,SPLIT,SRC2_006,1793-06-13,정조,ROYAL_JUDGMENT,OUTER_ATTESTATION,1,정조,,정조,김명신 부처 중 처가 전염병에 걸려 죽은 것으로 판단,,,UNSPECIFIED,,UNSPECIFIED,FINAL_ROYAL_FINDING,DEATH_CAUSE,DEATH_CAUSE,NOT_APPLICABLE,UG_P0106,DIRECTLY_STATED,정조|김명신 부처,"P0106에서 분리(P0106-b, WIFE_CAUSE_EPIDEMIC). 원문 '김명신 부처'의 처 쪽. P0026과 해석이 다를 수 있음(관계는 만들지 않음)."
AP0160,P0107,P0107-a,NOT_BEATEN,SPLIT,SRC2_006,1793-06-13,정조,ROYAL_JUDGMENT,OUTER_ATTESTATION,1,정조,,정조,김명신이 곤장을 맞지 않았다고 판단,,,UNSPECIFIED,,UNSPECIFIED,FINAL_ROYAL_FINDING,TREATMENT_OF_KIM,,NOT_APPLICABLE,UG_P0107,DIRECTLY_STATED,정조|김명신,"P0107에서 분리(P0107-a, NOT_BEATEN)."
AP0161,P0107,P0107-b,NOT_INTERROGATED,SPLIT,SRC2_006,1793-06-13,정조,ROYAL_JUDGMENT,OUTER_ATTESTATION,1,정조,,정조,김명신이 평범한 신문도 받지 않았다고 판단,,,UNSPECIFIED,,UNSPECIFIED,FINAL_ROYAL_FINDING,TREATMENT_OF_KIM,,NOT_APPLICABLE,UG_P0107,DIRECTLY_STATED,정조|김명신,"P0107에서 분리(P0107-b, NOT_INTERROGATED)."
AP0162,P0108,1:1,,COPY,SRC2_006,1793-06-13,정조,ROYAL_JUDGMENT,OUTER_ATTESTATION,1,정조,,정조,지세대감·지세대사·지세랑 호칭은 예전 무식한 좀도둑들도 쓰던 말이라고 판단,,,UNSPECIFIED,,UNSPECIFIED,FINAL_ROYAL_FINDING,JISE_ORIGIN,JISE_ORIGIN,NOT_APPLICABLE,,DIRECTLY_STATED,정조,
AP0163,P0109,1:1,,COPY,SRC2_006,1793-06-13,정조,ROYAL_JUDGMENT,OUTER_ATTESTATION,1,정조,,정조,구순이 지세 호칭을 스스로 만들어냈다는 죄는 면하게 됐다고 판단,,,UNSPECIFIED,,UNSPECIFIED,FINAL_ROYAL_FINDING,JISE_ORIGIN,JISE_ORIGIN,NOT_APPLICABLE,,DIRECTLY_STATED,정조|구순,
AP0164,P0110,1:1,,COPY,SRC2_006,1793-06-13,정조,ROYAL_ORDER,OUTER_ATTESTATION,1,정조,,정조,구순을 사형에서 감해 외딴 섬으로 정배하도록 명함,구순,,UNSPECIFIED,,UNSPECIFIED,ROYAL_ORDER,PUNISHMENT,,NOT_APPLICABLE,,DIRECTLY_STATED,정조|구순,
AP0165,P0111,1:1,,COPY,SRC2_006,1793-06-13,정조,ROYAL_ORDER,OUTER_ATTESTATION,1,정조,,정조,구순을 신지도에 정배함,구순,,UNSPECIFIED,신지도,EXPLICIT,ROYAL_ORDER,PUNISHMENT,,NOT_APPLICABLE,,DIRECTLY_STATED,정조|구순,
AP0166,P0112,1:1,,COPY,SRC2_006,1793-06-13,정조,ROYAL_ORDER,OUTER_ATTESTATION,1,정조,,정조,이광섭을 영동현에 유배함,이광섭,,UNSPECIFIED,영동현,EXPLICIT,ROYAL_ORDER,PUNISHMENT,,NOT_APPLICABLE,,DIRECTLY_STATED,정조|이광섭,
AP0167,P0113,1:1,,COPY,SRC2_006,1793-06-13,정조,ROYAL_ORDER,OUTER_ATTESTATION,1,정조,,정조,병영 비장 한가를 도백이 엄히 세 차례 형장 친 뒤 먼 섬의 종으로 보내도록 명함,한가,,UNSPECIFIED,,UNSPECIFIED,ROYAL_ORDER,PUNISHMENT,,NOT_APPLICABLE,,DIRECTLY_STATED,정조|병영 비장|한가,"기사 앞부분의 '한 비장/한재욱'과 연결되지만, 처분문 자체는 '한가'로 표현."
AP0168,P0114,1:1,,COPY,SRC2_006,1793-06-13,정조,ROYAL_ORDER,OUTER_ATTESTATION,1,정조,,정조,충청도 관찰사 이형원을 파직하도록 명함,이형원,,UNSPECIFIED,,UNSPECIFIED,ROYAL_ORDER,PUNISHMENT,,NOT_APPLICABLE,,DIRECTLY_STATED,정조|이형원,
AP0169,P0115,1:1,,COPY,SRC2_007,1793-06-16,정조,ROYAL_ORDER,OUTER_ATTESTATION,1,정조,,정조,전 충청도 관찰사 이형원을 유임함,이형원,,UNSPECIFIED,,UNSPECIFIED,ROYAL_ORDER,POST_CASE_APPOINTMENT,,NOT_APPLICABLE,,DIRECTLY_STATED,정조|이형원,6월 13일 파직 후 6월 16일의 별도 인사 조치.
AP0170,P0116,1:1,,COPY,SRC2_008,,한국민족문화대백과사전,SECONDARY_REFERENCE,OUTER_ATTESTATION,1,한국민족문화대백과사전,,홍대협,1750년 출생의 문신으로 1793년에 호서안핵어사를 지냈다고 서술,,,UNSPECIFIED,,UNSPECIFIED,SECONDARY_BACKGROUND,BIOGRAPHY,,NOT_APPLICABLE,,DIRECTLY_STATED,홍대협,
AP0171,P0117,1:1,,COPY,SRC2_009,,한국민족문화대백과사전,SECONDARY_REFERENCE,OUTER_ATTESTATION,1,한국민족문화대백과사전,,이형원,1739~1798년 문신으로 관찰사·비변사제조 등을 역임한 인물로 서술,,,UNSPECIFIED,,UNSPECIFIED,SECONDARY_BACKGROUND,BIOGRAPHY,,NOT_APPLICABLE,,DIRECTLY_STATED,이형원|비변사,
