atomic_prop_id,parent_prop_id,decision,projection_mode,event_candidate_id,reason
AP0001,P0001,EVENT_PROJECTABLE,DIRECT,EC0001,
AP0002,P0002,REVIEW_REQUIRED,,,"05 수동검토 대상: '보고됨'이 이형원 자신의 판단인지 구순 측 피해 주장의 전달인지 불명. 같은 장계를 근거로 정조가 '도난 자체가 없었다는 방향'을 받아들인 기록(AP0024)이 있어, OFFICIAL_FINDING으로 구조화하면 의미가 뒤집힐 수 있음."
AP0003,P0003,EVENT_PROJECTABLE,SPEECH_EVENT,EC0002,
AP0004,P0004,EVENT_PROJECTABLE,DIRECT,EC0003,
AP0005,P0004,EVENT_PROJECTABLE,DIRECT,EC0004,
AP0006,P0004,EVENT_PROJECTABLE,DIRECT,EC0005,
AP0007,P0005,EVENT_PROJECTABLE,DIRECT,EC0006,
AP0008,P0006,EVENT_PROJECTABLE,DIRECT,EC0007,
AP0009,P0006,EVENT_PROJECTABLE,DIRECT,EC0008,
AP0010,P0007,EVENT_PROJECTABLE,DIRECT,EC0009,
AP0011,P0007,EVENT_PROJECTABLE,DIRECT,EC0010,
AP0012,P0008,EVENT_PROJECTABLE,CONTENT,EC0011,
AP0013,P0009,EVENT_PROJECTABLE,CONTENT,EC0012,
AP0014,P0010,EVENT_PROJECTABLE,CONTENT,EC0013,
AP0015,P0010,EVENT_PROJECTABLE,CONTENT,EC0014,'그 누명'은 같은 부모(P0010)의 AP0014 내용. 연결 relation은 만들지 않음.
AP0016,P0010,EVENT_PROJECTABLE,CONTENT,EC0015,'그 누명'은 같은 부모(P0010)의 AP0014 내용. 연결 relation은 만들지 않음.
AP0017,P0011,EVENT_PROJECTABLE,CONTENT,EC0016,
AP0018,P0012,EVENT_PROJECTABLE,DIRECT,EC0017,
AP0019,P0012,ATTESTATION_ONLY,,,'방관'은 이문협의 행위에 대한 평가적 성격 규정. 맡김 행위(AP0018)와 별도인 사건을 만들면 평가를 사건으로 바꾸게 됨.
AP0020,P0013,EVENT_PROJECTABLE,DIRECT,EC0018,
AP0021,P0013,EVENT_PROJECTABLE,DIRECT,EC0019,
AP0022,P0014,EVENT_PROJECTABLE,DIRECT,EC0020,
AP0023,P0015,EVENT_PROJECTABLE,DIRECT,EC0021,
AP0024,P0016,EVENT_PROJECTABLE,DIRECT,EC0022,원문: '당시 장계·조사에 따라 도난 자체가 없었다는 방향을 받아들임'. '방향' 표현의 판단 강도에 유의.
AP0025,P0017,EVENT_PROJECTABLE,DIRECT,EC0023,
AP0026,P0018,EVENT_PROJECTABLE,DIRECT,EC0024,원문: 그런 설명이 이치에 맞지 않는다고 판단 — 발생 부정 단정이 아니라 신빙성 부정.
AP0027,P0019,EVENT_PROJECTABLE,DIRECT,EC0025,
AP0028,P0019,EVENT_PROJECTABLE,DIRECT,EC0026,
AP0029,P0020,EVENT_PROJECTABLE,DIRECT,EC0027,
AP0030,P0020,EVENT_PROJECTABLE,DIRECT,EC0028,
AP0031,P0020,EVENT_PROJECTABLE,DIRECT,EC0029,
AP0032,P0021,EVENT_PROJECTABLE,DIRECT,EC0030,
AP0033,P0022,EVENT_PROJECTABLE,DIRECT,EC0031,
AP0034,P0022,EVENT_PROJECTABLE,DIRECT,EC0032,
AP0035,P0023,EVENT_PROJECTABLE,DIRECT,EC0033,
AP0036,P0024,EVENT_PROJECTABLE,DIRECT,EC0034,
AP0037,P0024,EVENT_PROJECTABLE,DIRECT,EC0035,
AP0038,P0025,EVENT_PROJECTABLE,DIRECT,EC0036,
AP0039,P0025,EVENT_PROJECTABLE,DIRECT,EC0037,
AP0040,P0025,EVENT_PROJECTABLE,DIRECT,EC0038,
AP0041,P0025,ATTESTATION_ONLY,,,'원통하게'는 죽음에 대한 도덕적·법적 평가. 사망 자체는 AP0038에서 별도 candidate.
AP0042,P0026,EVENT_PROJECTABLE,DIRECT,EC0039,
AP0043,P0026,EVENT_PROJECTABLE,DIRECT,EC0040,'따라'가 단순 선후인지 인과적 의미인지 미판정.
AP0044,P0027,EVENT_PROJECTABLE,DIRECT,EC0041,
AP0045,P0027,EVENT_PROJECTABLE,DIRECT,EC0042,
AP0046,P0028,EVENT_PROJECTABLE,DIRECT,EC0043,
AP0047,P0029,REVIEW_REQUIRED,,,부모 P0029가 AMBIGUOUS/REVIEW: 발화 주체(정조/비변사 당상) 미확정.
AP0048,P0030,EVENT_PROJECTABLE,DIRECT,EC0044,
AP0049,P0031,EVENT_PROJECTABLE,DIRECT,EC0045,
AP0050,P0032,EVENT_PROJECTABLE,DIRECT,EC0046,원문: '도난이 없었다는 방향의 판단을 보고'.
AP0051,P0033,META_OR_PROCEDURAL,,,안핵관 이조원의 조사 방식에 대한 국왕의 문제 제기(조사 절차 메타 정보).
AP0052,P0033,META_OR_PROCEDURAL,,,안핵관 이조원의 서계 작성 방식에 대한 국왕의 문제 제기(조사 절차 메타 정보).
AP0053,P0034,META_OR_PROCEDURAL,,,국왕이 안핵 쟁점을 묻는 조정 문답(절차).
AP0054,P0035,META_OR_PROCEDURAL,,,안핵어사의 사전 지식 상태(조사 절차 메타 정보).
AP0055,P0036,EVENT_PROJECTABLE,DIRECT,EC0047,
AP0056,P0036,ATTESTATION_ONLY,,,'~아닌 듯'은 홍대협의 유보적 추론. 근거(AP0055)와 별도인 사건이 없음.
AP0057,P0037,EVENT_PROJECTABLE,DIRECT,EC0048,
AP0058,P0038,EVENT_PROJECTABLE,DIRECT,EC0049,
AP0059,P0039,EVENT_PROJECTABLE,CONTENT,EC0050,
AP0060,P0039,EVENT_PROJECTABLE,DIRECT,EC0051,
AP0061,P0039,EVENT_PROJECTABLE,DIRECT,EC0052,
AP0062,P0040,EVENT_PROJECTABLE,DIRECT,EC0053,
AP0063,P0040,EVENT_PROJECTABLE,DIRECT,EC0054,
AP0064,P0040,EVENT_PROJECTABLE,DIRECT,EC0055,
AP0065,P0041,EVENT_PROJECTABLE,DIRECT,EC0056,
AP0066,P0042,EVENT_PROJECTABLE,DIRECT,EC0057,
AP0067,P0043,EVENT_PROJECTABLE,DIRECT,EC0058,
AP0068,P0043,EVENT_PROJECTABLE,SPEECH_EVENT,EC0059,
AP0069,P0043,EVENT_PROJECTABLE,DIRECT,EC0060,
AP0070,P0044,EVENT_PROJECTABLE,DIRECT,EC0061,
AP0071,P0045,EVENT_PROJECTABLE,DIRECT,EC0062,
AP0072,P0046,EVENT_PROJECTABLE,DIRECT,EC0063,
AP0073,P0047,EVENT_PROJECTABLE,DIRECT,EC0064,
AP0074,P0048,EVENT_PROJECTABLE,SPEECH_EVENT,EC0065,시간이 알림 시점인지 침입 시점인지 원문에서 구분되지 않아 AP 값 그대로 둠.
AP0075,P0049,EVENT_PROJECTABLE,CONTENT,EC0066,시간은 부모 P0049의 값(나복 진술 기준).
AP0076,P0049,EVENT_PROJECTABLE,CONTENT,EC0067,시간은 부모 P0049의 값(나복 진술 기준).
AP0077,P0049,EVENT_PROJECTABLE,CONTENT,EC0068,시간은 부모 P0049의 값(나복 진술 기준).
AP0078,P0049,EVENT_PROJECTABLE,CONTENT,EC0069,도적의 자칭은 나복이 전한 발화. 시간은 부모 P0049의 값(나복 진술 기준).
AP0079,P0049,EVENT_PROJECTABLE,CONTENT,EC0070,시간은 부모 P0049의 값(나복 진술 기준).
AP0080,P0050,EVENT_PROJECTABLE,DIRECT,EC0071,
AP0081,P0051,EVENT_PROJECTABLE,DIRECT,EC0072,
AP0082,P0052,EVENT_PROJECTABLE,DIRECT,EC0073,
AP0083,P0053,EVENT_PROJECTABLE,DIRECT,EC0074,
AP0084,P0053,EVENT_PROJECTABLE,DIRECT,EC0075,증언 속에 언급된 명령. 명령 기록 자체가 아니므로 ORDERED가 아니라 ASSERTED.
AP0085,P0054,EVENT_PROJECTABLE,DIRECT,EC0076,
AP0086,P0055,EVENT_PROJECTABLE,DIRECT,EC0077,'사실대로'는 진술자 본인의 평가.
AP0087,P0055,EVENT_PROJECTABLE,DIRECT,EC0078,
AP0088,P0055,EVENT_PROJECTABLE,DIRECT,EC0079,'도적이 없었다'는 바뀐 진술의 내용이며 이 candidate가 부정하는 사건이 아님.
AP0089,P0055,EVENT_PROJECTABLE,DIRECT,EC0080,
AP0090,P0056,EVENT_PROJECTABLE,DIRECT,EC0081,
AP0091,P0057,EVENT_PROJECTABLE,DIRECT,EC0082,
AP0092,P0058,EVENT_PROJECTABLE,DIRECT,EC0083,
AP0093,P0059,EVENT_PROJECTABLE,DIRECT,EC0084,
AP0094,P0060,EVENT_PROJECTABLE,CONTENT,EC0085,
AP0095,P0060,EVENT_PROJECTABLE,CONTENT,EC0086,
AP0096,P0060,EVENT_PROJECTABLE,DIRECT,EC0087,
AP0097,P0061,EVENT_PROJECTABLE,DIRECT,EC0088,
AP0098,P0062,EVENT_PROJECTABLE,DIRECT,EC0089,
AP0099,P0062,EVENT_PROJECTABLE,DIRECT,EC0090,
AP0100,P0062,EVENT_PROJECTABLE,DIRECT,EC0091,
AP0101,P0062,EVENT_PROJECTABLE,DIRECT,EC0092,
AP0102,P0063,EVENT_PROJECTABLE,DIRECT,EC0093,
AP0103,P0064,EVENT_PROJECTABLE,SPEECH_EVENT,EC0094,
AP0104,P0065,EVENT_PROJECTABLE,SPEECH_EVENT,EC0095,시간·장소는 구순이 말한 장면(2월 29일 구순 집)의 것이므로 도적의 자칭 자체를 candidate로 만들지 않음.
AP0105,P0066,EVENT_PROJECTABLE,DIRECT,EC0096,
AP0106,P0067,META_OR_PROCEDURAL,,,식별 진술(풍각 김생원=김명신)은 entity resolution 근거(08)로 다루며 사건이 아님.
AP0107,P0068,META_OR_PROCEDURAL,,,식별 진술(흥덕 김생원=김갑득)은 entity resolution 근거(08)로 다루며 사건이 아님.
AP0108,P0069,EVENT_PROJECTABLE,DIRECT,EC0097,
AP0109,P0070,EVENT_PROJECTABLE,DIRECT,EC0098,
AP0110,P0071,EVENT_PROJECTABLE,SPEECH_EVENT,EC0099,
AP0111,P0072,EVENT_PROJECTABLE,SPEECH_EVENT,EC0100,
AP0112,P0073,EVENT_PROJECTABLE,SPEECH_EVENT,EC0101,
AP0113,P0074,EVENT_PROJECTABLE,DIRECT,EC0102,
AP0114,P0075,EVENT_PROJECTABLE,DIRECT,EC0103,
AP0115,P0076,EVENT_PROJECTABLE,DIRECT,EC0104,
AP0116,P0077,EVENT_PROJECTABLE,DIRECT,EC0105,
AP0117,P0078,EVENT_PROJECTABLE,DIRECT,EC0106,
AP0118,P0079,EVENT_PROJECTABLE,DIRECT,EC0107,
AP0119,P0080,EVENT_PROJECTABLE,SPEECH_EVENT,EC0108,발화 내용(재돌 체포)은 candidate로 승격하지 않음.
AP0120,P0081,EVENT_PROJECTABLE,SPEECH_EVENT,EC0109,조건문의 앞부분. 명령·지목 요구로 바꾸지 않음. 대상은 open set(명시 5명 + '등').
AP0121,P0081,EVENT_PROJECTABLE,SPEECH_EVENT,EC0110,조건문의 뒷부분. 석방 실행 여부는 candidate로 만들지 않음.
AP0122,P0082,EVENT_PROJECTABLE,DIRECT,EC0111,
AP0123,P0083,EVENT_PROJECTABLE,DIRECT,EC0112,대질의 목적·혐의·주관자는 원문에 없으므로 추가하지 않음.
AP0124,P0084,EVENT_PROJECTABLE,DIRECT,EC0113,거짓 발언의 내용·대상은 원문에 없으므로 생성하지 않음.
AP0125,P0084,EVENT_PROJECTABLE,DIRECT,EC0114,자미덕 진술(AP0125)이 유일한 근거. '그 거짓 발언'은 같은 부모(P0084)의 AP0124 내용.
AP0126,P0085,REVIEW_REQUIRED,,,부모 P0085가 AMBIGUOUS/REVIEW: 종속절('~정소된 뒤였다')만 있어 주절이 무엇인지 미상.
AP0127,P0086,EVENT_PROJECTABLE,DIRECT,EC0115,
AP0128,P0086,EVENT_PROJECTABLE,DIRECT,EC0116,
AP0129,P0087,EVENT_PROJECTABLE,SPEECH_EVENT,EC0117,한재욱이 전한 유제희의 기록 행위. 명단은 open set(명시 7명 + '등')이며 구성원이 실제 도적이라는 뜻이 아님.
AP0130,P0088,EVENT_PROJECTABLE,CONTENT,EC0118,
AP0131,P0089,EVENT_PROJECTABLE,DIRECT,EC0119,
AP0132,P0089,EVENT_PROJECTABLE,DIRECT,EC0120,
AP0133,P0090,EVENT_PROJECTABLE,SPEECH_EVENT,EC0121,석단의 공초 내용은 candidate로 승격하지 않음(3단 중첩).
AP0134,P0090,EVENT_PROJECTABLE,DIRECT,EC0122,
AP0135,P0091,EVENT_PROJECTABLE,DIRECT,EC0123,
AP0136,P0091,EVENT_PROJECTABLE,DIRECT,EC0124,
AP0137,P0092,EVENT_PROJECTABLE,SPEECH_EVENT,EC0125,
AP0138,P0093,EVENT_PROJECTABLE,DIRECT,EC0126,한재욱의 부인 진술. '사주했다'는 발생 사실로 만들지 않음.
AP0139,P0094,EVENT_PROJECTABLE,DIRECT,EC0127,원문: 구순과 평생 모르는 사이.
AP0140,P0095,EVENT_PROJECTABLE,DIRECT,EC0128,
AP0141,P0096,EVENT_PROJECTABLE,SPEECH_EVENT,EC0129,
AP0142,P0097,EVENT_PROJECTABLE,DIRECT,EC0130,
AP0143,P0098,EVENT_PROJECTABLE,DIRECT,EC0131,
AP0144,P0099,EVENT_PROJECTABLE,DIRECT,EC0132,
AP0145,P0100,META_OR_PROCEDURAL,,,지세 호칭 기원을 확정하지 못했다는 조사 상태 정보.
AP0146,P0101,EVENT_PROJECTABLE,DIRECT,EC0133,
AP0147,P0101,EVENT_PROJECTABLE,DIRECT,EC0134,
AP0148,P0101,EVENT_PROJECTABLE,DIRECT,EC0135,
AP0149,P0101,EVENT_PROJECTABLE,DIRECT,EC0136,
AP0150,P0101,EVENT_PROJECTABLE,DIRECT,EC0137,
AP0151,P0102,EVENT_PROJECTABLE,DIRECT,EC0138,
AP0152,P0103,EVENT_PROJECTABLE,DIRECT,EC0139,
AP0153,P0103,EVENT_PROJECTABLE,DIRECT,EC0140,
AP0154,P0103,EVENT_PROJECTABLE,DIRECT,EC0141,
AP0155,P0103,EVENT_PROJECTABLE,DIRECT,EC0142,
AP0156,P0104,META_OR_PROCEDURAL,,,안핵 쟁점을 세 의안으로 나눈 국왕의 분류 행위(절차 메타 정보).
AP0157,P0105,EVENT_PROJECTABLE,DIRECT,EC0143,
AP0158,P0106,EVENT_PROJECTABLE,DIRECT,EC0144,
AP0159,P0106,EVENT_PROJECTABLE,DIRECT,EC0145,
AP0160,P0107,EVENT_PROJECTABLE,DIRECT,EC0146,
AP0161,P0107,EVENT_PROJECTABLE,DIRECT,EC0147,
AP0162,P0108,EVENT_PROJECTABLE,DIRECT,EC0148,
AP0163,P0109,EVENT_PROJECTABLE,DIRECT,EC0149,원문: 그런 죄는 면하게 됐다고 판단(창작 혐의 불인정).
AP0164,P0110,EVENT_PROJECTABLE,DIRECT,EC0150,
AP0165,P0111,EVENT_PROJECTABLE,DIRECT,EC0151,왕명 기록. 집행 기록이 아님.
AP0166,P0112,EVENT_PROJECTABLE,DIRECT,EC0152,왕명 기록. 집행 기록이 아님.
AP0167,P0113,EVENT_PROJECTABLE,DIRECT,EC0153,'형장 친 뒤'는 명령 내용 안의 순서. 왕명 기록이며 집행 기록이 아님.
AP0168,P0114,EVENT_PROJECTABLE,DIRECT,EC0154,
AP0169,P0115,EVENT_PROJECTABLE,DIRECT,EC0155,
AP0170,P0116,META_OR_PROCEDURAL,,,2차 배경 자료(source_records: 사건 F 생성에는 사용하지 않음).
AP0171,P0117,META_OR_PROCEDURAL,,,2차 배경 자료(source_records: 사건 F 생성에는 사용하지 않음).
