event_candidate_id,origin_atomic_prop_id,event_type,polarity,subject_surface,predicate,object_surface,historical_place,place_status,occurrence_lunar_text,occurrence_precision,relative_time_text,epistemic_status,historical_status,claim_topic,conflict_group,set_status,open_set_ids,shared_utterance_group,entity_resolution_status,normalized_names,notes
EC0001,AP0001,STATE,AFFIRMED,구순,청주 덕평에 거주,청주 덕평,청주 덕평,EXPLICIT,,UNSPECIFIED,,OFFICIAL_FINDING,UNRESOLVED,PERSON_LOCATION,,NOT_APPLICABLE,,,NONE_NEEDED,,historical_status는 사실 판정이 아님(다음 단계에서 비교).
EC0002,AP0003,SPEECH_ACT,AFFIRMED,구순,김명신을 도적 괴수라고 말함,김명신,,UNSPECIFIED,,UNSPECIFIED,,OFFICIAL_FINDING,UNRESOLVED,SUSPECT_IDENTIFICATION,,NOT_APPLICABLE,,,NONE_NEEDED,,historical_status는 사실 판정이 아님(다음 단계에서 비교).
EC0003,AP0004,ACTION,AFFIRMED,충청병영,김명신을 잡음,김명신,,UNSPECIFIED,,UNSPECIFIED,,OFFICIAL_FINDING,UNRESOLVED,APPREHENSION,,NOT_APPLICABLE,,UG_P0004,NONE_NEEDED,,historical_status는 사실 판정이 아님(다음 단계에서 비교).
EC0004,AP0005,ACTION,AFFIRMED,충청병영,김명신을 달포 이상 구금함,김명신,,UNSPECIFIED,,UNSPECIFIED,,OFFICIAL_FINDING,UNRESOLVED,DETENTION,,NOT_APPLICABLE,,UG_P0004,NONE_NEEDED,,historical_status는 사실 판정이 아님(다음 단계에서 비교).
EC0005,AP0006,ACTION,AFFIRMED,충청병영,김명신을 조사함,김명신,,UNSPECIFIED,,UNSPECIFIED,,OFFICIAL_FINDING,UNRESOLVED,INTERROGATION,,NOT_APPLICABLE,,UG_P0004,NONE_NEEDED,,historical_status는 사실 판정이 아님(다음 단계에서 비교).
EC0006,AP0007,ACTION,NEGATED,수사,확실한 장물을 찾음,,,UNSPECIFIED,,UNSPECIFIED,,OFFICIAL_FINDING,UNRESOLVED,EVIDENCE,,NOT_APPLICABLE,,,NONE_NEEDED,,historical_status는 사실 판정이 아님(다음 단계에서 비교).
EC0007,AP0008,DEATH,AFFIRMED,김명신,사망,,,UNSPECIFIED,,UNSPECIFIED,,OFFICIAL_FINDING,UNRESOLVED,DEATH_OCCURRENCE,,NOT_APPLICABLE,,UG_P0006,NONE_NEEDED,,historical_status는 사실 판정이 아님(다음 단계에서 비교).
EC0008,AP0009,TEMPORAL_ATTRIBUTION,AFFIRMED,김명신,사망이 구금·조사 뒤였음,,,UNSPECIFIED,,UNSPECIFIED,구금·조사 뒤,OFFICIAL_FINDING,UNRESOLVED,DEATH_OCCURRENCE,,NOT_APPLICABLE,,UG_P0006,NONE_NEEDED,,historical_status는 사실 판정이 아님(다음 단계에서 비교).
EC0009,AP0010,ACTION,AFFIRMED,평민들,모진 형벌을 받음,,,UNSPECIFIED,,UNSPECIFIED,,OFFICIAL_FINDING,UNRESOLVED,INVESTIGATION_HARM,,OPEN_SET,OS01,UG_P0007,NONE_NEEDED,,historical_status는 사실 판정이 아님(다음 단계에서 비교).
EC0010,AP0011,STATE,AFFIRMED,형벌을 받은 평민들,무고함,,,UNSPECIFIED,,UNSPECIFIED,,OFFICIAL_FINDING,UNRESOLVED,INVESTIGATION_HARM,,OPEN_SET,OS01,UG_P0007,NONE_NEEDED,,historical_status는 사실 판정이 아님(다음 단계에서 비교).
EC0011,AP0012,STATE,AFFIRMED,구순과 김명신,사이에 원한이 있었음,,,UNSPECIFIED,,UNSPECIFIED,,STATE_REPORTED,UNRESOLVED,MOTIVE,MOTIVE,OPEN_SET,OS02,,NONE_NEEDED,,historical_status는 사실 판정이 아님(다음 단계에서 비교).
EC0012,AP0013,ACTION,AFFIRMED,구순,도난 상황을 꾸밈,,,UNSPECIFIED,,UNSPECIFIED,,ASSERTED,UNRESOLVED,THEFT_FABRICATION,THEFT_REALITY,OPEN_SET,OS03,,NONE_NEEDED,,historical_status는 사실 판정이 아님(다음 단계에서 비교).
EC0013,AP0014,ACTION,AFFIRMED,구순,김명신에게 도적 괴수 누명을 씌움,김명신,,UNSPECIFIED,,UNSPECIFIED,,ASSERTED,UNRESOLVED,FRAME_UP_ALLEGATION,,OPEN_SET,OS04,UG_P0010,NONE_NEEDED,,historical_status는 사실 판정이 아님(다음 단계에서 비교).
EC0014,AP0015,ACTION,AFFIRMED,구순,그 누명을 씌우는 데 행랑 하인을 통함,행랑 하인,,UNSPECIFIED,,UNSPECIFIED,,ASSERTED,UNRESOLVED,FRAME_UP_ALLEGATION,,OPEN_SET,OS04,UG_P0010,NONE_NEEDED,,'그 누명'은 같은 부모(P0010)의 AP0014 내용. 연결 relation은 만들지 않음. historical_status는 사실 판정이 아님(다음 단계에서 비교).
EC0015,AP0016,ACTION,AFFIRMED,구순,그 누명을 씌우는 데 교졸을 통함,교졸,,UNSPECIFIED,,UNSPECIFIED,,ASSERTED,UNRESOLVED,FRAME_UP_ALLEGATION,,OPEN_SET,OS04,UG_P0010,NONE_NEEDED,,'그 누명'은 같은 부모(P0010)의 AP0014 내용. 연결 relation은 만들지 않음. historical_status는 사실 판정이 아님(다음 단계에서 비교).
EC0016,AP0017,STATE,AFFIRMED,전후 체포자들,구순 집에서 미워하던 사람들이었음,,,UNSPECIFIED,,UNSPECIFIED,,STATE_REPORTED,UNRESOLVED,TARGET_SELECTION,,OPEN_SET,OS05,,NONE_NEEDED,,historical_status는 사실 판정이 아님(다음 단계에서 비교).
EC0017,AP0018,ACTION,AFFIRMED,이문협,수사를 병영 비장에게 전적으로 맡김,병영 비장,,UNSPECIFIED,,UNSPECIFIED,,OFFICIAL_FINDING,UNRESOLVED,INSTITUTIONAL_FAILURE,,NOT_APPLICABLE,,UG_P0012,병영 비장→한가(P0113의 병영 비장 한가):UNRESOLVED,,historical_status는 사실 판정이 아님(다음 단계에서 비교).
EC0018,AP0020,STATE,AFFIRMED,이광섭이 믿은 말,허황한 말이었음,,,UNSPECIFIED,,UNSPECIFIED,,OFFICIAL_FINDING,UNRESOLVED,COMMAND_FAILURE,,NOT_APPLICABLE,,UG_P0013,NONE_NEEDED,,historical_status는 사실 판정이 아님(다음 단계에서 비교).
EC0019,AP0021,ACTION,AFFIRMED,이광섭,무고한 사람을 잘못 잡음,,,UNSPECIFIED,,UNSPECIFIED,,OFFICIAL_FINDING,UNRESOLVED,COMMAND_FAILURE,,NOT_APPLICABLE,,UG_P0013,NONE_NEEDED,,historical_status는 사실 판정이 아님(다음 단계에서 비교).
EC0020,AP0022,REQUEST,AFFIRMED,비변사,이광섭 파직·나문·엄한 감죄를 청함,이광섭,,UNSPECIFIED,,UNSPECIFIED,,DIRECT_ACTION_RECORDED,UNRESOLVED,PUNISHMENT_PROPOSAL,,NOT_APPLICABLE,,,NONE_NEEDED,,historical_status는 사실 판정이 아님(다음 단계에서 비교).
EC0021,AP0023,ORDER,AFFIRMED,정조,이광섭 처분 요청을 윤허함,이광섭,,UNSPECIFIED,,UNSPECIFIED,,ORDERED,UNRESOLVED,ROYAL_ORDER,,NOT_APPLICABLE,,,NONE_NEEDED,,historical_status는 사실 판정이 아님(다음 단계에서 비교).
EC0022,AP0024,STATE,NEGATED,도난 자체,있었음,,,UNSPECIFIED,,UNSPECIFIED,,ROYAL_FINDING,UNRESOLVED,THEFT_REALITY,THEFT_REALITY,NOT_APPLICABLE,,,NONE_NEEDED,,원문: '당시 장계·조사에 따라 도난 자체가 없었다는 방향을 받아들임'. '방향' 표현의 판단 강도에 유의. historical_status는 사실 판정이 아님(다음 단계에서 비교).
EC0023,AP0025,ORDER,AFFIRMED,정조,구순을 의금부에 잡아 가두고 엄히 조사하도록 명함,구순,,UNSPECIFIED,,UNSPECIFIED,,ORDERED,UNRESOLVED,REINVESTIGATION,,NOT_APPLICABLE,,,NONE_NEEDED,,historical_status는 사실 판정이 아님(다음 단계에서 비교).
EC0024,AP0026,ACTION,DOUBTED,구순 집,화적이 들었음,,,UNSPECIFIED,,UNSPECIFIED,,OFFICIAL_FINDING,UNRESOLVED,THEFT_REALITY,THEFT_REALITY,NOT_APPLICABLE,,,NONE_NEEDED,,원문: 그런 설명이 이치에 맞지 않는다고 판단 — 발생 부정 단정이 아니라 신빙성 부정. historical_status는 사실 판정이 아님(다음 단계에서 비교).
EC0025,AP0027,STATE,AFFIRMED,김명신,구순의 이웃으로 삶,,,UNSPECIFIED,,UNSPECIFIED,,OFFICIAL_FINDING,UNRESOLVED,RELATIONSHIP_CONFLICT,,NOT_APPLICABLE,,UG_P0019,NONE_NEEDED,,historical_status는 사실 판정이 아님(다음 단계에서 비교).
EC0026,AP0028,ACTION,AFFIRMED,김명신,구순의 행실을 비판함,,,UNSPECIFIED,,UNSPECIFIED,,OFFICIAL_FINDING,UNRESOLVED,RELATIONSHIP_CONFLICT,,NOT_APPLICABLE,,UG_P0019,NONE_NEEDED,,historical_status는 사실 판정이 아님(다음 단계에서 비교).
EC0027,AP0029,STATE,AFFIRMED,구순,앙심을 품음,,,UNSPECIFIED,,UNSPECIFIED,,OFFICIAL_FINDING,UNRESOLVED,MOTIVE,MOTIVE,NOT_APPLICABLE,,UG_P0020,NONE_NEEDED,,historical_status는 사실 판정이 아님(다음 단계에서 비교).
EC0028,AP0030,CAUSE_ATTRIBUTION,AFFIRMED,구순,그 앙심이 김명신의 비판 때문이었음,김명신,,UNSPECIFIED,,UNSPECIFIED,,OFFICIAL_FINDING,UNRESOLVED,MOTIVE,MOTIVE,NOT_APPLICABLE,,UG_P0020,NONE_NEEDED,,historical_status는 사실 판정이 아님(다음 단계에서 비교).
EC0029,AP0031,STATE,AFFIRMED,구순,김명신을 모함하려 함,김명신,,UNSPECIFIED,,UNSPECIFIED,,OFFICIAL_FINDING,UNRESOLVED,MOTIVE,MOTIVE,NOT_APPLICABLE,,UG_P0020,NONE_NEEDED,,historical_status는 사실 판정이 아님(다음 단계에서 비교).
EC0030,AP0032,ACTION,AFFIRMED,구순,도난 상황을 꾸밈,,,UNSPECIFIED,,UNSPECIFIED,,OFFICIAL_FINDING,UNRESOLVED,THEFT_FABRICATION,THEFT_REALITY,NOT_APPLICABLE,,,NONE_NEEDED,,historical_status는 사실 판정이 아님(다음 단계에서 비교).
EC0031,AP0033,ACTION,AFFIRMED,구순,지세랑이라는 말을 만듦,,,UNSPECIFIED,,UNSPECIFIED,,OFFICIAL_FINDING,UNRESOLVED,JISE_ORIGIN,JISE_ORIGIN,NOT_APPLICABLE,,UG_P0022,NONE_NEEDED,,historical_status는 사실 판정이 아님(다음 단계에서 비교).
EC0032,AP0034,ACTION,AFFIRMED,구순,지세랑이라는 말을 퍼뜨림,,,UNSPECIFIED,,UNSPECIFIED,,OFFICIAL_FINDING,UNRESOLVED,JISE_ORIGIN,JISE_ORIGIN,NOT_APPLICABLE,,UG_P0022,NONE_NEEDED,,historical_status는 사실 판정이 아님(다음 단계에서 비교).
EC0033,AP0035,ACTION,AFFIRMED,구순,작은 궤짝의 돈을 도둑맞았다고 꾸밈,,,UNSPECIFIED,,UNSPECIFIED,,OFFICIAL_FINDING,UNRESOLVED,FABRICATED_EVIDENCE,,NOT_APPLICABLE,,,NONE_NEEDED,,historical_status는 사실 판정이 아님(다음 단계에서 비교).
EC0034,AP0036,STATE,AFFIRMED,하인의 흔적,부스럼 흔적이었음,,,UNSPECIFIED,,UNSPECIFIED,,OFFICIAL_FINDING,UNRESOLVED,FABRICATED_EVIDENCE,,NOT_APPLICABLE,,UG_P0024,NONE_NEEDED,,historical_status는 사실 판정이 아님(다음 단계에서 비교).
EC0035,AP0037,ACTION,AFFIRMED,구순,하인의 흔적을 창상으로 꾸밈,,,UNSPECIFIED,,UNSPECIFIED,,OFFICIAL_FINDING,UNRESOLVED,FABRICATED_EVIDENCE,,NOT_APPLICABLE,,UG_P0024,NONE_NEEDED,,historical_status는 사실 판정이 아님(다음 단계에서 비교).
EC0036,AP0038,DEATH,AFFIRMED,김명신,사망,,,UNSPECIFIED,,UNSPECIFIED,,OFFICIAL_FINDING,UNRESOLVED,DEATH_OCCURRENCE,,NOT_APPLICABLE,,UG_P0025,NONE_NEEDED,,historical_status는 사실 판정이 아님(다음 단계에서 비교).
EC0037,AP0039,PLACE_ATTRIBUTION,AFFIRMED,김명신,사망 장소가 병영 옥이었음,,병영 옥,EXPLICIT_IN_THIS_SOURCE,,UNSPECIFIED,,OFFICIAL_FINDING,UNRESOLVED,DEATH_OCCURRENCE,,NOT_APPLICABLE,,UG_P0025,NONE_NEEDED,,historical_status는 사실 판정이 아님(다음 단계에서 비교).
EC0038,AP0040,CAUSE_ATTRIBUTION,AFFIRMED,김명신,구순이 구성한 죄안 때문에 사망함,,,UNSPECIFIED,,UNSPECIFIED,,OFFICIAL_FINDING,UNRESOLVED,DEATH_CAUSE,DEATH_CAUSE,NOT_APPLICABLE,,UG_P0025,NONE_NEEDED,,historical_status는 사실 판정이 아님(다음 단계에서 비교).
EC0039,AP0042,DEATH,AFFIRMED,김명신의 아내,사망,,,UNSPECIFIED,,UNSPECIFIED,,OFFICIAL_FINDING,UNRESOLVED,SPOUSE_DEATH,,NOT_APPLICABLE,,UG_P0026,NONE_NEEDED,,historical_status는 사실 판정이 아님(다음 단계에서 비교).
EC0040,AP0043,TEMPORAL_ATTRIBUTION,AFFIRMED,김명신의 아내,김명신이 죽은 뒤 따라 죽음,,,UNSPECIFIED,,UNSPECIFIED,김명신이 죽은 뒤,OFFICIAL_FINDING,UNRESOLVED,SPOUSE_DEATH,,NOT_APPLICABLE,,UG_P0026,NONE_NEEDED,,'따라'가 단순 선후인지 인과적 의미인지 미판정. historical_status는 사실 판정이 아님(다음 단계에서 비교).
EC0041,AP0044,ACTION,NEGATED,병사,사건을 자세히 조사함,,,UNSPECIFIED,,UNSPECIFIED,,OFFICIAL_FINDING,UNRESOLVED,COMMAND_FAILURE,,NOT_APPLICABLE,,UG_P0027,병사→이광섭:STRONGLY_SUPPORTED,,historical_status는 사실 판정이 아님(다음 단계에서 비교).
EC0042,AP0045,ACTION,AFFIRMED,병사,사건을 하급 보조자에게 맡김,하급 보조자,,UNSPECIFIED,,UNSPECIFIED,,OFFICIAL_FINDING,UNRESOLVED,COMMAND_FAILURE,,NOT_APPLICABLE,,UG_P0027,병사→이광섭:STRONGLY_SUPPORTED,,historical_status는 사실 판정이 아님(다음 단계에서 비교).
EC0043,AP0046,STATE,AFFIRMED,병영의 하급 보조자,구순의 가객이었음,,,UNSPECIFIED,,UNSPECIFIED,,OFFICIAL_FINDING,UNRESOLVED,OFFICIAL_GUEST_RELATION,OFFICIAL_GUEST_RELATION,NOT_APPLICABLE,,,병영의 하급 보조자→한재욱:UNRESOLVED; 병영의 하급 보조자→유제희:UNRESOLVED,,historical_status는 사실 판정이 아님(다음 단계에서 비교).
EC0044,AP0048,ORDER,AFFIRMED,정조,이조원을 파직하도록 명함,이조원,,UNSPECIFIED,,UNSPECIFIED,,ORDERED,UNRESOLVED,PUNISHMENT,,NOT_APPLICABLE,,,NONE_NEEDED,,historical_status는 사실 판정이 아님(다음 단계에서 비교).
EC0045,AP0049,ORDER,AFFIRMED,정조,구순을 의금부에 엄히 가두고 반복 신문하도록 명함,구순,,UNSPECIFIED,,UNSPECIFIED,,ORDERED,UNRESOLVED,REINVESTIGATION,,NOT_APPLICABLE,,,NONE_NEEDED,,historical_status는 사실 판정이 아님(다음 단계에서 비교).
EC0046,AP0050,STATE,NEGATED,구순 사건의 도난,있었음,,,UNSPECIFIED,,UNSPECIFIED,,OFFICIAL_FINDING,UNRESOLVED,THEFT_REALITY,THEFT_REALITY,NOT_APPLICABLE,,,NONE_NEEDED,,원문: '도난이 없었다는 방향의 판단을 보고'. historical_status는 사실 판정이 아님(다음 단계에서 비교).
EC0047,AP0055,ACTION,AFFIRMED,예전 호중 화적,지세랑 호칭을 사용한 적이 있음,,,UNSPECIFIED,,UNSPECIFIED,,ASSERTED,UNRESOLVED,JISE_ORIGIN,JISE_ORIGIN,NOT_APPLICABLE,,UG_P0036,NONE_NEEDED,,historical_status는 사실 판정이 아님(다음 단계에서 비교).
EC0048,AP0057,ORDER,AFFIRMED,정조,홍대협에게 내려가 자세히 조사해 오라고 명함,홍대협,,UNSPECIFIED,,UNSPECIFIED,,ORDERED,UNRESOLVED,ANHAEK_ASSIGNMENT,,NOT_APPLICABLE,,,NONE_NEEDED,,historical_status는 사실 판정이 아님(다음 단계에서 비교).
EC0049,AP0058,ORDER,AFFIRMED,정조,홍대협을 충청도 공주 안핵어사로 차하함,홍대협,공주,EXPLICIT,,UNSPECIFIED,,ORDERED,UNRESOLVED,ANHAEK_ASSIGNMENT,,NOT_APPLICABLE,,,NONE_NEEDED,,historical_status는 사실 판정이 아님(다음 단계에서 비교).
EC0050,AP0059,ACTION,AFFIRMED,구순,도적을 만남,,,UNSPECIFIED,,UNSPECIFIED,,ASSERTED,UNRESOLVED,THEFT_REALITY,,NOT_APPLICABLE,,UG_P0039,NONE_NEEDED,,historical_status는 사실 판정이 아님(다음 단계에서 비교).
EC0051,AP0060,ACTION,AFFIRMED,구순,영교를 부름,영교,,UNSPECIFIED,,UNSPECIFIED,,OFFICIAL_FINDING,UNRESOLVED,SUSPECT_LIST_ORIGIN,,NOT_APPLICABLE,,UG_P0039,NONE_NEEDED,,historical_status는 사실 판정이 아님(다음 단계에서 비교).
EC0052,AP0061,ACTION,AFFIRMED,구순,김명신 등의 이름을 써 줌,김명신 등,,UNSPECIFIED,,UNSPECIFIED,,OFFICIAL_FINDING,UNRESOLVED,SUSPECT_LIST_ORIGIN,,OPEN_SET_EXPLICIT_MEMBERS,OS06,UG_P0039,NONE_NEEDED,,historical_status는 사실 판정이 아님(다음 단계에서 비교).
EC0053,AP0062,DEATH,AFFIRMED,김명신,사망,,,UNSPECIFIED,,UNSPECIFIED,,OFFICIAL_FINDING,UNRESOLVED,DEATH_OCCURRENCE,,NOT_APPLICABLE,,UG_P0040,NONE_NEEDED,,historical_status는 사실 판정이 아님(다음 단계에서 비교).
EC0054,AP0063,CAUSE_ATTRIBUTION,AFFIRMED,김명신,사망 원인이 병이었음,,,UNSPECIFIED,,UNSPECIFIED,,OFFICIAL_FINDING,UNRESOLVED,DEATH_CAUSE,DEATH_CAUSE,NOT_APPLICABLE,,UG_P0040,NONE_NEEDED,,historical_status는 사실 판정이 아님(다음 단계에서 비교).
EC0055,AP0064,TEMPORAL_ATTRIBUTION,AFFIRMED,김명신,사망이 체포·구금 뒤였음,,,UNSPECIFIED,,UNSPECIFIED,체포·구금 뒤,OFFICIAL_FINDING,UNRESOLVED,DEATH_OCCURRENCE,,NOT_APPLICABLE,,UG_P0040,NONE_NEEDED,,historical_status는 사실 판정이 아님(다음 단계에서 비교).
EC0056,AP0065,ACTION,AFFIRMED,여러 죄수,참혹한 형벌을 받음,,,UNSPECIFIED,,UNSPECIFIED,,OFFICIAL_FINDING,UNRESOLVED,INVESTIGATION_HARM,,OPEN_SET,OS07,,NONE_NEEDED,,historical_status는 사실 판정이 아님(다음 단계에서 비교).
EC0057,AP0066,ACTION,NEGATED,수사,진정한 장물을 얻음,,,UNSPECIFIED,,UNSPECIFIED,,OFFICIAL_FINDING,UNRESOLVED,EVIDENCE,,NOT_APPLICABLE,,,NONE_NEEDED,,historical_status는 사실 판정이 아님(다음 단계에서 비교).
EC0058,AP0067,ACTION,AFFIRMED,한재욱,변가의 처를 꾐,변가의 처,,UNSPECIFIED,,UNSPECIFIED,,OFFICIAL_FINDING,UNRESOLVED,COACHING,COACHING,NOT_APPLICABLE,,UG_P0043,변가의 처→자미덕:CANDIDATE,,historical_status는 사실 판정이 아님(다음 단계에서 비교).
EC0059,AP0068,SPEECH_ACT,AFFIRMED,변가의 처,김명신이 도적 괴수라는 취지의 공초를 냄,,,UNSPECIFIED,,UNSPECIFIED,,OFFICIAL_FINDING,UNRESOLVED,SUSPECT_IDENTIFICATION,,NOT_APPLICABLE,,UG_P0043,변가의 처→자미덕:CANDIDATE,,historical_status는 사실 판정이 아님(다음 단계에서 비교).
EC0060,AP0069,ACTION,AFFIRMED,한재욱,변가의 처를 꾀어 그 공초를 내게 함,변가의 처,,UNSPECIFIED,,UNSPECIFIED,,OFFICIAL_FINDING,UNRESOLVED,COACHING,COACHING,NOT_APPLICABLE,,UG_P0043,변가의 처→자미덕:CANDIDATE,,historical_status는 사실 판정이 아님(다음 단계에서 비교).
EC0061,AP0070,REQUEST,AFFIRMED,비변사,홍대협의 안핵 복명 전이므로 윤노동 별단의 구순 사건 처리를 보류할 것을 청함,,,UNSPECIFIED,,UNSPECIFIED,,DIRECT_ACTION_RECORDED,UNRESOLVED,PROCEDURAL_HOLD,,NOT_APPLICABLE,,,NONE_NEEDED,,historical_status는 사실 판정이 아님(다음 단계에서 비교).
EC0062,AP0071,ORDER,AFFIRMED,정조,비변사의 보류 요청을 윤허함,,,UNSPECIFIED,,UNSPECIFIED,,ORDERED,UNRESOLVED,PROCEDURAL_HOLD,,NOT_APPLICABLE,,,NONE_NEEDED,,historical_status는 사실 판정이 아님(다음 단계에서 비교).
EC0063,AP0072,ACTION,AFFIRMED,홍대협,공주목에 도착해 관련자들을 차례로 신문함,,공주목,EXPLICIT,,UNSPECIFIED,,DIRECT_ACTION_RECORDED,UNRESOLVED,ANHAEK,,OPEN_SET,OS08,,NONE_NEEDED,,historical_status는 사실 판정이 아님(다음 단계에서 비교).
EC0064,AP0073,STATE,AFFIRMED,명업,구순 집 계집종의 남편이며 바깥사랑에 거주함,,,UNSPECIFIED,,UNSPECIFIED,,STATE_REPORTED,UNRESOLVED,IDENTITY_RELATION,,NOT_APPLICABLE,,,NONE_NEEDED,,historical_status는 사실 판정이 아님(다음 단계에서 비교).
EC0065,AP0074,SPEECH_ACT,AFFIRMED,나복,명업에게 도적이 들었다고 알림,명업,,UNSPECIFIED,1793-02-22 밤,DAY_NIGHT,,ASSERTED,UNRESOLVED,THEFT_REALITY,,NOT_APPLICABLE,,,NONE_NEEDED,,시간이 알림 시점인지 침입 시점인지 원문에서 구분되지 않아 AP 값 그대로 둠. historical_status는 사실 판정이 아님(다음 단계에서 비교).
EC0066,AP0075,ACTION,AFFIRMED,도적,들어옴,,,UNSPECIFIED,1793-02-22 밤,DAY_NIGHT,,ASSERTED,UNRESOLVED,THEFT_DESCRIPTION,,NOT_APPLICABLE,,UG_P0049,NONE_NEEDED,,시간은 부모 P0049의 값(나복 진술 기준). historical_status는 사실 판정이 아님(다음 단계에서 비교).
EC0067,AP0076,STATE,AFFIRMED,들어온 도적,30여 명이었음,,,UNSPECIFIED,1793-02-22 밤,DAY_NIGHT,,STATE_REPORTED,UNRESOLVED,THEFT_DESCRIPTION,,NOT_APPLICABLE,,UG_P0049,NONE_NEEDED,,시간은 부모 P0049의 값(나복 진술 기준). historical_status는 사실 판정이 아님(다음 단계에서 비교).
EC0068,AP0077,ACTION,AFFIRMED,도적,횃불을 들고 들어옴,,,UNSPECIFIED,1793-02-22 밤,DAY_NIGHT,,ASSERTED,UNRESOLVED,THEFT_DESCRIPTION,,NOT_APPLICABLE,,UG_P0049,NONE_NEEDED,,시간은 부모 P0049의 값(나복 진술 기준). historical_status는 사실 판정이 아님(다음 단계에서 비교).
EC0069,AP0078,SPEECH_ACT,AFFIRMED,도적,지세대감이라 자칭함,,,UNSPECIFIED,1793-02-22 밤,DAY_NIGHT,,ASSERTED,UNRESOLVED,JISE_ORIGIN,JISE_ORIGIN,NOT_APPLICABLE,,UG_P0049,NONE_NEEDED,,도적의 자칭은 나복이 전한 발화. 시간은 부모 P0049의 값(나복 진술 기준). historical_status는 사실 판정이 아님(다음 단계에서 비교).
EC0070,AP0079,ACTION,AFFIRMED,도적,돈과 물품을 훔침,,,UNSPECIFIED,1793-02-22 밤,DAY_NIGHT,,ASSERTED,UNRESOLVED,THEFT_DESCRIPTION,,NOT_APPLICABLE,,UG_P0049,NONE_NEEDED,,시간은 부모 P0049의 값(나복 진술 기준). historical_status는 사실 판정이 아님(다음 단계에서 비교).
EC0071,AP0080,STATE,AFFIRMED,김명신,본래 구순과 친숙하여 날마다 왕래함,,,UNSPECIFIED,,UNSPECIFIED,,STATE_REPORTED,UNRESOLVED,RELATIONSHIP,,NOT_APPLICABLE,,,NONE_NEEDED,,historical_status는 사실 판정이 아님(다음 단계에서 비교).
EC0072,AP0081,ACTION,AFFIRMED,김명신,2월 초 박거사 일로 구순에게 편지를 보내 힐책함,구순,,UNSPECIFIED,1793-02 초순,EARLY_MONTH,,ASSERTED,UNRESOLVED,RELATIONSHIP_CONFLICT,,NOT_APPLICABLE,,,NONE_NEEDED,,historical_status는 사실 판정이 아님(다음 단계에서 비교).
EC0073,AP0082,STATE,AFFIRMED,구순·김명신,왕래가 끊김,,,UNSPECIFIED,1793-02 초순 이후,AFTER_EARLY_MONTH,그 뒤,STATE_REPORTED,UNRESOLVED,RELATIONSHIP_CONFLICT,,NOT_APPLICABLE,,,NONE_NEEDED,,historical_status는 사실 판정이 아님(다음 단계에서 비교).
EC0074,AP0083,ACTION,AFFIRMED,구순,소장을 올림,,,UNSPECIFIED,,UNSPECIFIED,,ASSERTED,UNRESOLVED,COMPLAINT,,NOT_APPLICABLE,,UG_P0053,NONE_NEEDED,,historical_status는 사실 판정이 아님(다음 단계에서 비교).
EC0075,AP0084,ORDER,AFFIRMED,체포령,그 소장으로 내려짐,,,UNSPECIFIED,,UNSPECIFIED,,ASSERTED,UNRESOLVED,COMPLAINT_ARREST_ORDER,,NOT_APPLICABLE,,UG_P0053,NONE_NEEDED,,증언 속에 언급된 명령. 명령 기록 자체가 아니므로 ORDERED가 아니라 ASSERTED. historical_status는 사실 판정이 아님(다음 단계에서 비교).
EC0076,AP0085,ACTION,AFFIRMED,구순,찾아온 장교 한 명을 안행랑으로 불러 조용히 대화함,장교 1명,구순 집 안행랑,EXPLICIT,,UNSPECIFIED,,ASSERTED,UNRESOLVED,PRIVATE_CONTACT,,NOT_APPLICABLE,,,NONE_NEEDED,,historical_status는 사실 판정이 아님(다음 단계에서 비교).
EC0077,AP0086,SPEECH_ACT,AFFIRMED,명업,병영 뜰 공초에서 처음에는 사실대로 말함,,병영 뜰,EXPLICIT,,UNSPECIFIED,,ASSERTED,UNRESOLVED,TESTIMONY_CHANGE,,NOT_APPLICABLE,,UG_P0055,NONE_NEEDED,,'사실대로'는 진술자 본인의 평가. historical_status는 사실 판정이 아님(다음 단계에서 비교).
EC0078,AP0087,STATE,AFFIRMED,명업,위협이 두려웠음,,,UNSPECIFIED,,UNSPECIFIED,,STATE_REPORTED,UNRESOLVED,TESTIMONY_CHANGE,,NOT_APPLICABLE,,UG_P0055,NONE_NEEDED,,historical_status는 사실 판정이 아님(다음 단계에서 비교).
EC0079,AP0088,SPEECH_ACT,AFFIRMED,명업,도적이 없었다는 취지로 진술을 바꿈,도적이 없었다는 취지,병영 뜰,EXPLICIT,,UNSPECIFIED,,ASSERTED,UNRESOLVED,TESTIMONY_CHANGE,,NOT_APPLICABLE,,UG_P0055,NONE_NEEDED,,'도적이 없었다'는 바뀐 진술의 내용이며 이 candidate가 부정하는 사건이 아님. historical_status는 사실 판정이 아님(다음 단계에서 비교).
EC0080,AP0089,CAUSE_ATTRIBUTION,AFFIRMED,명업,위협이 두려워 진술을 바꿈,,,UNSPECIFIED,,UNSPECIFIED,,ASSERTED,UNRESOLVED,TESTIMONY_CHANGE,,NOT_APPLICABLE,,UG_P0055,NONE_NEEDED,,historical_status는 사실 판정이 아님(다음 단계에서 비교).
EC0081,AP0090,ACTION,AFFIRMED,병영,이진욱을 비장청으로 부름,이진욱,비장청,EXPLICIT,1793-02-28 밤,DAY_NIGHT,,ASSERTED,UNRESOLVED,SUMMON,,NOT_APPLICABLE,,,NONE_NEEDED,,historical_status는 사실 판정이 아님(다음 단계에서 비교).
EC0082,AP0091,ORDER,AFFIRMED,한재욱,이진욱·조계완 등에게 덕평으로 가도록 지시함,이진욱·조계완 등,비장청,EXPLICIT,1793-02-28 밤,DAY_NIGHT,,ASSERTED,UNRESOLVED,DISPATCH,,OPEN_SET_EXPLICIT_MEMBERS,OS09,,NONE_NEEDED,,historical_status는 사실 판정이 아님(다음 단계에서 비교).
EC0083,AP0092,ORDER,AFFIRMED,한재욱,변지돌과 정원돌을 잡아오라고 지시함,변지돌·정원돌,,UNSPECIFIED,1793-02-28 밤,DAY_NIGHT,,ASSERTED,UNRESOLVED,ARREST_ORDER,,NOT_APPLICABLE,,,NONE_NEEDED,,historical_status는 사실 판정이 아님(다음 단계에서 비교).
EC0084,AP0093,ACTION,AFFIRMED,한재욱,철편 네 개를 만들어 줌,철편 4개,,UNSPECIFIED,1793-02-28 밤~29 새벽,OVERNIGHT,,ASSERTED,UNRESOLVED,OPERATION_PREP,,NOT_APPLICABLE,,,NONE_NEEDED,,historical_status는 사실 판정이 아님(다음 단계에서 비교).
EC0085,AP0094,STATE,AFFIRMED,변지돌과 정원돌,처남매부 사이임,,,UNSPECIFIED,,UNSPECIFIED,,STATE_REPORTED,UNRESOLVED,IDENTITY_RELATION,,NOT_APPLICABLE,,UG_P0060,NONE_NEEDED,,historical_status는 사실 판정이 아님(다음 단계에서 비교).
EC0086,AP0095,STATE,AFFIRMED,변지돌,힘이 셈,,,UNSPECIFIED,,UNSPECIFIED,,STATE_REPORTED,UNRESOLVED,ARREST_PRECAUTION,,NOT_APPLICABLE,,UG_P0060,NONE_NEEDED,,historical_status는 사실 판정이 아님(다음 단계에서 비교).
EC0087,AP0096,SPEECH_ACT,AFFIRMED,한재욱,조심하라고 말함,,,UNSPECIFIED,,UNSPECIFIED,,ASSERTED,UNRESOLVED,ARREST_PRECAUTION,,NOT_APPLICABLE,,UG_P0060,NONE_NEEDED,,historical_status는 사실 판정이 아님(다음 단계에서 비교).
EC0088,AP0097,STATE,AFFIRMED,변지돌,이미 공주진에서 잡혀간 상태였음,,공주진,EXPLICIT,1793-02-29,DAY,,STATE_REPORTED,UNRESOLVED,CUSTODY,,NOT_APPLICABLE,,,NONE_NEEDED,,historical_status는 사실 판정이 아님(다음 단계에서 비교).
EC0089,AP0098,ACTION,AFFIRMED,이진욱 등 장교,자미덕을 잡음,자미덕,,UNSPECIFIED,1793-02-29,DAY,,ASSERTED,UNRESOLVED,APPREHENSION,,OPEN_SET_EXPLICIT_MEMBERS,OS10,UG_P0062,NONE_NEEDED,,historical_status는 사실 판정이 아님(다음 단계에서 비교).
EC0090,AP0099,STATE,AFFIRMED,이진욱 등 장교,잡은 사람이 자미덕뿐이었음,자미덕,,UNSPECIFIED,1793-02-29,DAY,,STATE_REPORTED,UNRESOLVED,APPREHENSION,,OPEN_SET_EXPLICIT_MEMBERS,OS10,UG_P0062,NONE_NEEDED,,historical_status는 사실 판정이 아님(다음 단계에서 비교).
EC0091,AP0100,STATE,AFFIRMED,자미덕,재돌의 처임,,,UNSPECIFIED,,UNSPECIFIED,,STATE_REPORTED,UNRESOLVED,IDENTITY_RELATION,,NOT_APPLICABLE,,UG_P0062,재돌→변재돌:STRONGLY_SUPPORTED,,historical_status는 사실 판정이 아님(다음 단계에서 비교).
EC0092,AP0101,STATE,AFFIRMED,재돌,변지돌의 아우임,,,UNSPECIFIED,,UNSPECIFIED,,STATE_REPORTED,UNRESOLVED,IDENTITY_RELATION,,NOT_APPLICABLE,,UG_P0062,재돌→변재돌:STRONGLY_SUPPORTED,,historical_status는 사실 판정이 아님(다음 단계에서 비교).
EC0093,AP0102,ACTION,AFFIRMED,장교 일행,자미덕을 데리고 구순 집으로 가 도난 상황을 물음,구순,구순 집,EXPLICIT,1793-02-29,DAY,,ASSERTED,UNRESOLVED,INTERROGATION,,OPEN_SET,OS11,,장교 일행→이진욱 등 장교:STRONGLY_SUPPORTED,,historical_status는 사실 판정이 아님(다음 단계에서 비교).
EC0094,AP0103,SPEECH_ACT,AFFIRMED,구순,잃은 물건들을 열거함,,구순 집,EXPLICIT,1793-02-29,DAY,,ASSERTED,UNRESOLVED,THEFT_DESCRIPTION,,NOT_APPLICABLE,,,NONE_NEEDED,,historical_status는 사실 판정이 아님(다음 단계에서 비교).
EC0095,AP0104,SPEECH_ACT,AFFIRMED,구순,도적이 스스로 지세대사라고 자칭했다고 말함,,구순 집,EXPLICIT,1793-02-29,DAY,,ASSERTED,UNRESOLVED,JISE_ORIGIN,JISE_ORIGIN,NOT_APPLICABLE,,,NONE_NEEDED,,시간·장소는 구순이 말한 장면(2월 29일 구순 집)의 것이므로 도적의 자칭 자체를 candidate로 만들지 않음. historical_status는 사실 판정이 아님(다음 단계에서 비교).
EC0096,AP0105,ORDER,AFFIRMED,병사 이광섭,3월 4일 풍각 김생원과 흥덕 김생원을 잡아오라고 지시함,풍각 김생원·흥덕 김생원,,UNSPECIFIED,1793-03-04,DAY,,ASSERTED,UNRESOLVED,ARREST_ORDER,,NOT_APPLICABLE,,,풍각 김생원→김명신:DIRECTLY_IDENTIFIED_IN_SOURCE; 흥덕 김생원→김갑득:DIRECTLY_IDENTIFIED_IN_SOURCE,풍각 김생원=김명신; 흥덕 김생원=김갑득,historical_status는 사실 판정이 아님(다음 단계에서 비교).
EC0097,AP0108,ACTION,AFFIRMED,장교 일행,병사 분부에 따라 김명신과 김갑득을 잡아옴,김명신·김갑득,,UNSPECIFIED,1793-03-04,DAY,,ASSERTED,UNRESOLVED,APPREHENSION,,OPEN_SET,OS12,,병사→이광섭:STRONGLY_SUPPORTED; 장교 일행→이진욱 등 장교:CANDIDATE,,historical_status는 사실 판정이 아님(다음 단계에서 비교).
EC0098,AP0109,ACTION,AFFIRMED,조계완,풍각 김생원을 잡으러 가는 길에 구순 집에 들름,,구순 집,EXPLICIT,1793-03-04,DAY,,ASSERTED,UNRESOLVED,PRIVATE_CONTACT,,NOT_APPLICABLE,,,풍각 김생원→김명신:DIRECTLY_IDENTIFIED_IN_SOURCE,풍각 김생원=김명신,historical_status는 사실 판정이 아님(다음 단계에서 비교).
EC0099,AP0110,SPEECH_ACT,AFFIRMED,구순,왜 다시 왔는지 물음,조계완,,UNSPECIFIED,1793-03-04,DAY,,ASSERTED,UNRESOLVED,QUESTION,,NOT_APPLICABLE,,,NONE_NEEDED,,historical_status는 사실 판정이 아님(다음 단계에서 비교).
EC0100,AP0111,SPEECH_ACT,AFFIRMED,조계완,풍각의 상주를 잡으러 왔다고 답함,,,UNSPECIFIED,1793-03-04,DAY,,ASSERTED,UNRESOLVED,RESPONSE,,NOT_APPLICABLE,,,풍각의 상주→김명신:STRONGLY_SUPPORTED,,historical_status는 사실 판정이 아님(다음 단계에서 비교).
EC0101,AP0112,SPEECH_ACT,AFFIRMED,구순,이제야 도적 다스리는 일이 바른 길을 얻었다는 취지로 말함,,,UNSPECIFIED,1793-03-04,DAY,,ASSERTED,UNRESOLVED,REACTION_TO_ARREST,,NOT_APPLICABLE,,,NONE_NEEDED,,historical_status는 사실 판정이 아님(다음 단계에서 비교).
EC0102,AP0113,ACTION,AFFIRMED,구순,서찰 한 장을 건네며 병사에게 전해달라고 요구함,조계완,,UNSPECIFIED,1793-03-04,DAY,,ASSERTED,UNRESOLVED,DOCUMENT_TRANSFER,,NOT_APPLICABLE,,,병사→이광섭:STRONGLY_SUPPORTED,,historical_status는 사실 판정이 아님(다음 단계에서 비교).
EC0103,AP0114,STATE,AFFIRMED,재돌,아산에 나가 있었음,,아산,EXPLICIT,자미덕 체포 전,RELATIVE_ONLY,자미덕 체포 전,STATE_REPORTED,UNRESOLVED,PERSON_LOCATION,,NOT_APPLICABLE,,,재돌→변재돌:STRONGLY_SUPPORTED,,historical_status는 사실 판정이 아님(다음 단계에서 비교).
EC0104,AP0115,ACTION,AFFIRMED,병영 장교,자미덕을 병영으로 붙잡아 감,자미덕,,UNSPECIFIED,,UNSPECIFIED,,ASSERTED,UNRESOLVED,APPREHENSION,,NOT_APPLICABLE,,,NONE_NEEDED,,historical_status는 사실 판정이 아님(다음 단계에서 비교).
EC0105,AP0116,ACTION,AFFIRMED,병영,자미덕을 도적이라고 하며 한 차례 신문함,자미덕,병영,EXPLICIT,,UNSPECIFIED,,ASSERTED,UNRESOLVED,INTERROGATION,,NOT_APPLICABLE,,,NONE_NEEDED,,historical_status는 사실 판정이 아님(다음 단계에서 비교).
EC0106,AP0117,STATE,AFFIRMED,자미덕,신문 뒤 비장청 다모방에 구류됨,,비장청 다모방,EXPLICIT,,UNSPECIFIED,신문 뒤,STATE_REPORTED,UNRESOLVED,DETENTION,,NOT_APPLICABLE,,,NONE_NEEDED,,historical_status는 사실 판정이 아님(다음 단계에서 비교).
EC0107,AP0118,ACTION,AFFIRMED,한 비장,그 후 매일 자미덕을 방안으로 불러들임,자미덕,,UNSPECIFIED,,UNSPECIFIED,그 후,ASSERTED,UNRESOLVED,COACHING,COACHING,NOT_APPLICABLE,,,한 비장→한재욱:CANDIDATE; 한 비장→한가(P0113의 병영 비장 한가):CANDIDATE,,historical_status는 사실 판정이 아님(다음 단계에서 비교).
EC0108,AP0119,SPEECH_ACT,AFFIRMED,한 비장,자미덕의 남편 재돌이 이미 체포되었다고 말함,,,UNSPECIFIED,,UNSPECIFIED,,ASSERTED,UNRESOLVED,COACHING,COACHING,NOT_APPLICABLE,,,한 비장→한재욱:CANDIDATE; 한 비장→한가(P0113의 병영 비장 한가):CANDIDATE; 재돌→변재돌:STRONGLY_SUPPORTED,,발화 내용(재돌 체포)은 candidate로 승격하지 않음. historical_status는 사실 판정이 아님(다음 단계에서 비교).
EC0109,AP0120,SPEECH_ACT,AFFIRMED,한 비장,'정원돌·이집거·김갑득·김성손·김흥득 등을 큰 도적들이라고 말하면'이라는 조건을 말함,,,UNSPECIFIED,,UNSPECIFIED,,ASSERTED,UNRESOLVED,COACHING,COACHING,OPEN_SET_EXPLICIT_MEMBERS,OS13,UG_P0081,한 비장→한재욱:CANDIDATE; 한 비장→한가(P0113의 병영 비장 한가):CANDIDATE,,조건문의 앞부분. 명령·지목 요구로 바꾸지 않음. 대상은 open set(명시 5명 + '등'). historical_status는 사실 판정이 아님(다음 단계에서 비교).
EC0110,AP0121,SPEECH_ACT,AFFIRMED,한 비장,그 조건을 충족하면 자미덕과 남편을 다음 날 석방하겠다고 말함,,,UNSPECIFIED,,UNSPECIFIED,,ASSERTED,UNRESOLVED,COACHING,COACHING,NOT_APPLICABLE,,UG_P0081,한 비장→한재욱:CANDIDATE; 한 비장→한가(P0113의 병영 비장 한가):CANDIDATE; 남편→재돌:DIRECTLY_IDENTIFIED_IN_SOURCE,남편=재돌,조건문의 뒷부분. 석방 실행 여부는 candidate로 만들지 않음. historical_status는 사실 판정이 아님(다음 단계에서 비교).
EC0111,AP0122,ACTION,AFFIRMED,한 비장,자미덕에게 떡과 밥을 줌,자미덕,,UNSPECIFIED,,UNSPECIFIED,,ASSERTED,UNRESOLVED,COACHING,COACHING,NOT_APPLICABLE,,,한 비장→한재욱:CANDIDATE; 한 비장→한가(P0113의 병영 비장 한가):CANDIDATE,,historical_status는 사실 판정이 아님(다음 단계에서 비교).
EC0112,AP0123,ACTION,AFFIRMED,자미덕·이집거,서로 대질함,,,UNSPECIFIED,,UNSPECIFIED,,ASSERTED,UNRESOLVED,CONFRONTATION,,NOT_APPLICABLE,,,NONE_NEEDED,,대질의 목적·혐의·주관자는 원문에 없으므로 추가하지 않음. historical_status는 사실 판정이 아님(다음 단계에서 비교).
EC0113,AP0124,SPEECH_ACT,AFFIRMED,자미덕,이집거와 대질할 때 거짓으로 꾸며 말함,,,UNSPECIFIED,,UNSPECIFIED,,ASSERTED,UNRESOLVED,COACHING,COACHING,NOT_APPLICABLE,,UG_P0084,NONE_NEEDED,,거짓 발언의 내용·대상은 원문에 없으므로 생성하지 않음. historical_status는 사실 판정이 아님(다음 단계에서 비교).
EC0114,AP0125,ACTION,AFFIRMED,한 비장,자미덕의 그 거짓 발언을 지휘함,,,UNSPECIFIED,,UNSPECIFIED,,ASSERTED,UNRESOLVED,COACHING,COACHING,NOT_APPLICABLE,,UG_P0084,한 비장→한재욱:CANDIDATE; 한 비장→한가(P0113의 병영 비장 한가):CANDIDATE,,자미덕 진술(AP0125)이 유일한 근거. '그 거짓 발언'은 같은 부모(P0084)의 AP0124 내용. historical_status는 사실 판정이 아님(다음 단계에서 비교).
EC0115,AP0127,ACTION,AFFIRMED,한재욱,병영 아전 유제희를 내보냄,유제희,,UNSPECIFIED,,UNSPECIFIED,,ASSERTED,UNRESOLVED,DISPATCH,,NOT_APPLICABLE,,UG_P0086,NONE_NEEDED,,historical_status는 사실 판정이 아님(다음 단계에서 비교).
EC0116,AP0128,PURPOSE_ATTRIBUTION,AFFIRMED,한재욱,유제희를 내보낸 목적이 도적 진상 탐지였음,유제희,,UNSPECIFIED,,UNSPECIFIED,,ASSERTED,UNRESOLVED,DISPATCH,,NOT_APPLICABLE,,UG_P0086,NONE_NEEDED,,historical_status는 사실 판정이 아님(다음 단계에서 비교).
EC0117,AP0129,ACTION,AFFIRMED,유제희,변지돌·변재돌·정원돌·김명신·김성손·김흥득·김흥길 등의 성명을 적어 옴,,,UNSPECIFIED,,UNSPECIFIED,,ASSERTED,UNRESOLVED,SUSPECT_LIST,,OPEN_SET_EXPLICIT_MEMBERS,OS14,,NONE_NEEDED,,한재욱이 전한 유제희의 기록 행위. 명단은 open set(명시 7명 + '등')이며 구성원이 실제 도적이라는 뜻이 아님. historical_status는 사실 판정이 아님(다음 단계에서 비교).
EC0118,AP0130,ACTION,AFFIRMED,유제희,그 이름들을 직접 염탐해 알아냄,,,UNSPECIFIED,,UNSPECIFIED,,ASSERTED,UNRESOLVED,SUSPECT_LIST_ORIGIN,,NOT_APPLICABLE,,,NONE_NEEDED,,historical_status는 사실 판정이 아님(다음 단계에서 비교).
EC0119,AP0131,ACTION,AFFIRMED,한재욱,자미덕을 방안으로 부름,자미덕,,UNSPECIFIED,,UNSPECIFIED,,ASSERTED,UNRESOLVED,COACHING,COACHING,NOT_APPLICABLE,,UG_P0089,NONE_NEEDED,,historical_status는 사실 판정이 아님(다음 단계에서 비교).
EC0120,AP0132,ACTION,AFFIRMED,한재욱,자미덕에게 남은 밥을 줌,자미덕,,UNSPECIFIED,,UNSPECIFIED,,ASSERTED,UNRESOLVED,COACHING,COACHING,NOT_APPLICABLE,,UG_P0089,NONE_NEEDED,,historical_status는 사실 판정이 아님(다음 단계에서 비교).
EC0121,AP0133,SPEECH_ACT,AFFIRMED,유제희,석단 공초에서 김명신이 도적 괴수라고 했다고 말함,,,UNSPECIFIED,,UNSPECIFIED,,ASSERTED,UNRESOLVED,SEOKDAN_INFORMATION,,NOT_APPLICABLE,,UG_P0090,NONE_NEEDED,,석단의 공초 내용은 candidate로 승격하지 않음(3단 중첩). historical_status는 사실 판정이 아님(다음 단계에서 비교).
EC0122,AP0134,SPEECH_ACT,AFFIRMED,유제희,자미덕에게 다시 물어보라고 말함,,,UNSPECIFIED,,UNSPECIFIED,,ASSERTED,UNRESOLVED,INTERROGATION,,NOT_APPLICABLE,,UG_P0090,NONE_NEEDED,,historical_status는 사실 판정이 아님(다음 단계에서 비교).
EC0123,AP0135,ACTION,AFFIRMED,한재욱,자미덕에게 다시 물음,자미덕,,UNSPECIFIED,,UNSPECIFIED,,ASSERTED,UNRESOLVED,INTERROGATION,,NOT_APPLICABLE,,UG_P0091,NONE_NEEDED,,historical_status는 사실 판정이 아님(다음 단계에서 비교).
EC0124,AP0136,CAUSE_ATTRIBUTION,AFFIRMED,한재욱,다시 물은 것이 유제희 말에 따른 것이었음,자미덕,,UNSPECIFIED,,UNSPECIFIED,,ASSERTED,UNRESOLVED,INTERROGATION,,NOT_APPLICABLE,,UG_P0091,NONE_NEEDED,,historical_status는 사실 판정이 아님(다음 단계에서 비교).
EC0125,AP0137,SPEECH_ACT,AFFIRMED,자미덕,재질문에 모른다고 답함,,,UNSPECIFIED,,UNSPECIFIED,,ASSERTED,UNRESOLVED,RESPONSE,,NOT_APPLICABLE,,,NONE_NEEDED,,historical_status는 사실 판정이 아님(다음 단계에서 비교).
EC0126,AP0138,ACTION,NEGATED,한재욱,자미덕을 은밀히 사주함,,,UNSPECIFIED,,UNSPECIFIED,,DENIED,UNRESOLVED,COACHING,COACHING,NOT_APPLICABLE,,,NONE_NEEDED,,한재욱의 부인 진술. '사주했다'는 발생 사실로 만들지 않음. historical_status는 사실 판정이 아님(다음 단계에서 비교).
EC0127,AP0139,STATE,NEGATED,한재욱,구순과 아는 사이임,,,UNSPECIFIED,,UNSPECIFIED,,DENIED,UNRESOLVED,HAN_GUSUN_RELATION,HAN_GUSUN_RELATION,NOT_APPLICABLE,,,NONE_NEEDED,,원문: 구순과 평생 모르는 사이. historical_status는 사실 판정이 아님(다음 단계에서 비교).
EC0128,AP0140,ACTION,AFFIRMED,유제희,당초 현지에 가서 탐문함,,,UNSPECIFIED,,UNSPECIFIED,,ASSERTED,UNRESOLVED,INQUIRY,,NOT_APPLICABLE,,,NONE_NEEDED,,historical_status는 사실 판정이 아님(다음 단계에서 비교).
EC0129,AP0141,SPEECH_ACT,AFFIRMED,구순,풍각 김상제도 극히 수상하다고 말함,풍각 김상제,,UNSPECIFIED,,UNSPECIFIED,,ASSERTED,UNRESOLVED,SUSPECT_IDENTIFICATION,,NOT_APPLICABLE,,,풍각 김상제→김명신:STRONGLY_SUPPORTED,,historical_status는 사실 판정이 아님(다음 단계에서 비교).
EC0130,AP0142,ACTION,AFFIRMED,유제희,그 말을 원돌 등의 이름과 함께 기록해 올림,,,UNSPECIFIED,,UNSPECIFIED,,ASSERTED,UNRESOLVED,SUSPECT_LIST_ORIGIN,,OPEN_SET_EXPLICIT_MEMBERS,OS15,,원돌→정원돌:STRONGLY_SUPPORTED,,historical_status는 사실 판정이 아님(다음 단계에서 비교).
EC0131,AP0143,STATE,AFFIRMED,약간의 도난,실제였음,,,UNSPECIFIED,,UNSPECIFIED,,OFFICIAL_FINDING,UNRESOLVED,THEFT_REALITY,THEFT_REALITY,NOT_APPLICABLE,,,NONE_NEEDED,,historical_status는 사실 판정이 아님(다음 단계에서 비교).
EC0132,AP0144,STATE,AFFIRMED,도난,큰 화적 사건이 아니라 보통 좀도둑 수준이었음,,,UNSPECIFIED,,UNSPECIFIED,,OFFICIAL_FINDING,UNRESOLVED,THEFT_SCALE,,NOT_APPLICABLE,,,NONE_NEEDED,,historical_status는 사실 판정이 아님(다음 단계에서 비교).
EC0133,AP0146,ACTION,AFFIRMED,구순,과장함,,,UNSPECIFIED,,UNSPECIFIED,,OFFICIAL_FINDING,UNRESOLVED,COMMAND_FAILURE,,NOT_APPLICABLE,,UG_P0101,NONE_NEEDED,,historical_status는 사실 판정이 아님(다음 단계에서 비교).
EC0134,AP0147,ACTION,AFFIRMED,아전,거짓 보고를 함,,,UNSPECIFIED,,UNSPECIFIED,,OFFICIAL_FINDING,UNRESOLVED,COMMAND_FAILURE,,NOT_APPLICABLE,,UG_P0101,아전→유제희:CANDIDATE,,historical_status는 사실 판정이 아님(다음 단계에서 비교).
EC0135,AP0148,STATE,AFFIRMED,이광섭,구순의 과장과 아전의 거짓 보고를 믿음,,,UNSPECIFIED,,UNSPECIFIED,,OFFICIAL_FINDING,UNRESOLVED,COMMAND_FAILURE,,NOT_APPLICABLE,,UG_P0101,아전→유제희:CANDIDATE,,historical_status는 사실 판정이 아님(다음 단계에서 비교).
EC0136,AP0149,ACTION,AFFIRMED,이광섭,장물이 없는 상태에서 판단함,,,UNSPECIFIED,,UNSPECIFIED,,OFFICIAL_FINDING,UNRESOLVED,EVIDENCE,,NOT_APPLICABLE,,UG_P0101,NONE_NEEDED,,historical_status는 사실 판정이 아님(다음 단계에서 비교).
EC0137,AP0150,ACTION,AFFIRMED,이광섭,큰 도적으로 판단함,,,UNSPECIFIED,,UNSPECIFIED,,OFFICIAL_FINDING,UNRESOLVED,COMMAND_FAILURE,,NOT_APPLICABLE,,UG_P0101,NONE_NEEDED,,historical_status는 사실 판정이 아님(다음 단계에서 비교).
EC0138,AP0151,CAUSE_ATTRIBUTION,AFFIRMED,김명신,죽음이 질병 때문이었음,,,UNSPECIFIED,,UNSPECIFIED,,OFFICIAL_FINDING,UNRESOLVED,DEATH_CAUSE,DEATH_CAUSE,NOT_APPLICABLE,,,NONE_NEEDED,,historical_status는 사실 판정이 아님(다음 단계에서 비교).
EC0139,AP0152,ACTION,NEGATED,이문협,장물부터 확보함,,,UNSPECIFIED,,UNSPECIFIED,,OFFICIAL_FINDING,UNRESOLVED,INVESTIGATION_METHOD,,NOT_APPLICABLE,,UG_P0103,NONE_NEEDED,,historical_status는 사실 판정이 아님(다음 단계에서 비교).
EC0140,AP0153,ACTION,AFFIRMED,이문협,장교·나졸을 풀어 평민을 잡음,,,UNSPECIFIED,,UNSPECIFIED,,OFFICIAL_FINDING,UNRESOLVED,INVESTIGATION_METHOD,,NOT_APPLICABLE,,UG_P0103,NONE_NEEDED,,historical_status는 사실 판정이 아님(다음 단계에서 비교).
EC0141,AP0154,ACTION,AFFIRMED,병영 비장,지휘함,,,UNSPECIFIED,,UNSPECIFIED,,OFFICIAL_FINDING,UNRESOLVED,INVESTIGATION_METHOD,,NOT_APPLICABLE,,UG_P0103,병영 비장→한가(P0113의 병영 비장 한가):CANDIDATE,,historical_status는 사실 판정이 아님(다음 단계에서 비교).
EC0142,AP0155,ACTION,AFFIRMED,이문협,병영 비장 지휘대로 죄를 얽음,,,UNSPECIFIED,,UNSPECIFIED,,OFFICIAL_FINDING,UNRESOLVED,INVESTIGATION_METHOD,,NOT_APPLICABLE,,UG_P0103,병영 비장→한가(P0113의 병영 비장 한가):CANDIDATE,,historical_status는 사실 판정이 아님(다음 단계에서 비교).
EC0143,AP0157,STATE,AFFIRMED,도난,실제로 있었음,,,UNSPECIFIED,,UNSPECIFIED,,ROYAL_FINDING,UNRESOLVED,THEFT_REALITY,THEFT_REALITY,NOT_APPLICABLE,,,NONE_NEEDED,,historical_status는 사실 판정이 아님(다음 단계에서 비교).
EC0144,AP0158,CAUSE_ATTRIBUTION,AFFIRMED,김명신,전염병에 걸려 죽음,,,UNSPECIFIED,,UNSPECIFIED,,ROYAL_FINDING,UNRESOLVED,DEATH_CAUSE,DEATH_CAUSE,NOT_APPLICABLE,,UG_P0106,NONE_NEEDED,,historical_status는 사실 판정이 아님(다음 단계에서 비교).
EC0145,AP0159,CAUSE_ATTRIBUTION,AFFIRMED,김명신 부처 중 처,전염병에 걸려 죽음,,,UNSPECIFIED,,UNSPECIFIED,,ROYAL_FINDING,UNRESOLVED,DEATH_CAUSE,DEATH_CAUSE,NOT_APPLICABLE,,UG_P0106,NONE_NEEDED,,historical_status는 사실 판정이 아님(다음 단계에서 비교).
EC0146,AP0160,ACTION,NEGATED,김명신,곤장을 맞음,,,UNSPECIFIED,,UNSPECIFIED,,ROYAL_FINDING,UNRESOLVED,TREATMENT_OF_KIM,,NOT_APPLICABLE,,UG_P0107,NONE_NEEDED,,historical_status는 사실 판정이 아님(다음 단계에서 비교).
EC0147,AP0161,ACTION,NEGATED,김명신,평범한 신문을 받음,,,UNSPECIFIED,,UNSPECIFIED,,ROYAL_FINDING,UNRESOLVED,TREATMENT_OF_KIM,,NOT_APPLICABLE,,UG_P0107,NONE_NEEDED,,historical_status는 사실 판정이 아님(다음 단계에서 비교).
EC0148,AP0162,ACTION,AFFIRMED,예전 무식한 좀도둑들,지세대감·지세대사·지세랑 호칭을 씀,,,UNSPECIFIED,,UNSPECIFIED,,ROYAL_FINDING,UNRESOLVED,JISE_ORIGIN,JISE_ORIGIN,NOT_APPLICABLE,,,NONE_NEEDED,,historical_status는 사실 판정이 아님(다음 단계에서 비교).
EC0149,AP0163,ACTION,NEGATED,구순,지세 호칭을 스스로 만들어냄,,,UNSPECIFIED,,UNSPECIFIED,,ROYAL_FINDING,UNRESOLVED,JISE_ORIGIN,JISE_ORIGIN,NOT_APPLICABLE,,,NONE_NEEDED,,원문: 그런 죄는 면하게 됐다고 판단(창작 혐의 불인정). historical_status는 사실 판정이 아님(다음 단계에서 비교).
EC0150,AP0164,ORDER,AFFIRMED,정조,구순을 사형에서 감해 외딴 섬으로 정배하도록 명함,구순,,UNSPECIFIED,,UNSPECIFIED,,ORDERED,UNRESOLVED,PUNISHMENT,,NOT_APPLICABLE,,,NONE_NEEDED,,historical_status는 사실 판정이 아님(다음 단계에서 비교).
EC0151,AP0165,ORDER,AFFIRMED,정조,구순을 신지도에 정배하는 처분을 내림,구순,신지도,EXPLICIT,,UNSPECIFIED,,ORDERED,UNRESOLVED,PUNISHMENT,,NOT_APPLICABLE,,,NONE_NEEDED,,왕명 기록. 집행 기록이 아님. historical_status는 사실 판정이 아님(다음 단계에서 비교).
EC0152,AP0166,ORDER,AFFIRMED,정조,이광섭을 영동현에 유배하는 처분을 내림,이광섭,영동현,EXPLICIT,,UNSPECIFIED,,ORDERED,UNRESOLVED,PUNISHMENT,,NOT_APPLICABLE,,,NONE_NEEDED,,왕명 기록. 집행 기록이 아님. historical_status는 사실 판정이 아님(다음 단계에서 비교).
EC0153,AP0167,ORDER,AFFIRMED,정조,병영 비장 한가를 도백이 엄히 세 차례 형장 친 뒤 먼 섬의 종으로 보내도록 명함,한가,,UNSPECIFIED,,UNSPECIFIED,형장 친 뒤,ORDERED,UNRESOLVED,PUNISHMENT,,NOT_APPLICABLE,,,한가→한재욱:STRONGLY_SUPPORTED,,'형장 친 뒤'는 명령 내용 안의 순서. 왕명 기록이며 집행 기록이 아님. historical_status는 사실 판정이 아님(다음 단계에서 비교).
EC0154,AP0168,ORDER,AFFIRMED,정조,충청도 관찰사 이형원을 파직하도록 명함,이형원,,UNSPECIFIED,,UNSPECIFIED,,ORDERED,UNRESOLVED,PUNISHMENT,,NOT_APPLICABLE,,,NONE_NEEDED,,historical_status는 사실 판정이 아님(다음 단계에서 비교).
EC0155,AP0169,ORDER,AFFIRMED,정조,전 충청도 관찰사 이형원을 유임하는 처분을 내림,이형원,,UNSPECIFIED,,UNSPECIFIED,,ORDERED,UNRESOLVED,POST_CASE_APPOINTMENT,,NOT_APPLICABLE,,,NONE_NEEDED,,historical_status는 사실 판정이 아님(다음 단계에서 비교).
