conflict_group,candidate_id,source_date,speaker,event_type,predicate,polarity,epistemic_source_type,notes
THEFT_REALITY,EC0012,1793-05-12,이형원 > 회동 조사 응답자들,ACTION,구순 | 도난 상황을 꾸밈,AFFIRMED,EMBEDDED_TESTIMONY,ASSERTED; membership=RAW_CONFLICT_GROUP; kind=FAB
THEFT_REALITY,EC0022,1793-05-12,정조,STATE,도난 자체 | 있었음,NEGATED,ROYAL,ROYAL_FINDING; membership=RAW_CONFLICT_GROUP; kind=NEG
THEFT_REALITY,EC0024,1793-05-27,이조원,ACTION,구순 집 | 화적이 들었음,DOUBTED,OFFICIAL,OFFICIAL_FINDING; membership=RAW_CONFLICT_GROUP; kind=DOUBT
THEFT_REALITY,EC0030,1793-05-27,이조원,ACTION,구순 | 도난 상황을 꾸밈,AFFIRMED,OFFICIAL,OFFICIAL_FINDING; membership=RAW_CONFLICT_GROUP; kind=FAB
THEFT_REALITY,EC0046,1793-05-27,이조원,STATE,구순 사건의 도난 | 있었음,NEGATED,OFFICIAL,OFFICIAL_FINDING; membership=RAW_CONFLICT_GROUP; kind=NEG
THEFT_REALITY,EC0050,1793-06-11,윤노동 > 구순,ACTION,구순 | 도적을 만남,AFFIRMED,EMBEDDED_TESTIMONY,ASSERTED; membership=ANALYTIC_ISSUE_TAG(POS_ACT)
THEFT_REALITY,EC0065,1793-06-13,명업,SPEECH_ACT,나복 | 명업에게 도적이 들었다고 알림,AFFIRMED,TESTIMONY,ASSERTED; membership=ANALYTIC_ISSUE_TAG(SPEECH)
THEFT_REALITY,EC0066,1793-06-13,명업 > 나복,ACTION,도적 | 들어옴,AFFIRMED,EMBEDDED_TESTIMONY,ASSERTED; membership=ANALYTIC_ISSUE_TAG(DETAIL_ENTRY)
THEFT_REALITY,EC0067,1793-06-13,명업 > 나복,STATE,들어온 도적 | 30여 명이었음,AFFIRMED,EMBEDDED_TESTIMONY,STATE_REPORTED; membership=ANALYTIC_ISSUE_TAG(DETAIL_COUNT)
THEFT_REALITY,EC0068,1793-06-13,명업 > 나복,ACTION,도적 | 횃불을 들고 들어옴,AFFIRMED,EMBEDDED_TESTIMONY,ASSERTED; membership=ANALYTIC_ISSUE_TAG(DETAIL_TORCH)
THEFT_REALITY,EC0070,1793-06-13,명업 > 나복,ACTION,도적 | 돈과 물품을 훔침,AFFIRMED,EMBEDDED_TESTIMONY,ASSERTED; membership=ANALYTIC_ISSUE_TAG(POS_ACT)
THEFT_REALITY,EC0079,1793-06-13,명업,SPEECH_ACT,명업 | 도적이 없었다는 취지로 진술을 바꿈,AFFIRMED,TESTIMONY,ASSERTED; membership=ANALYTIC_ISSUE_TAG(SPEECH)
THEFT_REALITY,EC0094,1793-06-13,이진욱,SPEECH_ACT,구순 | 잃은 물건들을 열거함,AFFIRMED,TESTIMONY,ASSERTED; membership=ANALYTIC_ISSUE_TAG(SPEECH)
THEFT_REALITY,EC0131,1793-06-13,홍대협,STATE,약간의 도난 | 실제였음,AFFIRMED,OFFICIAL,OFFICIAL_FINDING; membership=RAW_CONFLICT_GROUP; kind=POS_JUDGE
THEFT_REALITY,EC0132,1793-06-13,홍대협,STATE,도난 | 큰 화적 사건이 아니라 보통 좀도둑 수준이었음,AFFIRMED,OFFICIAL,OFFICIAL_FINDING; membership=ANALYTIC_ISSUE_TAG(SCALE_SMALL)
THEFT_REALITY,EC0143,1793-06-13,정조,STATE,도난 | 실제로 있었음,AFFIRMED,ROYAL,ROYAL_FINDING; membership=RAW_CONFLICT_GROUP; kind=POS_JUDGE
THEFT_REALITY,,,,,,,,"projection-stage review pending: AP0002 (event candidate 없음, 이번 분석 제외)"
THEFT_REALITY,,,,,,,,"projection-stage review pending: AP0047 (event candidate 없음, 이번 분석 제외)"
THEFT_REALITY,,,,,,,,"projection-stage review pending: AP0126 (event candidate 없음, 이번 분석 제외)"
DEATH_CAUSE,EC0007,1793-05-12,이형원,DEATH,김명신 | 사망,AFFIRMED,OFFICIAL,OFFICIAL_FINDING; membership=ANALYTIC_ISSUE_TAG(KIM_OCC)
DEATH_CAUSE,EC0008,1793-05-12,이형원,TEMPORAL_ATTRIBUTION,김명신 | 사망이 구금·조사 뒤였음,AFFIRMED,OFFICIAL,OFFICIAL_FINDING; membership=ANALYTIC_ISSUE_TAG(KIM_TIME)
DEATH_CAUSE,EC0036,1793-05-27,이조원,DEATH,김명신 | 사망,AFFIRMED,OFFICIAL,OFFICIAL_FINDING; membership=ANALYTIC_ISSUE_TAG(KIM_OCC)
DEATH_CAUSE,EC0037,1793-05-27,이조원,PLACE_ATTRIBUTION,김명신 | 사망 장소가 병영 옥이었음,AFFIRMED,OFFICIAL,OFFICIAL_FINDING; membership=ANALYTIC_ISSUE_TAG(KIM_PLACE)
DEATH_CAUSE,EC0038,1793-05-27,이조원,CAUSE_ATTRIBUTION,김명신 | 구순이 구성한 죄안 때문에 사망함,AFFIRMED,OFFICIAL,OFFICIAL_FINDING; membership=RAW_CONFLICT_GROUP; kind=KIM_CAUSE_CHARGE
DEATH_CAUSE,EC0039,1793-05-27,이조원,DEATH,김명신의 아내 | 사망,AFFIRMED,OFFICIAL,OFFICIAL_FINDING; membership=ANALYTIC_ISSUE_TAG(WIFE_OCC)
DEATH_CAUSE,EC0040,1793-05-27,이조원,TEMPORAL_ATTRIBUTION,김명신의 아내 | 김명신이 죽은 뒤 따라 죽음,AFFIRMED,OFFICIAL,OFFICIAL_FINDING; membership=ANALYTIC_ISSUE_TAG(WIFE_TIME)
DEATH_CAUSE,EC0053,1793-06-11,윤노동,DEATH,김명신 | 사망,AFFIRMED,OFFICIAL,OFFICIAL_FINDING; membership=ANALYTIC_ISSUE_TAG(KIM_OCC)
DEATH_CAUSE,EC0054,1793-06-11,윤노동,CAUSE_ATTRIBUTION,김명신 | 사망 원인이 병이었음,AFFIRMED,OFFICIAL,OFFICIAL_FINDING; membership=RAW_CONFLICT_GROUP; kind=KIM_CAUSE_BYEONG
DEATH_CAUSE,EC0055,1793-06-11,윤노동,TEMPORAL_ATTRIBUTION,김명신 | 사망이 체포·구금 뒤였음,AFFIRMED,OFFICIAL,OFFICIAL_FINDING; membership=ANALYTIC_ISSUE_TAG(KIM_TIME)
DEATH_CAUSE,EC0138,1793-06-13,홍대협,CAUSE_ATTRIBUTION,김명신 | 죽음이 질병 때문이었음,AFFIRMED,OFFICIAL,OFFICIAL_FINDING; membership=RAW_CONFLICT_GROUP; kind=KIM_CAUSE_JILBYEONG
DEATH_CAUSE,EC0144,1793-06-13,정조,CAUSE_ATTRIBUTION,김명신 | 전염병에 걸려 죽음,AFFIRMED,ROYAL,ROYAL_FINDING; membership=RAW_CONFLICT_GROUP; kind=KIM_CAUSE_EPIDEMIC
DEATH_CAUSE,EC0145,1793-06-13,정조,CAUSE_ATTRIBUTION,김명신 부처 중 처 | 전염병에 걸려 죽음,AFFIRMED,ROYAL,ROYAL_FINDING; membership=RAW_CONFLICT_GROUP; kind=WIFE_CAUSE_EPIDEMIC
JISE_ORIGIN,EC0031,1793-05-27,이조원,ACTION,구순 | 지세랑이라는 말을 만듦,AFFIRMED,OFFICIAL,OFFICIAL_FINDING; membership=RAW_CONFLICT_GROUP; kind=INVENT_POS
JISE_ORIGIN,EC0032,1793-05-27,이조원,ACTION,구순 | 지세랑이라는 말을 퍼뜨림,AFFIRMED,OFFICIAL,OFFICIAL_FINDING; membership=RAW_CONFLICT_GROUP; kind=SPREAD
JISE_ORIGIN,EC0047,1793-05-28,홍대협,ACTION,예전 호중 화적 | 지세랑 호칭을 사용한 적이 있음,AFFIRMED,TESTIMONY,ASSERTED; membership=RAW_CONFLICT_GROUP; kind=PRIOR
JISE_ORIGIN,EC0069,1793-06-13,명업 > 나복,SPEECH_ACT,도적 | 지세대감이라 자칭함,AFFIRMED,EMBEDDED_TESTIMONY,ASSERTED; membership=RAW_CONFLICT_GROUP; kind=SELFNAME
JISE_ORIGIN,EC0095,1793-06-13,이진욱,SPEECH_ACT,구순 | 도적이 스스로 지세대사라고 자칭했다고 말함,AFFIRMED,TESTIMONY,ASSERTED; membership=RAW_CONFLICT_GROUP; kind=SELFNAME
JISE_ORIGIN,EC0148,1793-06-13,정조,ACTION,예전 무식한 좀도둑들 | 지세대감·지세대사·지세랑 호칭을 씀,AFFIRMED,ROYAL,ROYAL_FINDING; membership=RAW_CONFLICT_GROUP; kind=PRIOR
JISE_ORIGIN,EC0149,1793-06-13,정조,ACTION,구순 | 지세 호칭을 스스로 만들어냄,NEGATED,ROYAL,ROYAL_FINDING; membership=RAW_CONFLICT_GROUP; kind=INVENT_NEG
COACHING,EC0058,1793-06-11,윤노동,ACTION,한재욱 | 변가의 처를 꾐,AFFIRMED,OFFICIAL,OFFICIAL_FINDING; membership=RAW_CONFLICT_GROUP; kind=YOON
COACHING,EC0059,1793-06-11,윤노동,SPEECH_ACT,변가의 처 | 김명신이 도적 괴수라는 취지의 공초를 냄,AFFIRMED,OFFICIAL,OFFICIAL_FINDING; membership=ANALYTIC_ISSUE_TAG(YOON_TESTIMONY)
COACHING,EC0060,1793-06-11,윤노동,ACTION,한재욱 | 변가의 처를 꾀어 그 공초를 내게 함,AFFIRMED,OFFICIAL,OFFICIAL_FINDING; membership=RAW_CONFLICT_GROUP; kind=YOON
COACHING,EC0107,1793-06-13,자미덕,ACTION,한 비장 | 그 후 매일 자미덕을 방안으로 불러들임,AFFIRMED,TESTIMONY,ASSERTED; membership=RAW_CONFLICT_GROUP; kind=HB_CONTACT
COACHING,EC0108,1793-06-13,자미덕,SPEECH_ACT,한 비장 | 자미덕의 남편 재돌이 이미 체포되었다고 말함,AFFIRMED,TESTIMONY,ASSERTED; membership=RAW_CONFLICT_GROUP; kind=HB_PRESSURE
COACHING,EC0109,1793-06-13,자미덕,SPEECH_ACT,한 비장 | '정원돌·이집거·김갑득·김성손·김흥득 등을 큰 도적들이라고 말하면'이라는 조건을 말함,AFFIRMED,TESTIMONY,ASSERTED; membership=RAW_CONFLICT_GROUP; kind=HB_OFFER
COACHING,EC0110,1793-06-13,자미덕,SPEECH_ACT,한 비장 | 그 조건을 충족하면 자미덕과 남편을 다음 날 석방하겠다고 말함,AFFIRMED,TESTIMONY,ASSERTED; membership=RAW_CONFLICT_GROUP; kind=HB_OFFER
COACHING,EC0111,1793-06-13,자미덕,ACTION,한 비장 | 자미덕에게 떡과 밥을 줌,AFFIRMED,TESTIMONY,ASSERTED; membership=RAW_CONFLICT_GROUP; kind=HB_CONTACT
COACHING,EC0113,1793-06-13,자미덕,SPEECH_ACT,자미덕 | 이집거와 대질할 때 거짓으로 꾸며 말함,AFFIRMED,TESTIMONY,ASSERTED; membership=RAW_CONFLICT_GROUP; kind=SELF_LIE
COACHING,EC0114,1793-06-13,자미덕,ACTION,한 비장 | 자미덕의 그 거짓 발언을 지휘함,AFFIRMED,TESTIMONY,ASSERTED; membership=RAW_CONFLICT_GROUP; kind=HB_DIRECT
COACHING,EC0119,1793-06-13,한재욱,ACTION,한재욱 | 자미덕을 방안으로 부름,AFFIRMED,TESTIMONY,ASSERTED; membership=RAW_CONFLICT_GROUP; kind=HAN_ADMIT_ROOM
COACHING,EC0120,1793-06-13,한재욱,ACTION,한재욱 | 자미덕에게 남은 밥을 줌,AFFIRMED,TESTIMONY,ASSERTED; membership=RAW_CONFLICT_GROUP; kind=HAN_ADMIT_FOOD
COACHING,EC0126,1793-06-13,한재욱,ACTION,한재욱 | 자미덕을 은밀히 사주함,NEGATED,TESTIMONY,DENIED; membership=RAW_CONFLICT_GROUP; kind=HAN_DENY
MOTIVE,EC0011,1793-05-12,이형원 > 회동 조사 응답자들,STATE,구순과 김명신 | 사이에 원한이 있었음,AFFIRMED,EMBEDDED_TESTIMONY,STATE_REPORTED; membership=RAW_CONFLICT_GROUP; kind=ENMITY
MOTIVE,EC0025,1793-05-27,이조원,STATE,김명신 | 구순의 이웃으로 삶,AFFIRMED,OFFICIAL,OFFICIAL_FINDING; membership=ANALYTIC_ISSUE_TAG(NEIGHBOR)
MOTIVE,EC0026,1793-05-27,이조원,ACTION,김명신 | 구순의 행실을 비판함,AFFIRMED,OFFICIAL,OFFICIAL_FINDING; membership=ANALYTIC_ISSUE_TAG(CRITICISM)
MOTIVE,EC0027,1793-05-27,이조원,STATE,구순 | 앙심을 품음,AFFIRMED,OFFICIAL,OFFICIAL_FINDING; membership=RAW_CONFLICT_GROUP; kind=ENMITY
MOTIVE,EC0028,1793-05-27,이조원,CAUSE_ATTRIBUTION,구순 | 그 앙심이 김명신의 비판 때문이었음,AFFIRMED,OFFICIAL,OFFICIAL_FINDING; membership=RAW_CONFLICT_GROUP; kind=GRUDGE_CAUSE
MOTIVE,EC0029,1793-05-27,이조원,STATE,구순 | 김명신을 모함하려 함,AFFIRMED,OFFICIAL,OFFICIAL_FINDING; membership=RAW_CONFLICT_GROUP; kind=INTENT
MOTIVE,EC0071,1793-06-13,명업,STATE,김명신 | 본래 구순과 친숙하여 날마다 왕래함,AFFIRMED,TESTIMONY,STATE_REPORTED; membership=ANALYTIC_ISSUE_TAG(INTIMATE)
MOTIVE,EC0072,1793-06-13,명업,ACTION,김명신 | 2월 초 박거사 일로 구순에게 편지를 보내 힐책함,AFFIRMED,TESTIMONY,ASSERTED; membership=ANALYTIC_ISSUE_TAG(LETTER)
MOTIVE,EC0073,1793-06-13,명업,STATE,구순·김명신 | 왕래가 끊김,AFFIRMED,TESTIMONY,STATE_REPORTED; membership=ANALYTIC_ISSUE_TAG(BREAK)
HAN_GUSUN_RELATION,EC0043,1793-05-27,이조원,STATE,병영의 하급 보조자 | 구순의 가객이었음,AFFIRMED,OFFICIAL,OFFICIAL_FINDING; membership=ANALYTIC_ISSUE_TAG(HELPER_GUEST)
HAN_GUSUN_RELATION,EC0127,1793-06-13,한재욱,STATE,한재욱 | 구순과 아는 사이임,NEGATED,TESTIMONY,DENIED; membership=RAW_CONFLICT_GROUP; kind=HAN_DENY_ACQ
