variable_id,variable_type,referent_id,description,domain,source_basis,notes
ATT_EC0001,ATTESTATION_FACT,EC0001,이형원의 진술/기록이 존재한다: 구순 | 청주 덕평에 거주 (AFFIRMED),{TRUE} (source-fixed),AP0001 / OFFICIAL_FINDING,기록의 존재만 고정. 내용의 참거짓은 E_ 변수.
ATT_EC0002,ATTESTATION_FACT,EC0002,이형원의 진술/기록이 존재한다: 구순 | 김명신을 도적 괴수라고 말함 (AFFIRMED),{TRUE} (source-fixed),AP0003 / OFFICIAL_FINDING,기록의 존재만 고정. 내용의 참거짓은 E_ 변수.
ATT_EC0003,ATTESTATION_FACT,EC0003,이형원의 진술/기록이 존재한다: 충청병영 | 김명신을 잡음 (AFFIRMED),{TRUE} (source-fixed),AP0004 / OFFICIAL_FINDING,기록의 존재만 고정. 내용의 참거짓은 E_ 변수.
ATT_EC0004,ATTESTATION_FACT,EC0004,이형원의 진술/기록이 존재한다: 충청병영 | 김명신을 달포 이상 구금함 (AFFIRMED),{TRUE} (source-fixed),AP0005 / OFFICIAL_FINDING,기록의 존재만 고정. 내용의 참거짓은 E_ 변수.
ATT_EC0005,ATTESTATION_FACT,EC0005,이형원의 진술/기록이 존재한다: 충청병영 | 김명신을 조사함 (AFFIRMED),{TRUE} (source-fixed),AP0006 / OFFICIAL_FINDING,기록의 존재만 고정. 내용의 참거짓은 E_ 변수.
ATT_EC0006,ATTESTATION_FACT,EC0006,이형원의 진술/기록이 존재한다: 수사 | 확실한 장물을 찾음 (NEGATED),{TRUE} (source-fixed),AP0007 / OFFICIAL_FINDING,기록의 존재만 고정. 내용의 참거짓은 E_ 변수.
ATT_EC0007,ATTESTATION_FACT,EC0007,이형원의 진술/기록이 존재한다: 김명신 | 사망 (AFFIRMED),{TRUE} (source-fixed),AP0008 / OFFICIAL_FINDING,기록의 존재만 고정. 내용의 참거짓은 E_ 변수.
ATT_EC0008,ATTESTATION_FACT,EC0008,이형원의 진술/기록이 존재한다: 김명신 | 사망이 구금·조사 뒤였음 (AFFIRMED),{TRUE} (source-fixed),AP0009 / OFFICIAL_FINDING,기록의 존재만 고정. 내용의 참거짓은 E_ 변수.
ATT_EC0009,ATTESTATION_FACT,EC0009,이형원의 진술/기록이 존재한다: 평민들 | 모진 형벌을 받음 (AFFIRMED),{TRUE} (source-fixed),AP0010 / OFFICIAL_FINDING,기록의 존재만 고정. 내용의 참거짓은 E_ 변수.
ATT_EC0010,ATTESTATION_FACT,EC0010,이형원의 진술/기록이 존재한다: 형벌을 받은 평민들 | 무고함 (AFFIRMED),{TRUE} (source-fixed),AP0011 / OFFICIAL_FINDING,기록의 존재만 고정. 내용의 참거짓은 E_ 변수.
ATT_EC0011,ATTESTATION_FACT,EC0011,이형원 > 회동 조사 응답자들의 진술/기록이 존재한다: 구순과 김명신 | 사이에 원한이 있었음 (AFFIRMED),{TRUE} (source-fixed),AP0012 / REPORTS_STATE,기록의 존재만 고정. 내용의 참거짓은 E_ 변수.
ATT_EC0012,ATTESTATION_FACT,EC0012,이형원 > 회동 조사 응답자들의 진술/기록이 존재한다: 구순 | 도난 상황을 꾸밈 (AFFIRMED),{TRUE} (source-fixed),AP0013 / ASSERTS_EVENT,기록의 존재만 고정. 내용의 참거짓은 E_ 변수.
ATT_EC0013,ATTESTATION_FACT,EC0013,이형원 > 회동 조사 응답자들의 진술/기록이 존재한다: 구순 | 김명신에게 도적 괴수 누명을 씌움 (AFFIRMED),{TRUE} (source-fixed),AP0014 / ASSERTS_EVENT,기록의 존재만 고정. 내용의 참거짓은 E_ 변수.
ATT_EC0014,ATTESTATION_FACT,EC0014,이형원 > 회동 조사 응답자들의 진술/기록이 존재한다: 구순 | 그 누명을 씌우는 데 행랑 하인을 통함 (AFFIRMED),{TRUE} (source-fixed),AP0015 / ASSERTS_EVENT,기록의 존재만 고정. 내용의 참거짓은 E_ 변수.
ATT_EC0015,ATTESTATION_FACT,EC0015,이형원 > 회동 조사 응답자들의 진술/기록이 존재한다: 구순 | 그 누명을 씌우는 데 교졸을 통함 (AFFIRMED),{TRUE} (source-fixed),AP0016 / ASSERTS_EVENT,기록의 존재만 고정. 내용의 참거짓은 E_ 변수.
ATT_EC0016,ATTESTATION_FACT,EC0016,이형원 > 미상의 진술/기록이 존재한다: 전후 체포자들 | 구순 집에서 미워하던 사람들이었음 (AFFIRMED),{TRUE} (source-fixed),AP0017 / REPORTS_STATE,기록의 존재만 고정. 내용의 참거짓은 E_ 변수.
ATT_EC0017,ATTESTATION_FACT,EC0017,이형원의 진술/기록이 존재한다: 이문협 | 수사를 병영 비장에게 전적으로 맡김 (AFFIRMED),{TRUE} (source-fixed),AP0018 / OFFICIAL_FINDING,기록의 존재만 고정. 내용의 참거짓은 E_ 변수.
ATT_EC0018,ATTESTATION_FACT,EC0018,이형원의 진술/기록이 존재한다: 이광섭이 믿은 말 | 허황한 말이었음 (AFFIRMED),{TRUE} (source-fixed),AP0020 / OFFICIAL_FINDING,기록의 존재만 고정. 내용의 참거짓은 E_ 변수.
ATT_EC0019,ATTESTATION_FACT,EC0019,이형원의 진술/기록이 존재한다: 이광섭 | 무고한 사람을 잘못 잡음 (AFFIRMED),{TRUE} (source-fixed),AP0021 / OFFICIAL_FINDING,기록의 존재만 고정. 내용의 참거짓은 E_ 변수.
ATT_EC0020,ATTESTATION_FACT,EC0020,비변사의 진술/기록이 존재한다: 비변사 | 이광섭 파직·나문·엄한 감죄를 청함 (AFFIRMED),{TRUE} (source-fixed),AP0022 / RECORDS_ACTION,기록의 존재만 고정. 내용의 참거짓은 E_ 변수.
ATT_EC0021,ATTESTATION_FACT,EC0021,정조의 진술/기록이 존재한다: 정조 | 이광섭 처분 요청을 윤허함 (AFFIRMED),{TRUE} (source-fixed),AP0023 / ORDERS_EVENT,기록의 존재만 고정. 내용의 참거짓은 E_ 변수.
ATT_EC0022,ATTESTATION_FACT,EC0022,정조의 진술/기록이 존재한다: 도난 자체 | 있었음 (NEGATED),{TRUE} (source-fixed),AP0024 / ROYAL_FINDING,기록의 존재만 고정. 내용의 참거짓은 E_ 변수.
ATT_EC0023,ATTESTATION_FACT,EC0023,정조의 진술/기록이 존재한다: 정조 | 구순을 의금부에 잡아 가두고 엄히 조사하도록 명함 (AFFIRMED),{TRUE} (source-fixed),AP0025 / ORDERS_EVENT,기록의 존재만 고정. 내용의 참거짓은 E_ 변수.
ATT_EC0024,ATTESTATION_FACT,EC0024,이조원의 진술/기록이 존재한다: 구순 집 | 화적이 들었음 (DOUBTED),{TRUE} (source-fixed),AP0026 / OFFICIAL_FINDING,기록의 존재만 고정. 내용의 참거짓은 E_ 변수.
ATT_EC0025,ATTESTATION_FACT,EC0025,이조원의 진술/기록이 존재한다: 김명신 | 구순의 이웃으로 삶 (AFFIRMED),{TRUE} (source-fixed),AP0027 / OFFICIAL_FINDING,기록의 존재만 고정. 내용의 참거짓은 E_ 변수.
ATT_EC0026,ATTESTATION_FACT,EC0026,이조원의 진술/기록이 존재한다: 김명신 | 구순의 행실을 비판함 (AFFIRMED),{TRUE} (source-fixed),AP0028 / OFFICIAL_FINDING,기록의 존재만 고정. 내용의 참거짓은 E_ 변수.
ATT_EC0027,ATTESTATION_FACT,EC0027,이조원의 진술/기록이 존재한다: 구순 | 앙심을 품음 (AFFIRMED),{TRUE} (source-fixed),AP0029 / OFFICIAL_FINDING,기록의 존재만 고정. 내용의 참거짓은 E_ 변수.
ATT_EC0028,ATTESTATION_FACT,EC0028,이조원의 진술/기록이 존재한다: 구순 | 그 앙심이 김명신의 비판 때문이었음 (AFFIRMED),{TRUE} (source-fixed),AP0030 / OFFICIAL_FINDING,기록의 존재만 고정. 내용의 참거짓은 E_ 변수.
ATT_EC0029,ATTESTATION_FACT,EC0029,이조원의 진술/기록이 존재한다: 구순 | 김명신을 모함하려 함 (AFFIRMED),{TRUE} (source-fixed),AP0031 / OFFICIAL_FINDING,기록의 존재만 고정. 내용의 참거짓은 E_ 변수.
ATT_EC0030,ATTESTATION_FACT,EC0030,이조원의 진술/기록이 존재한다: 구순 | 도난 상황을 꾸밈 (AFFIRMED),{TRUE} (source-fixed),AP0032 / OFFICIAL_FINDING,기록의 존재만 고정. 내용의 참거짓은 E_ 변수.
ATT_EC0031,ATTESTATION_FACT,EC0031,이조원의 진술/기록이 존재한다: 구순 | 지세랑이라는 말을 만듦 (AFFIRMED),{TRUE} (source-fixed),AP0033 / OFFICIAL_FINDING,기록의 존재만 고정. 내용의 참거짓은 E_ 변수.
ATT_EC0032,ATTESTATION_FACT,EC0032,이조원의 진술/기록이 존재한다: 구순 | 지세랑이라는 말을 퍼뜨림 (AFFIRMED),{TRUE} (source-fixed),AP0034 / OFFICIAL_FINDING,기록의 존재만 고정. 내용의 참거짓은 E_ 변수.
ATT_EC0033,ATTESTATION_FACT,EC0033,이조원의 진술/기록이 존재한다: 구순 | 작은 궤짝의 돈을 도둑맞았다고 꾸밈 (AFFIRMED),{TRUE} (source-fixed),AP0035 / OFFICIAL_FINDING,기록의 존재만 고정. 내용의 참거짓은 E_ 변수.
ATT_EC0034,ATTESTATION_FACT,EC0034,이조원의 진술/기록이 존재한다: 하인의 흔적 | 부스럼 흔적이었음 (AFFIRMED),{TRUE} (source-fixed),AP0036 / OFFICIAL_FINDING,기록의 존재만 고정. 내용의 참거짓은 E_ 변수.
ATT_EC0035,ATTESTATION_FACT,EC0035,이조원의 진술/기록이 존재한다: 구순 | 하인의 흔적을 창상으로 꾸밈 (AFFIRMED),{TRUE} (source-fixed),AP0037 / OFFICIAL_FINDING,기록의 존재만 고정. 내용의 참거짓은 E_ 변수.
ATT_EC0036,ATTESTATION_FACT,EC0036,이조원의 진술/기록이 존재한다: 김명신 | 사망 (AFFIRMED),{TRUE} (source-fixed),AP0038 / OFFICIAL_FINDING,기록의 존재만 고정. 내용의 참거짓은 E_ 변수.
ATT_EC0037,ATTESTATION_FACT,EC0037,이조원의 진술/기록이 존재한다: 김명신 | 사망 장소가 병영 옥이었음 (AFFIRMED),{TRUE} (source-fixed),AP0039 / OFFICIAL_FINDING,기록의 존재만 고정. 내용의 참거짓은 E_ 변수.
ATT_EC0038,ATTESTATION_FACT,EC0038,이조원의 진술/기록이 존재한다: 김명신 | 구순이 구성한 죄안 때문에 사망함 (AFFIRMED),{TRUE} (source-fixed),AP0040 / OFFICIAL_FINDING,기록의 존재만 고정. 내용의 참거짓은 E_ 변수.
ATT_EC0039,ATTESTATION_FACT,EC0039,이조원의 진술/기록이 존재한다: 김명신의 아내 | 사망 (AFFIRMED),{TRUE} (source-fixed),AP0042 / OFFICIAL_FINDING,기록의 존재만 고정. 내용의 참거짓은 E_ 변수.
ATT_EC0040,ATTESTATION_FACT,EC0040,이조원의 진술/기록이 존재한다: 김명신의 아내 | 김명신이 죽은 뒤 따라 죽음 (AFFIRMED),{TRUE} (source-fixed),AP0043 / OFFICIAL_FINDING,기록의 존재만 고정. 내용의 참거짓은 E_ 변수.
ATT_EC0041,ATTESTATION_FACT,EC0041,이조원의 진술/기록이 존재한다: 병사 | 사건을 자세히 조사함 (NEGATED),{TRUE} (source-fixed),AP0044 / OFFICIAL_FINDING,기록의 존재만 고정. 내용의 참거짓은 E_ 변수.
ATT_EC0042,ATTESTATION_FACT,EC0042,이조원의 진술/기록이 존재한다: 병사 | 사건을 하급 보조자에게 맡김 (AFFIRMED),{TRUE} (source-fixed),AP0045 / OFFICIAL_FINDING,기록의 존재만 고정. 내용의 참거짓은 E_ 변수.
ATT_EC0043,ATTESTATION_FACT,EC0043,이조원의 진술/기록이 존재한다: 병영의 하급 보조자 | 구순의 가객이었음 (AFFIRMED),{TRUE} (source-fixed),AP0046 / OFFICIAL_FINDING,기록의 존재만 고정. 내용의 참거짓은 E_ 변수.
ATT_EC0044,ATTESTATION_FACT,EC0044,정조의 진술/기록이 존재한다: 정조 | 이조원을 파직하도록 명함 (AFFIRMED),{TRUE} (source-fixed),AP0048 / ORDERS_EVENT,기록의 존재만 고정. 내용의 참거짓은 E_ 변수.
ATT_EC0045,ATTESTATION_FACT,EC0045,정조의 진술/기록이 존재한다: 정조 | 구순을 의금부에 엄히 가두고 반복 신문하도록 명함 (AFFIRMED),{TRUE} (source-fixed),AP0049 / ORDERS_EVENT,기록의 존재만 고정. 내용의 참거짓은 E_ 변수.
ATT_EC0046,ATTESTATION_FACT,EC0046,이조원의 진술/기록이 존재한다: 구순 사건의 도난 | 있었음 (NEGATED),{TRUE} (source-fixed),AP0050 / OFFICIAL_FINDING,기록의 존재만 고정. 내용의 참거짓은 E_ 변수.
ATT_EC0047,ATTESTATION_FACT,EC0047,홍대협의 진술/기록이 존재한다: 예전 호중 화적 | 지세랑 호칭을 사용한 적이 있음 (AFFIRMED),{TRUE} (source-fixed),AP0055 / ASSERTS_EVENT,기록의 존재만 고정. 내용의 참거짓은 E_ 변수.
ATT_EC0048,ATTESTATION_FACT,EC0048,정조의 진술/기록이 존재한다: 정조 | 홍대협에게 내려가 자세히 조사해 오라고 명함 (AFFIRMED),{TRUE} (source-fixed),AP0057 / ORDERS_EVENT,기록의 존재만 고정. 내용의 참거짓은 E_ 변수.
ATT_EC0049,ATTESTATION_FACT,EC0049,정조의 진술/기록이 존재한다: 정조 | 홍대협을 충청도 공주 안핵어사로 차하함 (AFFIRMED),{TRUE} (source-fixed),AP0058 / ORDERS_EVENT,기록의 존재만 고정. 내용의 참거짓은 E_ 변수.
ATT_EC0050,ATTESTATION_FACT,EC0050,윤노동 > 구순의 진술/기록이 존재한다: 구순 | 도적을 만남 (AFFIRMED),{TRUE} (source-fixed),AP0059 / ASSERTS_EVENT,기록의 존재만 고정. 내용의 참거짓은 E_ 변수.
ATT_EC0051,ATTESTATION_FACT,EC0051,윤노동의 진술/기록이 존재한다: 구순 | 영교를 부름 (AFFIRMED),{TRUE} (source-fixed),AP0060 / OFFICIAL_FINDING,기록의 존재만 고정. 내용의 참거짓은 E_ 변수.
ATT_EC0052,ATTESTATION_FACT,EC0052,윤노동의 진술/기록이 존재한다: 구순 | 김명신 등의 이름을 써 줌 (AFFIRMED),{TRUE} (source-fixed),AP0061 / OFFICIAL_FINDING,기록의 존재만 고정. 내용의 참거짓은 E_ 변수.
ATT_EC0053,ATTESTATION_FACT,EC0053,윤노동의 진술/기록이 존재한다: 김명신 | 사망 (AFFIRMED),{TRUE} (source-fixed),AP0062 / OFFICIAL_FINDING,기록의 존재만 고정. 내용의 참거짓은 E_ 변수.
ATT_EC0054,ATTESTATION_FACT,EC0054,윤노동의 진술/기록이 존재한다: 김명신 | 사망 원인이 병이었음 (AFFIRMED),{TRUE} (source-fixed),AP0063 / OFFICIAL_FINDING,기록의 존재만 고정. 내용의 참거짓은 E_ 변수.
ATT_EC0055,ATTESTATION_FACT,EC0055,윤노동의 진술/기록이 존재한다: 김명신 | 사망이 체포·구금 뒤였음 (AFFIRMED),{TRUE} (source-fixed),AP0064 / OFFICIAL_FINDING,기록의 존재만 고정. 내용의 참거짓은 E_ 변수.
ATT_EC0056,ATTESTATION_FACT,EC0056,윤노동의 진술/기록이 존재한다: 여러 죄수 | 참혹한 형벌을 받음 (AFFIRMED),{TRUE} (source-fixed),AP0065 / OFFICIAL_FINDING,기록의 존재만 고정. 내용의 참거짓은 E_ 변수.
ATT_EC0057,ATTESTATION_FACT,EC0057,윤노동의 진술/기록이 존재한다: 수사 | 진정한 장물을 얻음 (NEGATED),{TRUE} (source-fixed),AP0066 / OFFICIAL_FINDING,기록의 존재만 고정. 내용의 참거짓은 E_ 변수.
ATT_EC0058,ATTESTATION_FACT,EC0058,윤노동의 진술/기록이 존재한다: 한재욱 | 변가의 처를 꾐 (AFFIRMED),{TRUE} (source-fixed),AP0067 / OFFICIAL_FINDING,기록의 존재만 고정. 내용의 참거짓은 E_ 변수.
ATT_EC0059,ATTESTATION_FACT,EC0059,윤노동의 진술/기록이 존재한다: 변가의 처 | 김명신이 도적 괴수라는 취지의 공초를 냄 (AFFIRMED),{TRUE} (source-fixed),AP0068 / OFFICIAL_FINDING,기록의 존재만 고정. 내용의 참거짓은 E_ 변수.
ATT_EC0060,ATTESTATION_FACT,EC0060,윤노동의 진술/기록이 존재한다: 한재욱 | 변가의 처를 꾀어 그 공초를 내게 함 (AFFIRMED),{TRUE} (source-fixed),AP0069 / OFFICIAL_FINDING,기록의 존재만 고정. 내용의 참거짓은 E_ 변수.
ATT_EC0061,ATTESTATION_FACT,EC0061,비변사의 진술/기록이 존재한다: 비변사 | 홍대협의 안핵 복명 전이므로 윤노동 별단의 구순 사건 처리를 보류할 것을 청함 (AFFIRMED),{TRUE} (source-fixed),AP0070 / RECORDS_ACTION,기록의 존재만 고정. 내용의 참거짓은 E_ 변수.
ATT_EC0062,ATTESTATION_FACT,EC0062,정조의 진술/기록이 존재한다: 정조 | 비변사의 보류 요청을 윤허함 (AFFIRMED),{TRUE} (source-fixed),AP0071 / ORDERS_EVENT,기록의 존재만 고정. 내용의 참거짓은 E_ 변수.
ATT_EC0063,ATTESTATION_FACT,EC0063,홍대협의 진술/기록이 존재한다: 홍대협 | 공주목에 도착해 관련자들을 차례로 신문함 (AFFIRMED),{TRUE} (source-fixed),AP0072 / RECORDS_ACTION,기록의 존재만 고정. 내용의 참거짓은 E_ 변수.
ATT_EC0064,ATTESTATION_FACT,EC0064,명업의 진술/기록이 존재한다: 명업 | 구순 집 계집종의 남편이며 바깥사랑에 거주함 (AFFIRMED),{TRUE} (source-fixed),AP0073 / REPORTS_STATE,기록의 존재만 고정. 내용의 참거짓은 E_ 변수.
ATT_EC0065,ATTESTATION_FACT,EC0065,명업의 진술/기록이 존재한다: 나복 | 명업에게 도적이 들었다고 알림 (AFFIRMED),{TRUE} (source-fixed),AP0074 / ASSERTS_EVENT,기록의 존재만 고정. 내용의 참거짓은 E_ 변수.
ATT_EC0066,ATTESTATION_FACT,EC0066,명업 > 나복의 진술/기록이 존재한다: 도적 | 들어옴 (AFFIRMED),{TRUE} (source-fixed),AP0075 / ASSERTS_EVENT,기록의 존재만 고정. 내용의 참거짓은 E_ 변수.
ATT_EC0067,ATTESTATION_FACT,EC0067,명업 > 나복의 진술/기록이 존재한다: 들어온 도적 | 30여 명이었음 (AFFIRMED),{TRUE} (source-fixed),AP0076 / REPORTS_STATE,기록의 존재만 고정. 내용의 참거짓은 E_ 변수.
ATT_EC0068,ATTESTATION_FACT,EC0068,명업 > 나복의 진술/기록이 존재한다: 도적 | 횃불을 들고 들어옴 (AFFIRMED),{TRUE} (source-fixed),AP0077 / ASSERTS_EVENT,기록의 존재만 고정. 내용의 참거짓은 E_ 변수.
ATT_EC0069,ATTESTATION_FACT,EC0069,명업 > 나복의 진술/기록이 존재한다: 도적 | 지세대감이라 자칭함 (AFFIRMED),{TRUE} (source-fixed),AP0078 / ASSERTS_EVENT,기록의 존재만 고정. 내용의 참거짓은 E_ 변수.
ATT_EC0070,ATTESTATION_FACT,EC0070,명업 > 나복의 진술/기록이 존재한다: 도적 | 돈과 물품을 훔침 (AFFIRMED),{TRUE} (source-fixed),AP0079 / ASSERTS_EVENT,기록의 존재만 고정. 내용의 참거짓은 E_ 변수.
ATT_EC0071,ATTESTATION_FACT,EC0071,명업의 진술/기록이 존재한다: 김명신 | 본래 구순과 친숙하여 날마다 왕래함 (AFFIRMED),{TRUE} (source-fixed),AP0080 / REPORTS_STATE,기록의 존재만 고정. 내용의 참거짓은 E_ 변수.
ATT_EC0072,ATTESTATION_FACT,EC0072,명업의 진술/기록이 존재한다: 김명신 | 2월 초 박거사 일로 구순에게 편지를 보내 힐책함 (AFFIRMED),{TRUE} (source-fixed),AP0081 / ASSERTS_EVENT,기록의 존재만 고정. 내용의 참거짓은 E_ 변수.
ATT_EC0073,ATTESTATION_FACT,EC0073,명업의 진술/기록이 존재한다: 구순·김명신 | 왕래가 끊김 (AFFIRMED),{TRUE} (source-fixed),AP0082 / REPORTS_STATE,기록의 존재만 고정. 내용의 참거짓은 E_ 변수.
ATT_EC0074,ATTESTATION_FACT,EC0074,명업의 진술/기록이 존재한다: 구순 | 소장을 올림 (AFFIRMED),{TRUE} (source-fixed),AP0083 / ASSERTS_EVENT,기록의 존재만 고정. 내용의 참거짓은 E_ 변수.
ATT_EC0075,ATTESTATION_FACT,EC0075,명업의 진술/기록이 존재한다: 체포령 | 그 소장으로 내려짐 (AFFIRMED),{TRUE} (source-fixed),AP0084 / ASSERTS_EVENT,기록의 존재만 고정. 내용의 참거짓은 E_ 변수.
ATT_EC0076,ATTESTATION_FACT,EC0076,명업의 진술/기록이 존재한다: 구순 | 찾아온 장교 한 명을 안행랑으로 불러 조용히 대화함 (AFFIRMED),{TRUE} (source-fixed),AP0085 / ASSERTS_EVENT,기록의 존재만 고정. 내용의 참거짓은 E_ 변수.
ATT_EC0077,ATTESTATION_FACT,EC0077,명업의 진술/기록이 존재한다: 명업 | 병영 뜰 공초에서 처음에는 사실대로 말함 (AFFIRMED),{TRUE} (source-fixed),AP0086 / ASSERTS_EVENT,기록의 존재만 고정. 내용의 참거짓은 E_ 변수.
ATT_EC0078,ATTESTATION_FACT,EC0078,명업의 진술/기록이 존재한다: 명업 | 위협이 두려웠음 (AFFIRMED),{TRUE} (source-fixed),AP0087 / REPORTS_STATE,기록의 존재만 고정. 내용의 참거짓은 E_ 변수.
ATT_EC0079,ATTESTATION_FACT,EC0079,명업의 진술/기록이 존재한다: 명업 | 도적이 없었다는 취지로 진술을 바꿈 (AFFIRMED),{TRUE} (source-fixed),AP0088 / ASSERTS_EVENT,기록의 존재만 고정. 내용의 참거짓은 E_ 변수.
ATT_EC0080,ATTESTATION_FACT,EC0080,명업의 진술/기록이 존재한다: 명업 | 위협이 두려워 진술을 바꿈 (AFFIRMED),{TRUE} (source-fixed),AP0089 / ASSERTS_EVENT,기록의 존재만 고정. 내용의 참거짓은 E_ 변수.
ATT_EC0081,ATTESTATION_FACT,EC0081,이진욱의 진술/기록이 존재한다: 병영 | 이진욱을 비장청으로 부름 (AFFIRMED),{TRUE} (source-fixed),AP0090 / ASSERTS_EVENT,기록의 존재만 고정. 내용의 참거짓은 E_ 변수.
ATT_EC0082,ATTESTATION_FACT,EC0082,이진욱의 진술/기록이 존재한다: 한재욱 | 이진욱·조계완 등에게 덕평으로 가도록 지시함 (AFFIRMED),{TRUE} (source-fixed),AP0091 / ASSERTS_EVENT,기록의 존재만 고정. 내용의 참거짓은 E_ 변수.
ATT_EC0083,ATTESTATION_FACT,EC0083,이진욱의 진술/기록이 존재한다: 한재욱 | 변지돌과 정원돌을 잡아오라고 지시함 (AFFIRMED),{TRUE} (source-fixed),AP0092 / ASSERTS_EVENT,기록의 존재만 고정. 내용의 참거짓은 E_ 변수.
ATT_EC0084,ATTESTATION_FACT,EC0084,이진욱의 진술/기록이 존재한다: 한재욱 | 철편 네 개를 만들어 줌 (AFFIRMED),{TRUE} (source-fixed),AP0093 / ASSERTS_EVENT,기록의 존재만 고정. 내용의 참거짓은 E_ 변수.
ATT_EC0085,ATTESTATION_FACT,EC0085,이진욱 > 한재욱의 진술/기록이 존재한다: 변지돌과 정원돌 | 처남매부 사이임 (AFFIRMED),{TRUE} (source-fixed),AP0094 / REPORTS_STATE,기록의 존재만 고정. 내용의 참거짓은 E_ 변수.
ATT_EC0086,ATTESTATION_FACT,EC0086,이진욱 > 한재욱의 진술/기록이 존재한다: 변지돌 | 힘이 셈 (AFFIRMED),{TRUE} (source-fixed),AP0095 / REPORTS_STATE,기록의 존재만 고정. 내용의 참거짓은 E_ 변수.
ATT_EC0087,ATTESTATION_FACT,EC0087,이진욱의 진술/기록이 존재한다: 한재욱 | 조심하라고 말함 (AFFIRMED),{TRUE} (source-fixed),AP0096 / ASSERTS_EVENT,기록의 존재만 고정. 내용의 참거짓은 E_ 변수.
ATT_EC0088,ATTESTATION_FACT,EC0088,이진욱의 진술/기록이 존재한다: 변지돌 | 이미 공주진에서 잡혀간 상태였음 (AFFIRMED),{TRUE} (source-fixed),AP0097 / REPORTS_STATE,기록의 존재만 고정. 내용의 참거짓은 E_ 변수.
ATT_EC0089,ATTESTATION_FACT,EC0089,이진욱의 진술/기록이 존재한다: 이진욱 등 장교 | 자미덕을 잡음 (AFFIRMED),{TRUE} (source-fixed),AP0098 / ASSERTS_EVENT,기록의 존재만 고정. 내용의 참거짓은 E_ 변수.
ATT_EC0090,ATTESTATION_FACT,EC0090,이진욱의 진술/기록이 존재한다: 이진욱 등 장교 | 잡은 사람이 자미덕뿐이었음 (AFFIRMED),{TRUE} (source-fixed),AP0099 / REPORTS_STATE,기록의 존재만 고정. 내용의 참거짓은 E_ 변수.
ATT_EC0091,ATTESTATION_FACT,EC0091,이진욱의 진술/기록이 존재한다: 자미덕 | 재돌의 처임 (AFFIRMED),{TRUE} (source-fixed),AP0100 / REPORTS_STATE,기록의 존재만 고정. 내용의 참거짓은 E_ 변수.
ATT_EC0092,ATTESTATION_FACT,EC0092,이진욱의 진술/기록이 존재한다: 재돌 | 변지돌의 아우임 (AFFIRMED),{TRUE} (source-fixed),AP0101 / REPORTS_STATE,기록의 존재만 고정. 내용의 참거짓은 E_ 변수.
ATT_EC0093,ATTESTATION_FACT,EC0093,이진욱의 진술/기록이 존재한다: 장교 일행 | 자미덕을 데리고 구순 집으로 가 도난 상황을 물음 (AFFIRMED),{TRUE} (source-fixed),AP0102 / ASSERTS_EVENT,기록의 존재만 고정. 내용의 참거짓은 E_ 변수.
ATT_EC0094,ATTESTATION_FACT,EC0094,이진욱의 진술/기록이 존재한다: 구순 | 잃은 물건들을 열거함 (AFFIRMED),{TRUE} (source-fixed),AP0103 / ASSERTS_EVENT,기록의 존재만 고정. 내용의 참거짓은 E_ 변수.
ATT_EC0095,ATTESTATION_FACT,EC0095,이진욱의 진술/기록이 존재한다: 구순 | 도적이 스스로 지세대사라고 자칭했다고 말함 (AFFIRMED),{TRUE} (source-fixed),AP0104 / ASSERTS_EVENT,기록의 존재만 고정. 내용의 참거짓은 E_ 변수.
ATT_EC0096,ATTESTATION_FACT,EC0096,이진욱의 진술/기록이 존재한다: 병사 이광섭 | 3월 4일 풍각 김생원과 흥덕 김생원을 잡아오라고 지시함 (AFFIRMED),{TRUE} (source-fixed),AP0105 / ASSERTS_EVENT,기록의 존재만 고정. 내용의 참거짓은 E_ 변수.
ATT_EC0097,ATTESTATION_FACT,EC0097,이진욱의 진술/기록이 존재한다: 장교 일행 | 병사 분부에 따라 김명신과 김갑득을 잡아옴 (AFFIRMED),{TRUE} (source-fixed),AP0108 / ASSERTS_EVENT,기록의 존재만 고정. 내용의 참거짓은 E_ 변수.
ATT_EC0098,ATTESTATION_FACT,EC0098,조계완의 진술/기록이 존재한다: 조계완 | 풍각 김생원을 잡으러 가는 길에 구순 집에 들름 (AFFIRMED),{TRUE} (source-fixed),AP0109 / ASSERTS_EVENT,기록의 존재만 고정. 내용의 참거짓은 E_ 변수.
ATT_EC0099,ATTESTATION_FACT,EC0099,조계완의 진술/기록이 존재한다: 구순 | 왜 다시 왔는지 물음 (AFFIRMED),{TRUE} (source-fixed),AP0110 / ASSERTS_EVENT,기록의 존재만 고정. 내용의 참거짓은 E_ 변수.
ATT_EC0100,ATTESTATION_FACT,EC0100,조계완의 진술/기록이 존재한다: 조계완 | 풍각의 상주를 잡으러 왔다고 답함 (AFFIRMED),{TRUE} (source-fixed),AP0111 / ASSERTS_EVENT,기록의 존재만 고정. 내용의 참거짓은 E_ 변수.
ATT_EC0101,ATTESTATION_FACT,EC0101,조계완의 진술/기록이 존재한다: 구순 | 이제야 도적 다스리는 일이 바른 길을 얻었다는 취지로 말함 (AFFIRMED),{TRUE} (source-fixed),AP0112 / ASSERTS_EVENT,기록의 존재만 고정. 내용의 참거짓은 E_ 변수.
ATT_EC0102,ATTESTATION_FACT,EC0102,조계완의 진술/기록이 존재한다: 구순 | 서찰 한 장을 건네며 병사에게 전해달라고 요구함 (AFFIRMED),{TRUE} (source-fixed),AP0113 / ASSERTS_EVENT,기록의 존재만 고정. 내용의 참거짓은 E_ 변수.
ATT_EC0103,ATTESTATION_FACT,EC0103,자미덕의 진술/기록이 존재한다: 재돌 | 아산에 나가 있었음 (AFFIRMED),{TRUE} (source-fixed),AP0114 / REPORTS_STATE,기록의 존재만 고정. 내용의 참거짓은 E_ 변수.
ATT_EC0104,ATTESTATION_FACT,EC0104,자미덕의 진술/기록이 존재한다: 병영 장교 | 자미덕을 병영으로 붙잡아 감 (AFFIRMED),{TRUE} (source-fixed),AP0115 / ASSERTS_EVENT,기록의 존재만 고정. 내용의 참거짓은 E_ 변수.
ATT_EC0105,ATTESTATION_FACT,EC0105,자미덕의 진술/기록이 존재한다: 병영 | 자미덕을 도적이라고 하며 한 차례 신문함 (AFFIRMED),{TRUE} (source-fixed),AP0116 / ASSERTS_EVENT,기록의 존재만 고정. 내용의 참거짓은 E_ 변수.
ATT_EC0106,ATTESTATION_FACT,EC0106,자미덕의 진술/기록이 존재한다: 자미덕 | 신문 뒤 비장청 다모방에 구류됨 (AFFIRMED),{TRUE} (source-fixed),AP0117 / REPORTS_STATE,기록의 존재만 고정. 내용의 참거짓은 E_ 변수.
ATT_EC0107,ATTESTATION_FACT,EC0107,자미덕의 진술/기록이 존재한다: 한 비장 | 그 후 매일 자미덕을 방안으로 불러들임 (AFFIRMED),{TRUE} (source-fixed),AP0118 / ASSERTS_EVENT,기록의 존재만 고정. 내용의 참거짓은 E_ 변수.
ATT_EC0108,ATTESTATION_FACT,EC0108,자미덕의 진술/기록이 존재한다: 한 비장 | 자미덕의 남편 재돌이 이미 체포되었다고 말함 (AFFIRMED),{TRUE} (source-fixed),AP0119 / ASSERTS_EVENT,기록의 존재만 고정. 내용의 참거짓은 E_ 변수.
ATT_EC0109,ATTESTATION_FACT,EC0109,자미덕의 진술/기록이 존재한다: 한 비장 | '정원돌·이집거·김갑득·김성손·김흥득 등을 큰 도적들이라고 말하면'이라는 조건을 말함 (AFFIRMED),{TRUE} (source-fixed),AP0120 / ASSERTS_EVENT,기록의 존재만 고정. 내용의 참거짓은 E_ 변수.
ATT_EC0110,ATTESTATION_FACT,EC0110,자미덕의 진술/기록이 존재한다: 한 비장 | 그 조건을 충족하면 자미덕과 남편을 다음 날 석방하겠다고 말함 (AFFIRMED),{TRUE} (source-fixed),AP0121 / ASSERTS_EVENT,기록의 존재만 고정. 내용의 참거짓은 E_ 변수.
ATT_EC0111,ATTESTATION_FACT,EC0111,자미덕의 진술/기록이 존재한다: 한 비장 | 자미덕에게 떡과 밥을 줌 (AFFIRMED),{TRUE} (source-fixed),AP0122 / ASSERTS_EVENT,기록의 존재만 고정. 내용의 참거짓은 E_ 변수.
ATT_EC0112,ATTESTATION_FACT,EC0112,자미덕의 진술/기록이 존재한다: 자미덕·이집거 | 서로 대질함 (AFFIRMED),{TRUE} (source-fixed),AP0123 / ASSERTS_EVENT,기록의 존재만 고정. 내용의 참거짓은 E_ 변수.
ATT_EC0113,ATTESTATION_FACT,EC0113,자미덕의 진술/기록이 존재한다: 자미덕 | 이집거와 대질할 때 거짓으로 꾸며 말함 (AFFIRMED),{TRUE} (source-fixed),AP0124 / ASSERTS_EVENT,기록의 존재만 고정. 내용의 참거짓은 E_ 변수.
ATT_EC0114,ATTESTATION_FACT,EC0114,자미덕의 진술/기록이 존재한다: 한 비장 | 자미덕의 그 거짓 발언을 지휘함 (AFFIRMED),{TRUE} (source-fixed),AP0125 / ASSERTS_EVENT,기록의 존재만 고정. 내용의 참거짓은 E_ 변수.
ATT_EC0115,ATTESTATION_FACT,EC0115,한재욱의 진술/기록이 존재한다: 한재욱 | 병영 아전 유제희를 내보냄 (AFFIRMED),{TRUE} (source-fixed),AP0127 / ASSERTS_EVENT,기록의 존재만 고정. 내용의 참거짓은 E_ 변수.
ATT_EC0116,ATTESTATION_FACT,EC0116,한재욱의 진술/기록이 존재한다: 한재욱 | 유제희를 내보낸 목적이 도적 진상 탐지였음 (AFFIRMED),{TRUE} (source-fixed),AP0128 / ASSERTS_EVENT,기록의 존재만 고정. 내용의 참거짓은 E_ 변수.
ATT_EC0117,ATTESTATION_FACT,EC0117,한재욱의 진술/기록이 존재한다: 유제희 | 변지돌·변재돌·정원돌·김명신·김성손·김흥득·김흥길 등의 성명을 적어 옴 (AFFIRMED),{TRUE} (source-fixed),AP0129 / ASSERTS_EVENT,기록의 존재만 고정. 내용의 참거짓은 E_ 변수.
ATT_EC0118,ATTESTATION_FACT,EC0118,한재욱 > 유제희의 진술/기록이 존재한다: 유제희 | 그 이름들을 직접 염탐해 알아냄 (AFFIRMED),{TRUE} (source-fixed),AP0130 / ASSERTS_EVENT,기록의 존재만 고정. 내용의 참거짓은 E_ 변수.
ATT_EC0119,ATTESTATION_FACT,EC0119,한재욱의 진술/기록이 존재한다: 한재욱 | 자미덕을 방안으로 부름 (AFFIRMED),{TRUE} (source-fixed),AP0131 / ASSERTS_EVENT,기록의 존재만 고정. 내용의 참거짓은 E_ 변수.
ATT_EC0120,ATTESTATION_FACT,EC0120,한재욱의 진술/기록이 존재한다: 한재욱 | 자미덕에게 남은 밥을 줌 (AFFIRMED),{TRUE} (source-fixed),AP0132 / ASSERTS_EVENT,기록의 존재만 고정. 내용의 참거짓은 E_ 변수.
ATT_EC0121,ATTESTATION_FACT,EC0121,한재욱의 진술/기록이 존재한다: 유제희 | 석단 공초에서 김명신이 도적 괴수라고 했다고 말함 (AFFIRMED),{TRUE} (source-fixed),AP0133 / ASSERTS_EVENT,기록의 존재만 고정. 내용의 참거짓은 E_ 변수.
ATT_EC0122,ATTESTATION_FACT,EC0122,한재욱의 진술/기록이 존재한다: 유제희 | 자미덕에게 다시 물어보라고 말함 (AFFIRMED),{TRUE} (source-fixed),AP0134 / ASSERTS_EVENT,기록의 존재만 고정. 내용의 참거짓은 E_ 변수.
ATT_EC0123,ATTESTATION_FACT,EC0123,한재욱의 진술/기록이 존재한다: 한재욱 | 자미덕에게 다시 물음 (AFFIRMED),{TRUE} (source-fixed),AP0135 / ASSERTS_EVENT,기록의 존재만 고정. 내용의 참거짓은 E_ 변수.
ATT_EC0124,ATTESTATION_FACT,EC0124,한재욱의 진술/기록이 존재한다: 한재욱 | 다시 물은 것이 유제희 말에 따른 것이었음 (AFFIRMED),{TRUE} (source-fixed),AP0136 / ASSERTS_EVENT,기록의 존재만 고정. 내용의 참거짓은 E_ 변수.
ATT_EC0125,ATTESTATION_FACT,EC0125,한재욱의 진술/기록이 존재한다: 자미덕 | 재질문에 모른다고 답함 (AFFIRMED),{TRUE} (source-fixed),AP0137 / ASSERTS_EVENT,기록의 존재만 고정. 내용의 참거짓은 E_ 변수.
ATT_EC0126,ATTESTATION_FACT,EC0126,한재욱의 진술/기록이 존재한다: 한재욱 | 자미덕을 은밀히 사주함 (NEGATED),{TRUE} (source-fixed),AP0138 / DENIES_EVENT,기록의 존재만 고정. 내용의 참거짓은 E_ 변수.
ATT_EC0127,ATTESTATION_FACT,EC0127,한재욱의 진술/기록이 존재한다: 한재욱 | 구순과 아는 사이임 (NEGATED),{TRUE} (source-fixed),AP0139 / DENIES_EVENT,기록의 존재만 고정. 내용의 참거짓은 E_ 변수.
ATT_EC0128,ATTESTATION_FACT,EC0128,유제희의 진술/기록이 존재한다: 유제희 | 당초 현지에 가서 탐문함 (AFFIRMED),{TRUE} (source-fixed),AP0140 / ASSERTS_EVENT,기록의 존재만 고정. 내용의 참거짓은 E_ 변수.
ATT_EC0129,ATTESTATION_FACT,EC0129,유제희의 진술/기록이 존재한다: 구순 | 풍각 김상제도 극히 수상하다고 말함 (AFFIRMED),{TRUE} (source-fixed),AP0141 / ASSERTS_EVENT,기록의 존재만 고정. 내용의 참거짓은 E_ 변수.
ATT_EC0130,ATTESTATION_FACT,EC0130,유제희의 진술/기록이 존재한다: 유제희 | 그 말을 원돌 등의 이름과 함께 기록해 올림 (AFFIRMED),{TRUE} (source-fixed),AP0142 / ASSERTS_EVENT,기록의 존재만 고정. 내용의 참거짓은 E_ 변수.
ATT_EC0131,ATTESTATION_FACT,EC0131,홍대협의 진술/기록이 존재한다: 약간의 도난 | 실제였음 (AFFIRMED),{TRUE} (source-fixed),AP0143 / OFFICIAL_FINDING,기록의 존재만 고정. 내용의 참거짓은 E_ 변수.
ATT_EC0132,ATTESTATION_FACT,EC0132,홍대협의 진술/기록이 존재한다: 도난 | 큰 화적 사건이 아니라 보통 좀도둑 수준이었음 (AFFIRMED),{TRUE} (source-fixed),AP0144 / OFFICIAL_FINDING,기록의 존재만 고정. 내용의 참거짓은 E_ 변수.
ATT_EC0133,ATTESTATION_FACT,EC0133,홍대협의 진술/기록이 존재한다: 구순 | 과장함 (AFFIRMED),{TRUE} (source-fixed),AP0146 / OFFICIAL_FINDING,기록의 존재만 고정. 내용의 참거짓은 E_ 변수.
ATT_EC0134,ATTESTATION_FACT,EC0134,홍대협의 진술/기록이 존재한다: 아전 | 거짓 보고를 함 (AFFIRMED),{TRUE} (source-fixed),AP0147 / OFFICIAL_FINDING,기록의 존재만 고정. 내용의 참거짓은 E_ 변수.
ATT_EC0135,ATTESTATION_FACT,EC0135,홍대협의 진술/기록이 존재한다: 이광섭 | 구순의 과장과 아전의 거짓 보고를 믿음 (AFFIRMED),{TRUE} (source-fixed),AP0148 / OFFICIAL_FINDING,기록의 존재만 고정. 내용의 참거짓은 E_ 변수.
ATT_EC0136,ATTESTATION_FACT,EC0136,홍대협의 진술/기록이 존재한다: 이광섭 | 장물이 없는 상태에서 판단함 (AFFIRMED),{TRUE} (source-fixed),AP0149 / OFFICIAL_FINDING,기록의 존재만 고정. 내용의 참거짓은 E_ 변수.
ATT_EC0137,ATTESTATION_FACT,EC0137,홍대협의 진술/기록이 존재한다: 이광섭 | 큰 도적으로 판단함 (AFFIRMED),{TRUE} (source-fixed),AP0150 / OFFICIAL_FINDING,기록의 존재만 고정. 내용의 참거짓은 E_ 변수.
ATT_EC0138,ATTESTATION_FACT,EC0138,홍대협의 진술/기록이 존재한다: 김명신 | 죽음이 질병 때문이었음 (AFFIRMED),{TRUE} (source-fixed),AP0151 / OFFICIAL_FINDING,기록의 존재만 고정. 내용의 참거짓은 E_ 변수.
ATT_EC0139,ATTESTATION_FACT,EC0139,홍대협의 진술/기록이 존재한다: 이문협 | 장물부터 확보함 (NEGATED),{TRUE} (source-fixed),AP0152 / OFFICIAL_FINDING,기록의 존재만 고정. 내용의 참거짓은 E_ 변수.
ATT_EC0140,ATTESTATION_FACT,EC0140,홍대협의 진술/기록이 존재한다: 이문협 | 장교·나졸을 풀어 평민을 잡음 (AFFIRMED),{TRUE} (source-fixed),AP0153 / OFFICIAL_FINDING,기록의 존재만 고정. 내용의 참거짓은 E_ 변수.
ATT_EC0141,ATTESTATION_FACT,EC0141,홍대협의 진술/기록이 존재한다: 병영 비장 | 지휘함 (AFFIRMED),{TRUE} (source-fixed),AP0154 / OFFICIAL_FINDING,기록의 존재만 고정. 내용의 참거짓은 E_ 변수.
ATT_EC0142,ATTESTATION_FACT,EC0142,홍대협의 진술/기록이 존재한다: 이문협 | 병영 비장 지휘대로 죄를 얽음 (AFFIRMED),{TRUE} (source-fixed),AP0155 / OFFICIAL_FINDING,기록의 존재만 고정. 내용의 참거짓은 E_ 변수.
ATT_EC0143,ATTESTATION_FACT,EC0143,정조의 진술/기록이 존재한다: 도난 | 실제로 있었음 (AFFIRMED),{TRUE} (source-fixed),AP0157 / ROYAL_FINDING,기록의 존재만 고정. 내용의 참거짓은 E_ 변수.
ATT_EC0144,ATTESTATION_FACT,EC0144,정조의 진술/기록이 존재한다: 김명신 | 전염병에 걸려 죽음 (AFFIRMED),{TRUE} (source-fixed),AP0158 / ROYAL_FINDING,기록의 존재만 고정. 내용의 참거짓은 E_ 변수.
ATT_EC0145,ATTESTATION_FACT,EC0145,정조의 진술/기록이 존재한다: 김명신 부처 중 처 | 전염병에 걸려 죽음 (AFFIRMED),{TRUE} (source-fixed),AP0159 / ROYAL_FINDING,기록의 존재만 고정. 내용의 참거짓은 E_ 변수.
ATT_EC0146,ATTESTATION_FACT,EC0146,정조의 진술/기록이 존재한다: 김명신 | 곤장을 맞음 (NEGATED),{TRUE} (source-fixed),AP0160 / ROYAL_FINDING,기록의 존재만 고정. 내용의 참거짓은 E_ 변수.
ATT_EC0147,ATTESTATION_FACT,EC0147,정조의 진술/기록이 존재한다: 김명신 | 평범한 신문을 받음 (NEGATED),{TRUE} (source-fixed),AP0161 / ROYAL_FINDING,기록의 존재만 고정. 내용의 참거짓은 E_ 변수.
ATT_EC0148,ATTESTATION_FACT,EC0148,정조의 진술/기록이 존재한다: 예전 무식한 좀도둑들 | 지세대감·지세대사·지세랑 호칭을 씀 (AFFIRMED),{TRUE} (source-fixed),AP0162 / ROYAL_FINDING,기록의 존재만 고정. 내용의 참거짓은 E_ 변수.
ATT_EC0149,ATTESTATION_FACT,EC0149,정조의 진술/기록이 존재한다: 구순 | 지세 호칭을 스스로 만들어냄 (NEGATED),{TRUE} (source-fixed),AP0163 / ROYAL_FINDING,기록의 존재만 고정. 내용의 참거짓은 E_ 변수.
ATT_EC0150,ATTESTATION_FACT,EC0150,정조의 진술/기록이 존재한다: 정조 | 구순을 사형에서 감해 외딴 섬으로 정배하도록 명함 (AFFIRMED),{TRUE} (source-fixed),AP0164 / ORDERS_EVENT,기록의 존재만 고정. 내용의 참거짓은 E_ 변수.
ATT_EC0151,ATTESTATION_FACT,EC0151,정조의 진술/기록이 존재한다: 정조 | 구순을 신지도에 정배하는 처분을 내림 (AFFIRMED),{TRUE} (source-fixed),AP0165 / ORDERS_EVENT,기록의 존재만 고정. 내용의 참거짓은 E_ 변수.
ATT_EC0152,ATTESTATION_FACT,EC0152,정조의 진술/기록이 존재한다: 정조 | 이광섭을 영동현에 유배하는 처분을 내림 (AFFIRMED),{TRUE} (source-fixed),AP0166 / ORDERS_EVENT,기록의 존재만 고정. 내용의 참거짓은 E_ 변수.
ATT_EC0153,ATTESTATION_FACT,EC0153,정조의 진술/기록이 존재한다: 정조 | 병영 비장 한가를 도백이 엄히 세 차례 형장 친 뒤 먼 섬의 종으로 보내도록 명함 (AFFIRMED),{TRUE} (source-fixed),AP0167 / ORDERS_EVENT,기록의 존재만 고정. 내용의 참거짓은 E_ 변수.
ATT_EC0154,ATTESTATION_FACT,EC0154,정조의 진술/기록이 존재한다: 정조 | 충청도 관찰사 이형원을 파직하도록 명함 (AFFIRMED),{TRUE} (source-fixed),AP0168 / ORDERS_EVENT,기록의 존재만 고정. 내용의 참거짓은 E_ 변수.
ATT_EC0155,ATTESTATION_FACT,EC0155,정조의 진술/기록이 존재한다: 정조 | 전 충청도 관찰사 이형원을 유임하는 처분을 내림 (AFFIRMED),{TRUE} (source-fixed),AP0169 / ORDERS_EVENT,기록의 존재만 고정. 내용의 참거짓은 E_ 변수.
E_EC0001,EVENT_TRUTH,EC0001,주장 내용이 참이다: 구순 | 청주 덕평에 거주,"{TRUE, FALSE}",OFFICIAL_FINDING via 이형원,DENIED/OFFICIAL/ROYAL 판단은 evidence이며 값을 고정하지 않음.
E_EC0002,EVENT_TRUTH,EC0002,주장 내용이 참이다: 구순 | 김명신을 도적 괴수라고 말함,"{TRUE, FALSE}",OFFICIAL_FINDING via 이형원,DENIED/OFFICIAL/ROYAL 판단은 evidence이며 값을 고정하지 않음.
E_EC0003,EVENT_TRUTH,EC0003,주장 내용이 참이다: 충청병영 | 김명신을 잡음,"{TRUE, FALSE}",OFFICIAL_FINDING via 이형원,DENIED/OFFICIAL/ROYAL 판단은 evidence이며 값을 고정하지 않음.
E_EC0004,EVENT_TRUTH,EC0004,주장 내용이 참이다: 충청병영 | 김명신을 달포 이상 구금함,"{TRUE, FALSE}",OFFICIAL_FINDING via 이형원,DENIED/OFFICIAL/ROYAL 판단은 evidence이며 값을 고정하지 않음.
E_EC0005,EVENT_TRUTH,EC0005,주장 내용이 참이다: 충청병영 | 김명신을 조사함,"{TRUE, FALSE}",OFFICIAL_FINDING via 이형원,DENIED/OFFICIAL/ROYAL 판단은 evidence이며 값을 고정하지 않음.
E_EC0006,EVENT_TRUTH,EC0006,주장 내용이 참이다: 수사 | 확실한 장물을 찾음 — 하지 않았다/없었다 (NEGATED),"{TRUE, FALSE}",OFFICIAL_FINDING via 이형원,DENIED/OFFICIAL/ROYAL 판단은 evidence이며 값을 고정하지 않음.
E_EC0007,EVENT_TRUTH,EC0007,주장 내용이 참이다: 김명신 | 사망,"{TRUE, FALSE}",OFFICIAL_FINDING via 이형원,DENIED/OFFICIAL/ROYAL 판단은 evidence이며 값을 고정하지 않음.
E_EC0008,EVENT_TRUTH,EC0008,주장 내용이 참이다: 김명신 | 사망이 구금·조사 뒤였음,"{TRUE, FALSE}",OFFICIAL_FINDING via 이형원,DENIED/OFFICIAL/ROYAL 판단은 evidence이며 값을 고정하지 않음.
E_EC0009,EVENT_TRUTH,EC0009,주장 내용이 참이다: 평민들 | 모진 형벌을 받음,"{TRUE, FALSE}",OFFICIAL_FINDING via 이형원,DENIED/OFFICIAL/ROYAL 판단은 evidence이며 값을 고정하지 않음.
E_EC0010,EVENT_TRUTH,EC0010,주장 내용이 참이다: 형벌을 받은 평민들 | 무고함,"{TRUE, FALSE}",OFFICIAL_FINDING via 이형원,DENIED/OFFICIAL/ROYAL 판단은 evidence이며 값을 고정하지 않음.
E_EC0011,EVENT_TRUTH,EC0011,주장 내용이 참이다: 구순과 김명신 | 사이에 원한이 있었음,"{TRUE, FALSE}",STATE_REPORTED via 이형원 > 회동 조사 응답자들,DENIED/OFFICIAL/ROYAL 판단은 evidence이며 값을 고정하지 않음.
E_EC0012,EVENT_TRUTH,EC0012,주장 내용이 참이다: 구순 | 도난 상황을 꾸밈,"{TRUE, FALSE}",ASSERTED via 이형원 > 회동 조사 응답자들,DENIED/OFFICIAL/ROYAL 판단은 evidence이며 값을 고정하지 않음.
E_EC0013,EVENT_TRUTH,EC0013,주장 내용이 참이다: 구순 | 김명신에게 도적 괴수 누명을 씌움,"{TRUE, FALSE}",ASSERTED via 이형원 > 회동 조사 응답자들,DENIED/OFFICIAL/ROYAL 판단은 evidence이며 값을 고정하지 않음.
E_EC0014,EVENT_TRUTH,EC0014,주장 내용이 참이다: 구순 | 그 누명을 씌우는 데 행랑 하인을 통함,"{TRUE, FALSE}",ASSERTED via 이형원 > 회동 조사 응답자들,DENIED/OFFICIAL/ROYAL 판단은 evidence이며 값을 고정하지 않음.
E_EC0015,EVENT_TRUTH,EC0015,주장 내용이 참이다: 구순 | 그 누명을 씌우는 데 교졸을 통함,"{TRUE, FALSE}",ASSERTED via 이형원 > 회동 조사 응답자들,DENIED/OFFICIAL/ROYAL 판단은 evidence이며 값을 고정하지 않음.
E_EC0016,EVENT_TRUTH,EC0016,주장 내용이 참이다: 전후 체포자들 | 구순 집에서 미워하던 사람들이었음,"{TRUE, FALSE}",STATE_REPORTED via 이형원 > 미상,DENIED/OFFICIAL/ROYAL 판단은 evidence이며 값을 고정하지 않음.
E_EC0017,EVENT_TRUTH,EC0017,주장 내용이 참이다: 이문협 | 수사를 병영 비장에게 전적으로 맡김,"{TRUE, FALSE}",OFFICIAL_FINDING via 이형원,DENIED/OFFICIAL/ROYAL 판단은 evidence이며 값을 고정하지 않음.
E_EC0018,EVENT_TRUTH,EC0018,주장 내용이 참이다: 이광섭이 믿은 말 | 허황한 말이었음,"{TRUE, FALSE}",OFFICIAL_FINDING via 이형원,DENIED/OFFICIAL/ROYAL 판단은 evidence이며 값을 고정하지 않음.
E_EC0019,EVENT_TRUTH,EC0019,주장 내용이 참이다: 이광섭 | 무고한 사람을 잘못 잡음,"{TRUE, FALSE}",OFFICIAL_FINDING via 이형원,DENIED/OFFICIAL/ROYAL 판단은 evidence이며 값을 고정하지 않음.
E_EC0020,EVENT_TRUTH,EC0020,주장 내용이 참이다: 비변사 | 이광섭 파직·나문·엄한 감죄를 청함,"{TRUE, FALSE}",DIRECT_ACTION_RECORDED via 비변사,DENIED/OFFICIAL/ROYAL 판단은 evidence이며 값을 고정하지 않음.
E_EC0021,EVENT_TRUTH,EC0021,주장 내용이 참이다: 정조 | 이광섭 처분 요청을 윤허함,"{TRUE, FALSE}",ORDERED via 정조,ORDERED: 명령 행위 자체(집행 아님).
E_EC0022,EVENT_TRUTH,EC0022,주장 내용이 참이다: 도난 자체 | 있었음 — 하지 않았다/없었다 (NEGATED),"{TRUE, FALSE}",ROYAL_FINDING via 정조,DENIED/OFFICIAL/ROYAL 판단은 evidence이며 값을 고정하지 않음.
E_EC0023,EVENT_TRUTH,EC0023,주장 내용이 참이다: 정조 | 구순을 의금부에 잡아 가두고 엄히 조사하도록 명함,"{TRUE, FALSE}",ORDERED via 정조,ORDERED: 명령 행위 자체(집행 아님).
E_EC0024,EVENT_TRUTH,EC0024,이조원의 신빙성 판단이 타당하다: '구순 집 화적이 들었음'는 설명이 이치에 맞지 않음 (발생 부정으로 읽지 않음),"{TRUE, FALSE}",OFFICIAL_FINDING via 이조원,DENIED/OFFICIAL/ROYAL 판단은 evidence이며 값을 고정하지 않음.
E_EC0025,EVENT_TRUTH,EC0025,주장 내용이 참이다: 김명신 | 구순의 이웃으로 삶,"{TRUE, FALSE}",OFFICIAL_FINDING via 이조원,DENIED/OFFICIAL/ROYAL 판단은 evidence이며 값을 고정하지 않음.
E_EC0026,EVENT_TRUTH,EC0026,주장 내용이 참이다: 김명신 | 구순의 행실을 비판함,"{TRUE, FALSE}",OFFICIAL_FINDING via 이조원,DENIED/OFFICIAL/ROYAL 판단은 evidence이며 값을 고정하지 않음.
E_EC0027,EVENT_TRUTH,EC0027,주장 내용이 참이다: 구순 | 앙심을 품음,"{TRUE, FALSE}",OFFICIAL_FINDING via 이조원,DENIED/OFFICIAL/ROYAL 판단은 evidence이며 값을 고정하지 않음.
E_EC0028,EVENT_TRUTH,EC0028,주장 내용이 참이다: 구순 | 그 앙심이 김명신의 비판 때문이었음,"{TRUE, FALSE}",OFFICIAL_FINDING via 이조원,DENIED/OFFICIAL/ROYAL 판단은 evidence이며 값을 고정하지 않음.
E_EC0029,EVENT_TRUTH,EC0029,주장 내용이 참이다: 구순 | 김명신을 모함하려 함,"{TRUE, FALSE}",OFFICIAL_FINDING via 이조원,DENIED/OFFICIAL/ROYAL 판단은 evidence이며 값을 고정하지 않음.
E_EC0030,EVENT_TRUTH,EC0030,주장 내용이 참이다: 구순 | 도난 상황을 꾸밈,"{TRUE, FALSE}",OFFICIAL_FINDING via 이조원,DENIED/OFFICIAL/ROYAL 판단은 evidence이며 값을 고정하지 않음.
E_EC0031,EVENT_TRUTH,EC0031,주장 내용이 참이다: 구순 | 지세랑이라는 말을 만듦,"{TRUE, FALSE}",OFFICIAL_FINDING via 이조원,DENIED/OFFICIAL/ROYAL 판단은 evidence이며 값을 고정하지 않음.
E_EC0032,EVENT_TRUTH,EC0032,주장 내용이 참이다: 구순 | 지세랑이라는 말을 퍼뜨림,"{TRUE, FALSE}",OFFICIAL_FINDING via 이조원,DENIED/OFFICIAL/ROYAL 판단은 evidence이며 값을 고정하지 않음.
E_EC0033,EVENT_TRUTH,EC0033,주장 내용이 참이다: 구순 | 작은 궤짝의 돈을 도둑맞았다고 꾸밈,"{TRUE, FALSE}",OFFICIAL_FINDING via 이조원,DENIED/OFFICIAL/ROYAL 판단은 evidence이며 값을 고정하지 않음.
E_EC0034,EVENT_TRUTH,EC0034,주장 내용이 참이다: 하인의 흔적 | 부스럼 흔적이었음,"{TRUE, FALSE}",OFFICIAL_FINDING via 이조원,DENIED/OFFICIAL/ROYAL 판단은 evidence이며 값을 고정하지 않음.
E_EC0035,EVENT_TRUTH,EC0035,주장 내용이 참이다: 구순 | 하인의 흔적을 창상으로 꾸밈,"{TRUE, FALSE}",OFFICIAL_FINDING via 이조원,DENIED/OFFICIAL/ROYAL 판단은 evidence이며 값을 고정하지 않음.
E_EC0036,EVENT_TRUTH,EC0036,주장 내용이 참이다: 김명신 | 사망,"{TRUE, FALSE}",OFFICIAL_FINDING via 이조원,DENIED/OFFICIAL/ROYAL 판단은 evidence이며 값을 고정하지 않음.
E_EC0037,EVENT_TRUTH,EC0037,주장 내용이 참이다: 김명신 | 사망 장소가 병영 옥이었음,"{TRUE, FALSE}",OFFICIAL_FINDING via 이조원,DENIED/OFFICIAL/ROYAL 판단은 evidence이며 값을 고정하지 않음.
E_EC0038,EVENT_TRUTH,EC0038,주장 내용이 참이다: 김명신 | 구순이 구성한 죄안 때문에 사망함,"{TRUE, FALSE}",OFFICIAL_FINDING via 이조원,DENIED/OFFICIAL/ROYAL 판단은 evidence이며 값을 고정하지 않음.
E_EC0039,EVENT_TRUTH,EC0039,주장 내용이 참이다: 김명신의 아내 | 사망,"{TRUE, FALSE}",OFFICIAL_FINDING via 이조원,DENIED/OFFICIAL/ROYAL 판단은 evidence이며 값을 고정하지 않음.
E_EC0040,EVENT_TRUTH,EC0040,주장 내용이 참이다: 김명신의 아내 | 김명신이 죽은 뒤 따라 죽음,"{TRUE, FALSE}",OFFICIAL_FINDING via 이조원,DENIED/OFFICIAL/ROYAL 판단은 evidence이며 값을 고정하지 않음.
E_EC0041,EVENT_TRUTH,EC0041,주장 내용이 참이다: 병사 | 사건을 자세히 조사함 — 하지 않았다/없었다 (NEGATED),"{TRUE, FALSE}",OFFICIAL_FINDING via 이조원,DENIED/OFFICIAL/ROYAL 판단은 evidence이며 값을 고정하지 않음.
E_EC0042,EVENT_TRUTH,EC0042,주장 내용이 참이다: 병사 | 사건을 하급 보조자에게 맡김,"{TRUE, FALSE}",OFFICIAL_FINDING via 이조원,DENIED/OFFICIAL/ROYAL 판단은 evidence이며 값을 고정하지 않음.
E_EC0043,EVENT_TRUTH,EC0043,주장 내용이 참이다: 병영의 하급 보조자 | 구순의 가객이었음,"{TRUE, FALSE}",OFFICIAL_FINDING via 이조원,DENIED/OFFICIAL/ROYAL 판단은 evidence이며 값을 고정하지 않음.
E_EC0044,EVENT_TRUTH,EC0044,주장 내용이 참이다: 정조 | 이조원을 파직하도록 명함,"{TRUE, FALSE}",ORDERED via 정조,ORDERED: 명령 행위 자체(집행 아님).
E_EC0045,EVENT_TRUTH,EC0045,주장 내용이 참이다: 정조 | 구순을 의금부에 엄히 가두고 반복 신문하도록 명함,"{TRUE, FALSE}",ORDERED via 정조,ORDERED: 명령 행위 자체(집행 아님).
E_EC0046,EVENT_TRUTH,EC0046,주장 내용이 참이다: 구순 사건의 도난 | 있었음 — 하지 않았다/없었다 (NEGATED),"{TRUE, FALSE}",OFFICIAL_FINDING via 이조원,DENIED/OFFICIAL/ROYAL 판단은 evidence이며 값을 고정하지 않음.
E_EC0047,EVENT_TRUTH,EC0047,주장 내용이 참이다: 예전 호중 화적 | 지세랑 호칭을 사용한 적이 있음,"{TRUE, FALSE}",ASSERTED via 홍대협,DENIED/OFFICIAL/ROYAL 판단은 evidence이며 값을 고정하지 않음.
E_EC0048,EVENT_TRUTH,EC0048,주장 내용이 참이다: 정조 | 홍대협에게 내려가 자세히 조사해 오라고 명함,"{TRUE, FALSE}",ORDERED via 정조,ORDERED: 명령 행위 자체(집행 아님).
E_EC0049,EVENT_TRUTH,EC0049,주장 내용이 참이다: 정조 | 홍대협을 충청도 공주 안핵어사로 차하함,"{TRUE, FALSE}",ORDERED via 정조,ORDERED: 명령 행위 자체(집행 아님).
E_EC0050,EVENT_TRUTH,EC0050,주장 내용이 참이다: 구순 | 도적을 만남,"{TRUE, FALSE}",ASSERTED via 윤노동 > 구순,DENIED/OFFICIAL/ROYAL 판단은 evidence이며 값을 고정하지 않음.
E_EC0051,EVENT_TRUTH,EC0051,주장 내용이 참이다: 구순 | 영교를 부름,"{TRUE, FALSE}",OFFICIAL_FINDING via 윤노동,DENIED/OFFICIAL/ROYAL 판단은 evidence이며 값을 고정하지 않음.
E_EC0052,EVENT_TRUTH,EC0052,주장 내용이 참이다: 구순 | 김명신 등의 이름을 써 줌,"{TRUE, FALSE}",OFFICIAL_FINDING via 윤노동,DENIED/OFFICIAL/ROYAL 판단은 evidence이며 값을 고정하지 않음.
E_EC0053,EVENT_TRUTH,EC0053,주장 내용이 참이다: 김명신 | 사망,"{TRUE, FALSE}",OFFICIAL_FINDING via 윤노동,DENIED/OFFICIAL/ROYAL 판단은 evidence이며 값을 고정하지 않음.
E_EC0054,EVENT_TRUTH,EC0054,주장 내용이 참이다: 김명신 | 사망 원인이 병이었음,"{TRUE, FALSE}",OFFICIAL_FINDING via 윤노동,DENIED/OFFICIAL/ROYAL 판단은 evidence이며 값을 고정하지 않음.
E_EC0055,EVENT_TRUTH,EC0055,주장 내용이 참이다: 김명신 | 사망이 체포·구금 뒤였음,"{TRUE, FALSE}",OFFICIAL_FINDING via 윤노동,DENIED/OFFICIAL/ROYAL 판단은 evidence이며 값을 고정하지 않음.
E_EC0056,EVENT_TRUTH,EC0056,주장 내용이 참이다: 여러 죄수 | 참혹한 형벌을 받음,"{TRUE, FALSE}",OFFICIAL_FINDING via 윤노동,DENIED/OFFICIAL/ROYAL 판단은 evidence이며 값을 고정하지 않음.
E_EC0057,EVENT_TRUTH,EC0057,주장 내용이 참이다: 수사 | 진정한 장물을 얻음 — 하지 않았다/없었다 (NEGATED),"{TRUE, FALSE}",OFFICIAL_FINDING via 윤노동,DENIED/OFFICIAL/ROYAL 판단은 evidence이며 값을 고정하지 않음.
E_EC0058,EVENT_TRUTH,EC0058,주장 내용이 참이다: 한재욱 | 변가의 처를 꾐,"{TRUE, FALSE}",OFFICIAL_FINDING via 윤노동,DENIED/OFFICIAL/ROYAL 판단은 evidence이며 값을 고정하지 않음.
E_EC0059,EVENT_TRUTH,EC0059,주장 내용이 참이다: 변가의 처 | 김명신이 도적 괴수라는 취지의 공초를 냄,"{TRUE, FALSE}",OFFICIAL_FINDING via 윤노동,DENIED/OFFICIAL/ROYAL 판단은 evidence이며 값을 고정하지 않음.
E_EC0060,EVENT_TRUTH,EC0060,주장 내용이 참이다: 한재욱 | 변가의 처를 꾀어 그 공초를 내게 함,"{TRUE, FALSE}",OFFICIAL_FINDING via 윤노동,DENIED/OFFICIAL/ROYAL 판단은 evidence이며 값을 고정하지 않음.
E_EC0061,EVENT_TRUTH,EC0061,주장 내용이 참이다: 비변사 | 홍대협의 안핵 복명 전이므로 윤노동 별단의 구순 사건 처리를 보류할 것을 청함,"{TRUE, FALSE}",DIRECT_ACTION_RECORDED via 비변사,DENIED/OFFICIAL/ROYAL 판단은 evidence이며 값을 고정하지 않음.
E_EC0062,EVENT_TRUTH,EC0062,주장 내용이 참이다: 정조 | 비변사의 보류 요청을 윤허함,"{TRUE, FALSE}",ORDERED via 정조,ORDERED: 명령 행위 자체(집행 아님).
E_EC0063,EVENT_TRUTH,EC0063,주장 내용이 참이다: 홍대협 | 공주목에 도착해 관련자들을 차례로 신문함,"{TRUE, FALSE}",DIRECT_ACTION_RECORDED via 홍대협,DENIED/OFFICIAL/ROYAL 판단은 evidence이며 값을 고정하지 않음.
E_EC0064,EVENT_TRUTH,EC0064,주장 내용이 참이다: 명업 | 구순 집 계집종의 남편이며 바깥사랑에 거주함,"{TRUE, FALSE}",STATE_REPORTED via 명업,DENIED/OFFICIAL/ROYAL 판단은 evidence이며 값을 고정하지 않음.
E_EC0065,EVENT_TRUTH,EC0065,주장 내용이 참이다: 나복 | 명업에게 도적이 들었다고 알림,"{TRUE, FALSE}",ASSERTED via 명업,DENIED/OFFICIAL/ROYAL 판단은 evidence이며 값을 고정하지 않음.
E_EC0066,EVENT_TRUTH,EC0066,주장 내용이 참이다: 도적 | 들어옴,"{TRUE, FALSE}",ASSERTED via 명업 > 나복,DENIED/OFFICIAL/ROYAL 판단은 evidence이며 값을 고정하지 않음.
E_EC0067,EVENT_TRUTH,EC0067,주장 내용이 참이다: 들어온 도적 | 30여 명이었음,"{TRUE, FALSE}",STATE_REPORTED via 명업 > 나복,DENIED/OFFICIAL/ROYAL 판단은 evidence이며 값을 고정하지 않음.
E_EC0068,EVENT_TRUTH,EC0068,주장 내용이 참이다: 도적 | 횃불을 들고 들어옴,"{TRUE, FALSE}",ASSERTED via 명업 > 나복,DENIED/OFFICIAL/ROYAL 판단은 evidence이며 값을 고정하지 않음.
E_EC0069,EVENT_TRUTH,EC0069,주장 내용이 참이다: 도적 | 지세대감이라 자칭함,"{TRUE, FALSE}",ASSERTED via 명업 > 나복,DENIED/OFFICIAL/ROYAL 판단은 evidence이며 값을 고정하지 않음.
E_EC0070,EVENT_TRUTH,EC0070,주장 내용이 참이다: 도적 | 돈과 물품을 훔침,"{TRUE, FALSE}",ASSERTED via 명업 > 나복,DENIED/OFFICIAL/ROYAL 판단은 evidence이며 값을 고정하지 않음.
E_EC0071,EVENT_TRUTH,EC0071,주장 내용이 참이다: 김명신 | 본래 구순과 친숙하여 날마다 왕래함,"{TRUE, FALSE}",STATE_REPORTED via 명업,DENIED/OFFICIAL/ROYAL 판단은 evidence이며 값을 고정하지 않음.
E_EC0072,EVENT_TRUTH,EC0072,주장 내용이 참이다: 김명신 | 2월 초 박거사 일로 구순에게 편지를 보내 힐책함,"{TRUE, FALSE}",ASSERTED via 명업,DENIED/OFFICIAL/ROYAL 판단은 evidence이며 값을 고정하지 않음.
E_EC0073,EVENT_TRUTH,EC0073,주장 내용이 참이다: 구순·김명신 | 왕래가 끊김,"{TRUE, FALSE}",STATE_REPORTED via 명업,DENIED/OFFICIAL/ROYAL 판단은 evidence이며 값을 고정하지 않음.
E_EC0074,EVENT_TRUTH,EC0074,주장 내용이 참이다: 구순 | 소장을 올림,"{TRUE, FALSE}",ASSERTED via 명업,DENIED/OFFICIAL/ROYAL 판단은 evidence이며 값을 고정하지 않음.
E_EC0075,EVENT_TRUTH,EC0075,주장 내용이 참이다: 체포령 | 그 소장으로 내려짐,"{TRUE, FALSE}",ASSERTED via 명업,DENIED/OFFICIAL/ROYAL 판단은 evidence이며 값을 고정하지 않음.
E_EC0076,EVENT_TRUTH,EC0076,주장 내용이 참이다: 구순 | 찾아온 장교 한 명을 안행랑으로 불러 조용히 대화함,"{TRUE, FALSE}",ASSERTED via 명업,DENIED/OFFICIAL/ROYAL 판단은 evidence이며 값을 고정하지 않음.
E_EC0077,EVENT_TRUTH,EC0077,주장 내용이 참이다: 명업 | 병영 뜰 공초에서 처음에는 사실대로 말함,"{TRUE, FALSE}",ASSERTED via 명업,DENIED/OFFICIAL/ROYAL 판단은 evidence이며 값을 고정하지 않음.
E_EC0078,EVENT_TRUTH,EC0078,주장 내용이 참이다: 명업 | 위협이 두려웠음,"{TRUE, FALSE}",STATE_REPORTED via 명업,DENIED/OFFICIAL/ROYAL 판단은 evidence이며 값을 고정하지 않음.
E_EC0079,EVENT_TRUTH,EC0079,주장 내용이 참이다: 명업 | 도적이 없었다는 취지로 진술을 바꿈,"{TRUE, FALSE}",ASSERTED via 명업,DENIED/OFFICIAL/ROYAL 판단은 evidence이며 값을 고정하지 않음.
E_EC0080,EVENT_TRUTH,EC0080,주장 내용이 참이다: 명업 | 위협이 두려워 진술을 바꿈,"{TRUE, FALSE}",ASSERTED via 명업,DENIED/OFFICIAL/ROYAL 판단은 evidence이며 값을 고정하지 않음.
E_EC0081,EVENT_TRUTH,EC0081,주장 내용이 참이다: 병영 | 이진욱을 비장청으로 부름,"{TRUE, FALSE}",ASSERTED via 이진욱,DENIED/OFFICIAL/ROYAL 판단은 evidence이며 값을 고정하지 않음.
E_EC0082,EVENT_TRUTH,EC0082,주장 내용이 참이다: 한재욱 | 이진욱·조계완 등에게 덕평으로 가도록 지시함,"{TRUE, FALSE}",ASSERTED via 이진욱,DENIED/OFFICIAL/ROYAL 판단은 evidence이며 값을 고정하지 않음.
E_EC0083,EVENT_TRUTH,EC0083,주장 내용이 참이다: 한재욱 | 변지돌과 정원돌을 잡아오라고 지시함,"{TRUE, FALSE}",ASSERTED via 이진욱,DENIED/OFFICIAL/ROYAL 판단은 evidence이며 값을 고정하지 않음.
E_EC0084,EVENT_TRUTH,EC0084,주장 내용이 참이다: 한재욱 | 철편 네 개를 만들어 줌,"{TRUE, FALSE}",ASSERTED via 이진욱,DENIED/OFFICIAL/ROYAL 판단은 evidence이며 값을 고정하지 않음.
E_EC0085,EVENT_TRUTH,EC0085,주장 내용이 참이다: 변지돌과 정원돌 | 처남매부 사이임,"{TRUE, FALSE}",STATE_REPORTED via 이진욱 > 한재욱,DENIED/OFFICIAL/ROYAL 판단은 evidence이며 값을 고정하지 않음.
E_EC0086,EVENT_TRUTH,EC0086,주장 내용이 참이다: 변지돌 | 힘이 셈,"{TRUE, FALSE}",STATE_REPORTED via 이진욱 > 한재욱,DENIED/OFFICIAL/ROYAL 판단은 evidence이며 값을 고정하지 않음.
E_EC0087,EVENT_TRUTH,EC0087,주장 내용이 참이다: 한재욱 | 조심하라고 말함,"{TRUE, FALSE}",ASSERTED via 이진욱,DENIED/OFFICIAL/ROYAL 판단은 evidence이며 값을 고정하지 않음.
E_EC0088,EVENT_TRUTH,EC0088,주장 내용이 참이다: 변지돌 | 이미 공주진에서 잡혀간 상태였음,"{TRUE, FALSE}",STATE_REPORTED via 이진욱,DENIED/OFFICIAL/ROYAL 판단은 evidence이며 값을 고정하지 않음.
E_EC0089,EVENT_TRUTH,EC0089,주장 내용이 참이다: 이진욱 등 장교 | 자미덕을 잡음,"{TRUE, FALSE}",ASSERTED via 이진욱,DENIED/OFFICIAL/ROYAL 판단은 evidence이며 값을 고정하지 않음.
E_EC0090,EVENT_TRUTH,EC0090,주장 내용이 참이다: 이진욱 등 장교 | 잡은 사람이 자미덕뿐이었음,"{TRUE, FALSE}",STATE_REPORTED via 이진욱,DENIED/OFFICIAL/ROYAL 판단은 evidence이며 값을 고정하지 않음.
E_EC0091,EVENT_TRUTH,EC0091,주장 내용이 참이다: 자미덕 | 재돌의 처임,"{TRUE, FALSE}",STATE_REPORTED via 이진욱,DENIED/OFFICIAL/ROYAL 판단은 evidence이며 값을 고정하지 않음.
E_EC0092,EVENT_TRUTH,EC0092,주장 내용이 참이다: 재돌 | 변지돌의 아우임,"{TRUE, FALSE}",STATE_REPORTED via 이진욱,DENIED/OFFICIAL/ROYAL 판단은 evidence이며 값을 고정하지 않음.
E_EC0093,EVENT_TRUTH,EC0093,주장 내용이 참이다: 장교 일행 | 자미덕을 데리고 구순 집으로 가 도난 상황을 물음,"{TRUE, FALSE}",ASSERTED via 이진욱,DENIED/OFFICIAL/ROYAL 판단은 evidence이며 값을 고정하지 않음.
E_EC0094,EVENT_TRUTH,EC0094,주장 내용이 참이다: 구순 | 잃은 물건들을 열거함,"{TRUE, FALSE}",ASSERTED via 이진욱,DENIED/OFFICIAL/ROYAL 판단은 evidence이며 값을 고정하지 않음.
E_EC0095,EVENT_TRUTH,EC0095,주장 내용이 참이다: 구순 | 도적이 스스로 지세대사라고 자칭했다고 말함,"{TRUE, FALSE}",ASSERTED via 이진욱,DENIED/OFFICIAL/ROYAL 판단은 evidence이며 값을 고정하지 않음.
E_EC0096,EVENT_TRUTH,EC0096,주장 내용이 참이다: 병사 이광섭 | 3월 4일 풍각 김생원과 흥덕 김생원을 잡아오라고 지시함,"{TRUE, FALSE}",ASSERTED via 이진욱,DENIED/OFFICIAL/ROYAL 판단은 evidence이며 값을 고정하지 않음.
E_EC0097,EVENT_TRUTH,EC0097,주장 내용이 참이다: 장교 일행 | 병사 분부에 따라 김명신과 김갑득을 잡아옴,"{TRUE, FALSE}",ASSERTED via 이진욱,DENIED/OFFICIAL/ROYAL 판단은 evidence이며 값을 고정하지 않음.
E_EC0098,EVENT_TRUTH,EC0098,주장 내용이 참이다: 조계완 | 풍각 김생원을 잡으러 가는 길에 구순 집에 들름,"{TRUE, FALSE}",ASSERTED via 조계완,DENIED/OFFICIAL/ROYAL 판단은 evidence이며 값을 고정하지 않음.
E_EC0099,EVENT_TRUTH,EC0099,주장 내용이 참이다: 구순 | 왜 다시 왔는지 물음,"{TRUE, FALSE}",ASSERTED via 조계완,DENIED/OFFICIAL/ROYAL 판단은 evidence이며 값을 고정하지 않음.
E_EC0100,EVENT_TRUTH,EC0100,주장 내용이 참이다: 조계완 | 풍각의 상주를 잡으러 왔다고 답함,"{TRUE, FALSE}",ASSERTED via 조계완,DENIED/OFFICIAL/ROYAL 판단은 evidence이며 값을 고정하지 않음.
E_EC0101,EVENT_TRUTH,EC0101,주장 내용이 참이다: 구순 | 이제야 도적 다스리는 일이 바른 길을 얻었다는 취지로 말함,"{TRUE, FALSE}",ASSERTED via 조계완,DENIED/OFFICIAL/ROYAL 판단은 evidence이며 값을 고정하지 않음.
E_EC0102,EVENT_TRUTH,EC0102,주장 내용이 참이다: 구순 | 서찰 한 장을 건네며 병사에게 전해달라고 요구함,"{TRUE, FALSE}",ASSERTED via 조계완,DENIED/OFFICIAL/ROYAL 판단은 evidence이며 값을 고정하지 않음.
E_EC0103,EVENT_TRUTH,EC0103,주장 내용이 참이다: 재돌 | 아산에 나가 있었음,"{TRUE, FALSE}",STATE_REPORTED via 자미덕,DENIED/OFFICIAL/ROYAL 판단은 evidence이며 값을 고정하지 않음.
E_EC0104,EVENT_TRUTH,EC0104,주장 내용이 참이다: 병영 장교 | 자미덕을 병영으로 붙잡아 감,"{TRUE, FALSE}",ASSERTED via 자미덕,DENIED/OFFICIAL/ROYAL 판단은 evidence이며 값을 고정하지 않음.
E_EC0105,EVENT_TRUTH,EC0105,주장 내용이 참이다: 병영 | 자미덕을 도적이라고 하며 한 차례 신문함,"{TRUE, FALSE}",ASSERTED via 자미덕,DENIED/OFFICIAL/ROYAL 판단은 evidence이며 값을 고정하지 않음.
E_EC0106,EVENT_TRUTH,EC0106,주장 내용이 참이다: 자미덕 | 신문 뒤 비장청 다모방에 구류됨,"{TRUE, FALSE}",STATE_REPORTED via 자미덕,DENIED/OFFICIAL/ROYAL 판단은 evidence이며 값을 고정하지 않음.
E_EC0107,EVENT_TRUTH,EC0107,주장 내용이 참이다: 한 비장 | 그 후 매일 자미덕을 방안으로 불러들임,"{TRUE, FALSE}",ASSERTED via 자미덕,DENIED/OFFICIAL/ROYAL 판단은 evidence이며 값을 고정하지 않음.
E_EC0108,EVENT_TRUTH,EC0108,주장 내용이 참이다: 한 비장 | 자미덕의 남편 재돌이 이미 체포되었다고 말함,"{TRUE, FALSE}",ASSERTED via 자미덕,DENIED/OFFICIAL/ROYAL 판단은 evidence이며 값을 고정하지 않음.
E_EC0109,EVENT_TRUTH,EC0109,주장 내용이 참이다: 한 비장 | '정원돌·이집거·김갑득·김성손·김흥득 등을 큰 도적들이라고 말하면'이라는 조건을 말함,"{TRUE, FALSE}",ASSERTED via 자미덕,DENIED/OFFICIAL/ROYAL 판단은 evidence이며 값을 고정하지 않음.
E_EC0110,EVENT_TRUTH,EC0110,주장 내용이 참이다: 한 비장 | 그 조건을 충족하면 자미덕과 남편을 다음 날 석방하겠다고 말함,"{TRUE, FALSE}",ASSERTED via 자미덕,DENIED/OFFICIAL/ROYAL 판단은 evidence이며 값을 고정하지 않음.
E_EC0111,EVENT_TRUTH,EC0111,주장 내용이 참이다: 한 비장 | 자미덕에게 떡과 밥을 줌,"{TRUE, FALSE}",ASSERTED via 자미덕,DENIED/OFFICIAL/ROYAL 판단은 evidence이며 값을 고정하지 않음.
E_EC0112,EVENT_TRUTH,EC0112,주장 내용이 참이다: 자미덕·이집거 | 서로 대질함,"{TRUE, FALSE}",ASSERTED via 자미덕,DENIED/OFFICIAL/ROYAL 판단은 evidence이며 값을 고정하지 않음.
E_EC0113,EVENT_TRUTH,EC0113,주장 내용이 참이다: 자미덕 | 이집거와 대질할 때 거짓으로 꾸며 말함,"{TRUE, FALSE}",ASSERTED via 자미덕,DENIED/OFFICIAL/ROYAL 판단은 evidence이며 값을 고정하지 않음.
E_EC0114,EVENT_TRUTH,EC0114,주장 내용이 참이다: 한 비장 | 자미덕의 그 거짓 발언을 지휘함,"{TRUE, FALSE}",ASSERTED via 자미덕,DENIED/OFFICIAL/ROYAL 판단은 evidence이며 값을 고정하지 않음.
E_EC0115,EVENT_TRUTH,EC0115,주장 내용이 참이다: 한재욱 | 병영 아전 유제희를 내보냄,"{TRUE, FALSE}",ASSERTED via 한재욱,DENIED/OFFICIAL/ROYAL 판단은 evidence이며 값을 고정하지 않음.
E_EC0116,EVENT_TRUTH,EC0116,주장 내용이 참이다: 한재욱 | 유제희를 내보낸 목적이 도적 진상 탐지였음,"{TRUE, FALSE}",ASSERTED via 한재욱,DENIED/OFFICIAL/ROYAL 판단은 evidence이며 값을 고정하지 않음.
E_EC0117,EVENT_TRUTH,EC0117,주장 내용이 참이다: 유제희 | 변지돌·변재돌·정원돌·김명신·김성손·김흥득·김흥길 등의 성명을 적어 옴,"{TRUE, FALSE}",ASSERTED via 한재욱,DENIED/OFFICIAL/ROYAL 판단은 evidence이며 값을 고정하지 않음.
E_EC0118,EVENT_TRUTH,EC0118,주장 내용이 참이다: 유제희 | 그 이름들을 직접 염탐해 알아냄,"{TRUE, FALSE}",ASSERTED via 한재욱 > 유제희,DENIED/OFFICIAL/ROYAL 판단은 evidence이며 값을 고정하지 않음.
E_EC0119,EVENT_TRUTH,EC0119,주장 내용이 참이다: 한재욱 | 자미덕을 방안으로 부름,"{TRUE, FALSE}",ASSERTED via 한재욱,DENIED/OFFICIAL/ROYAL 판단은 evidence이며 값을 고정하지 않음.
E_EC0120,EVENT_TRUTH,EC0120,주장 내용이 참이다: 한재욱 | 자미덕에게 남은 밥을 줌,"{TRUE, FALSE}",ASSERTED via 한재욱,DENIED/OFFICIAL/ROYAL 판단은 evidence이며 값을 고정하지 않음.
E_EC0121,EVENT_TRUTH,EC0121,주장 내용이 참이다: 유제희 | 석단 공초에서 김명신이 도적 괴수라고 했다고 말함,"{TRUE, FALSE}",ASSERTED via 한재욱,DENIED/OFFICIAL/ROYAL 판단은 evidence이며 값을 고정하지 않음.
E_EC0122,EVENT_TRUTH,EC0122,주장 내용이 참이다: 유제희 | 자미덕에게 다시 물어보라고 말함,"{TRUE, FALSE}",ASSERTED via 한재욱,DENIED/OFFICIAL/ROYAL 판단은 evidence이며 값을 고정하지 않음.
E_EC0123,EVENT_TRUTH,EC0123,주장 내용이 참이다: 한재욱 | 자미덕에게 다시 물음,"{TRUE, FALSE}",ASSERTED via 한재욱,DENIED/OFFICIAL/ROYAL 판단은 evidence이며 값을 고정하지 않음.
E_EC0124,EVENT_TRUTH,EC0124,주장 내용이 참이다: 한재욱 | 다시 물은 것이 유제희 말에 따른 것이었음,"{TRUE, FALSE}",ASSERTED via 한재욱,DENIED/OFFICIAL/ROYAL 판단은 evidence이며 값을 고정하지 않음.
E_EC0125,EVENT_TRUTH,EC0125,주장 내용이 참이다: 자미덕 | 재질문에 모른다고 답함,"{TRUE, FALSE}",ASSERTED via 한재욱,DENIED/OFFICIAL/ROYAL 판단은 evidence이며 값을 고정하지 않음.
E_EC0126,EVENT_TRUTH,EC0126,주장 내용이 참이다: 한재욱 | 자미덕을 은밀히 사주함 — 하지 않았다/없었다 (NEGATED),"{TRUE, FALSE}",DENIED via 한재욱,DENIED/OFFICIAL/ROYAL 판단은 evidence이며 값을 고정하지 않음.
E_EC0127,EVENT_TRUTH,EC0127,주장 내용이 참이다: 한재욱 | 구순과 아는 사이임 — 하지 않았다/없었다 (NEGATED),"{TRUE, FALSE}",DENIED via 한재욱,DENIED/OFFICIAL/ROYAL 판단은 evidence이며 값을 고정하지 않음.
E_EC0128,EVENT_TRUTH,EC0128,주장 내용이 참이다: 유제희 | 당초 현지에 가서 탐문함,"{TRUE, FALSE}",ASSERTED via 유제희,DENIED/OFFICIAL/ROYAL 판단은 evidence이며 값을 고정하지 않음.
E_EC0129,EVENT_TRUTH,EC0129,주장 내용이 참이다: 구순 | 풍각 김상제도 극히 수상하다고 말함,"{TRUE, FALSE}",ASSERTED via 유제희,DENIED/OFFICIAL/ROYAL 판단은 evidence이며 값을 고정하지 않음.
E_EC0130,EVENT_TRUTH,EC0130,주장 내용이 참이다: 유제희 | 그 말을 원돌 등의 이름과 함께 기록해 올림,"{TRUE, FALSE}",ASSERTED via 유제희,DENIED/OFFICIAL/ROYAL 판단은 evidence이며 값을 고정하지 않음.
E_EC0131,EVENT_TRUTH,EC0131,주장 내용이 참이다: 약간의 도난 | 실제였음,"{TRUE, FALSE}",OFFICIAL_FINDING via 홍대협,DENIED/OFFICIAL/ROYAL 판단은 evidence이며 값을 고정하지 않음.
E_EC0132,EVENT_TRUTH,EC0132,주장 내용이 참이다: 도난 | 큰 화적 사건이 아니라 보통 좀도둑 수준이었음,"{TRUE, FALSE}",OFFICIAL_FINDING via 홍대협,DENIED/OFFICIAL/ROYAL 판단은 evidence이며 값을 고정하지 않음.
E_EC0133,EVENT_TRUTH,EC0133,주장 내용이 참이다: 구순 | 과장함,"{TRUE, FALSE}",OFFICIAL_FINDING via 홍대협,DENIED/OFFICIAL/ROYAL 판단은 evidence이며 값을 고정하지 않음.
E_EC0134,EVENT_TRUTH,EC0134,주장 내용이 참이다: 아전 | 거짓 보고를 함,"{TRUE, FALSE}",OFFICIAL_FINDING via 홍대협,DENIED/OFFICIAL/ROYAL 판단은 evidence이며 값을 고정하지 않음.
E_EC0135,EVENT_TRUTH,EC0135,주장 내용이 참이다: 이광섭 | 구순의 과장과 아전의 거짓 보고를 믿음,"{TRUE, FALSE}",OFFICIAL_FINDING via 홍대협,DENIED/OFFICIAL/ROYAL 판단은 evidence이며 값을 고정하지 않음.
E_EC0136,EVENT_TRUTH,EC0136,주장 내용이 참이다: 이광섭 | 장물이 없는 상태에서 판단함,"{TRUE, FALSE}",OFFICIAL_FINDING via 홍대협,DENIED/OFFICIAL/ROYAL 판단은 evidence이며 값을 고정하지 않음.
E_EC0137,EVENT_TRUTH,EC0137,주장 내용이 참이다: 이광섭 | 큰 도적으로 판단함,"{TRUE, FALSE}",OFFICIAL_FINDING via 홍대협,DENIED/OFFICIAL/ROYAL 판단은 evidence이며 값을 고정하지 않음.
E_EC0138,EVENT_TRUTH,EC0138,주장 내용이 참이다: 김명신 | 죽음이 질병 때문이었음,"{TRUE, FALSE}",OFFICIAL_FINDING via 홍대협,DENIED/OFFICIAL/ROYAL 판단은 evidence이며 값을 고정하지 않음.
E_EC0139,EVENT_TRUTH,EC0139,주장 내용이 참이다: 이문협 | 장물부터 확보함 — 하지 않았다/없었다 (NEGATED),"{TRUE, FALSE}",OFFICIAL_FINDING via 홍대협,DENIED/OFFICIAL/ROYAL 판단은 evidence이며 값을 고정하지 않음.
E_EC0140,EVENT_TRUTH,EC0140,주장 내용이 참이다: 이문협 | 장교·나졸을 풀어 평민을 잡음,"{TRUE, FALSE}",OFFICIAL_FINDING via 홍대협,DENIED/OFFICIAL/ROYAL 판단은 evidence이며 값을 고정하지 않음.
E_EC0141,EVENT_TRUTH,EC0141,주장 내용이 참이다: 병영 비장 | 지휘함,"{TRUE, FALSE}",OFFICIAL_FINDING via 홍대협,DENIED/OFFICIAL/ROYAL 판단은 evidence이며 값을 고정하지 않음.
E_EC0142,EVENT_TRUTH,EC0142,주장 내용이 참이다: 이문협 | 병영 비장 지휘대로 죄를 얽음,"{TRUE, FALSE}",OFFICIAL_FINDING via 홍대협,DENIED/OFFICIAL/ROYAL 판단은 evidence이며 값을 고정하지 않음.
E_EC0143,EVENT_TRUTH,EC0143,주장 내용이 참이다: 도난 | 실제로 있었음,"{TRUE, FALSE}",ROYAL_FINDING via 정조,DENIED/OFFICIAL/ROYAL 판단은 evidence이며 값을 고정하지 않음.
E_EC0144,EVENT_TRUTH,EC0144,주장 내용이 참이다: 김명신 | 전염병에 걸려 죽음,"{TRUE, FALSE}",ROYAL_FINDING via 정조,DENIED/OFFICIAL/ROYAL 판단은 evidence이며 값을 고정하지 않음.
E_EC0145,EVENT_TRUTH,EC0145,주장 내용이 참이다: 김명신 부처 중 처 | 전염병에 걸려 죽음,"{TRUE, FALSE}",ROYAL_FINDING via 정조,DENIED/OFFICIAL/ROYAL 판단은 evidence이며 값을 고정하지 않음.
E_EC0146,EVENT_TRUTH,EC0146,주장 내용이 참이다: 김명신 | 곤장을 맞음 — 하지 않았다/없었다 (NEGATED),"{TRUE, FALSE}",ROYAL_FINDING via 정조,DENIED/OFFICIAL/ROYAL 판단은 evidence이며 값을 고정하지 않음.
E_EC0147,EVENT_TRUTH,EC0147,주장 내용이 참이다: 김명신 | 평범한 신문을 받음 — 하지 않았다/없었다 (NEGATED),"{TRUE, FALSE}",ROYAL_FINDING via 정조,DENIED/OFFICIAL/ROYAL 판단은 evidence이며 값을 고정하지 않음.
E_EC0148,EVENT_TRUTH,EC0148,주장 내용이 참이다: 예전 무식한 좀도둑들 | 지세대감·지세대사·지세랑 호칭을 씀,"{TRUE, FALSE}",ROYAL_FINDING via 정조,DENIED/OFFICIAL/ROYAL 판단은 evidence이며 값을 고정하지 않음.
E_EC0149,EVENT_TRUTH,EC0149,주장 내용이 참이다: 구순 | 지세 호칭을 스스로 만들어냄 — 하지 않았다/없었다 (NEGATED),"{TRUE, FALSE}",ROYAL_FINDING via 정조,DENIED/OFFICIAL/ROYAL 판단은 evidence이며 값을 고정하지 않음.
E_EC0150,EVENT_TRUTH,EC0150,주장 내용이 참이다: 정조 | 구순을 사형에서 감해 외딴 섬으로 정배하도록 명함,"{TRUE, FALSE}",ORDERED via 정조,ORDERED: 명령 행위 자체(집행 아님).
E_EC0151,EVENT_TRUTH,EC0151,주장 내용이 참이다: 정조 | 구순을 신지도에 정배하는 처분을 내림,"{TRUE, FALSE}",ORDERED via 정조,ORDERED: 명령 행위 자체(집행 아님).
E_EC0152,EVENT_TRUTH,EC0152,주장 내용이 참이다: 정조 | 이광섭을 영동현에 유배하는 처분을 내림,"{TRUE, FALSE}",ORDERED via 정조,ORDERED: 명령 행위 자체(집행 아님).
E_EC0153,EVENT_TRUTH,EC0153,주장 내용이 참이다: 정조 | 병영 비장 한가를 도백이 엄히 세 차례 형장 친 뒤 먼 섬의 종으로 보내도록 명함,"{TRUE, FALSE}",ORDERED via 정조,ORDERED: 명령 행위 자체(집행 아님).
E_EC0154,EVENT_TRUTH,EC0154,주장 내용이 참이다: 정조 | 충청도 관찰사 이형원을 파직하도록 명함,"{TRUE, FALSE}",ORDERED via 정조,ORDERED: 명령 행위 자체(집행 아님).
E_EC0155,EVENT_TRUTH,EC0155,주장 내용이 참이다: 정조 | 전 충청도 관찰사 이형원을 유임하는 처분을 내림,"{TRUE, FALSE}",ORDERED via 정조,ORDERED: 명령 행위 자체(집행 아님).
ID_PUNGGAK_KIMSAENGWON__KIMMYEONGSIN,IDENTITY,풍각 김생원,'풍각 김생원'와 '김명신'가 같은 인물/집단이다,"{TRUE, FALSE}",output/08 DIRECTLY_IDENTIFIED_IN_SOURCE (HIGH); scope P0066|P0067|P0070,DIRECT라도 값은 고정하지 않음(가설 변수).
ID_HEUNGDEOK_KIMSAENGWON__KIMGAPDEUK,IDENTITY,흥덕 김생원,'흥덕 김생원'와 '김갑득'가 같은 인물/집단이다,"{TRUE, FALSE}",output/08 DIRECTLY_IDENTIFIED_IN_SOURCE (HIGH); scope P0066|P0068,DIRECT라도 값은 고정하지 않음(가설 변수).
ID_PUNGGAK_KIMSANGJE__KIMMYEONGSIN,IDENTITY,풍각 김상제,'풍각 김상제'와 '김명신'가 같은 인물/집단이다,"{TRUE, FALSE}",output/08 STRONGLY_SUPPORTED (MEDIUM); scope P0096,DIRECT라도 값은 고정하지 않음(가설 변수).
ID_PUNGGAK_SANGJU__KIMMYEONGSIN,IDENTITY,풍각의 상주,'풍각의 상주'와 '김명신'가 같은 인물/집단이다,"{TRUE, FALSE}",output/08 STRONGLY_SUPPORTED (MEDIUM); scope P0072,DIRECT라도 값은 고정하지 않음(가설 변수).
ID_WONDOL__JEONGWONDOL,IDENTITY,원돌,'원돌'와 '정원돌'가 같은 인물/집단이다,"{TRUE, FALSE}",output/08 STRONGLY_SUPPORTED (MEDIUM); scope P0097,DIRECT라도 값은 고정하지 않음(가설 변수).
ID_HANGA__HANJAEUK,IDENTITY,한가(병영 비장 한가),'한가(병영 비장 한가)'와 '한재욱'가 같은 인물/집단이다,"{TRUE, FALSE}",output/08 STRONGLY_SUPPORTED (MEDIUM); scope P0113,DIRECT라도 값은 고정하지 않음(가설 변수).
ID_HANBIJANG__HANJAEUK,IDENTITY,한 비장,'한 비장'와 '한재욱'가 같은 인물/집단이다,"{TRUE, FALSE}",output/08 CANDIDATE (MEDIUM); scope P0079|P0080|P0081|P0082|P0084,DIRECT라도 값은 고정하지 않음(가설 변수).
ID_HANBIJANG__HANGA,IDENTITY,한 비장,'한 비장'와 '한가(P0113의 병영 비장 한가)'가 같은 인물/집단이다,"{TRUE, FALSE}",output/08 CANDIDATE (MEDIUM); scope P0079|P0080|P0081|P0082|P0084|P0113,DIRECT라도 값은 고정하지 않음(가설 변수).
ID_JAEDOL__BYEONJAEDOL,IDENTITY,재돌,'재돌'와 '변재돌'가 같은 인물/집단이다,"{TRUE, FALSE}",output/08 STRONGLY_SUPPORTED (MEDIUM); scope P0062|P0075|P0080,DIRECT라도 값은 고정하지 않음(가설 변수).
ID_NAMPYEON__JAEDOL,IDENTITY,남편(자미덕과 남편),'남편(자미덕과 남편)'와 '재돌'가 같은 인물/집단이다,"{TRUE, FALSE}",output/08 DIRECTLY_IDENTIFIED_IN_SOURCE (HIGH); scope P0081,DIRECT라도 값은 고정하지 않음(가설 변수).
ID_BYEONGA_CHEO__JAMIDEOK,IDENTITY,변가의 처,'변가의 처'와 '자미덕'가 같은 인물/집단이다,"{TRUE, FALSE}",output/08 CANDIDATE (LOW); scope P0043,DIRECT라도 값은 고정하지 않음(가설 변수).
ID_HAGEUP_BOJOJA__HANJAEUK,IDENTITY,병영의 하급 보조자,'병영의 하급 보조자'와 '한재욱'가 같은 인물/집단이다,"{TRUE, FALSE}",output/08 UNRESOLVED (NONE); scope P0027|P0028,DIRECT라도 값은 고정하지 않음(가설 변수).
ID_HAGEUP_BOJOJA__YUJEHUI,IDENTITY,병영의 하급 보조자,'병영의 하급 보조자'와 '유제희'가 같은 인물/집단이다,"{TRUE, FALSE}",output/08 UNRESOLVED (NONE); scope P0027|P0028,DIRECT라도 값은 고정하지 않음(가설 변수).
ID_AJEON_P0101__YUJEHUI,IDENTITY,아전(아전의 거짓 보고),'아전(아전의 거짓 보고)'와 '유제희'가 같은 인물/집단이다,"{TRUE, FALSE}",output/08 CANDIDATE (MEDIUM); scope P0101,DIRECT라도 값은 고정하지 않음(가설 변수).
ID_BIJANG_P0103__HANGA,IDENTITY,병영 비장(병영 비장 지휘),'병영 비장(병영 비장 지휘)'와 '한가(P0113의 병영 비장 한가)'가 같은 인물/집단이다,"{TRUE, FALSE}",output/08 CANDIDATE (LOW); scope P0103,DIRECT라도 값은 고정하지 않음(가설 변수).
ID_BIJANG_P0012__HANGA,IDENTITY,병영 비장(수사를 병영 비장에게 맡김),'병영 비장(수사를 병영 비장에게 맡김)'와 '한가(P0113의 병영 비장 한가)'가 같은 인물/집단이다,"{TRUE, FALSE}",output/08 UNRESOLVED (NONE); scope P0012,DIRECT라도 값은 고정하지 않음(가설 변수).
ID_BYEONGSA_SRC2_006__IGWANGSEOP,IDENTITY,병사,'병사'와 '이광섭'가 같은 인물/집단이다,"{TRUE, FALSE}",output/08 STRONGLY_SUPPORTED (HIGH); scope P0069|P0074,DIRECT라도 값은 고정하지 않음(가설 변수).
ID_BYEONGSA_P0027__IGWANGSEOP,IDENTITY,병사,'병사'와 '이광섭'가 같은 인물/집단이다,"{TRUE, FALSE}",output/08 STRONGLY_SUPPORTED (MEDIUM); scope P0027,DIRECT라도 값은 고정하지 않음(가설 변수).
ID_JANGGYO_ILHAENG_P0063__IJINUK_GROUP,IDENTITY,장교 일행,'장교 일행'와 '이진욱 등 장교'가 같은 인물/집단이다,"{TRUE, FALSE}",output/08 STRONGLY_SUPPORTED (MEDIUM); scope P0063,DIRECT라도 값은 고정하지 않음(가설 변수).
ID_JANGGYO_ILHAENG_P0069__IJINUK_GROUP,IDENTITY,장교 일행,'장교 일행'와 '이진욱 등 장교'가 같은 인물/집단이다,"{TRUE, FALSE}",output/08 CANDIDATE (LOW); scope P0069,DIRECT라도 값은 고정하지 않음(가설 변수).
ID_JANGGYO_1MYEONG__JOGYEWAN,IDENTITY,장교 1명,'장교 1명'와 '조계완'가 같은 인물이다,"{TRUE, FALSE}","pair stage only (PR0741, 근거 없음); output/08에는 없음",
CAUSELEVEL_EC0038,CAUSAL_LEVEL,EC0038,이조원이 말한 '구순이 구성한 죄안 때문에 사망'의 원인 층위,"{DIRECT_CAUSE, RESPONSIBILITY_ATTRIBUTION}",PR0450|PR0452|PR0453 CONTRADICTORY_IF_SAME_CAUSAL_LEVEL,
FABSCOPE_EC0012,INTERPRETATION,EC0012,응답자들이 말한 '구순이 도난 상황을 꾸밈'의 범위,"{FULL_FABRICATION, EXAGGERATION_OR_PARTIAL}",CONTRADICTORY_IF_FULL_FABRICATION (7 pairs),
FABSCOPE_EC0030,INTERPRETATION,EC0030,이조원이 말한 '구순이 도난 상황을 꾸밈'의 범위,"{FULL_FABRICATION, EXAGGERATION_OR_PARTIAL}",CONTRADICTORY_IF_FULL_FABRICATION (7 pairs),
TERM_EC0005_JOSA_INCLUDES_SINMUN,INTERPRETATION,EC0005,이형원 보고의 '조사함'이 신문을 포함하는 의미이다,"{TRUE, FALSE}",PR0063 CONTRADICTORY_IF_JOSA_EQUALS_SINMUN,
SAMELIST_EC0052_EC0118,INTERPRETATION,EC0052|EC0118,구순이 써 준 이름들(윤노동)과 유제희가 직접 염탐했다는 '그 이름들'이 같은 명단이다,"{TRUE, FALSE}",PR0559 CONFLICT_IF_SAME_LIST,
SENSE_EC0031,INTERPRETATION,EC0031,이조원의 '구순이 지세랑이라는 말을 만듦'의 의미,"{COINED_TERM, FABRICATED_USE_IN_CASE}",PR0378|PR0388|PR0389 재검토 (만들었다의 의미),
SENSE_EC0149,INTERPRETATION,EC0149,정조의 '그 죄를 면함'의 의미,"{FACTUAL_NEGATION, LEGAL_CLEARANCE}",PR0389 재검토 (면함의 의미),
SENSE_EC0132_EXCLUDES_LARGE_BAND,INTERPRETATION,EC0132,홍대협의 '큰 화적 사건이 아니라 좀도둑 수준' 평가가 30여 명 규모의 무리를 배제한다,"{TRUE, FALSE}",PR0688 재검토 (규모 평가의 의미),
SENSE_EC0040,INTERPRETATION,EC0040,이조원의 '김명신이 죽은 뒤 따라 죽음'의 '따라'의 의미,"{SEQUENCE_ONLY, CAUSAL_FOLLOWING_EXCLUDING_EPIDEMIC}",EC0040–EC0145 REVIEW pair,
MEMBER_KIMMYEONGSIN_IN_OS01,OPEN_SET_MEMBERSHIP,OS01|EC0009,"김명신이 '모진 형벌을 받은 무고한 평민들'(P0007, open set) 구성원이다","{TRUE, FALSE} (free; open set이므로 FALSE로 고정하지 않음)",PR0093|PR0094 CONTRADICTORY_IF_OPEN_SET_MEMBER,
MEMBER_KIMMYEONGSIN_IN_OS07,OPEN_SET_MEMBERSHIP,OS07|EC0056,"김명신이 '참혹한 형벌을 받은 여러 죄수'(P0041, open set) 구성원이다","{TRUE, FALSE} (free; open set이므로 FALSE로 고정하지 않음)",PR0581|PR0582 CONTRADICTORY_IF_OPEN_SET_MEMBER,
SAME_EC0003_EC0097,OCCURRENCE_IDENTITY,EC0003|EC0097,EC0003와 EC0097가 같은 역사적 occurrence를 가리킨다,"{TRUE, FALSE}",PR0047 SAME_OCCURRENCE_CANDIDATE,symmetric by construction (a<b); reflexive by definition
SAME_EC0007_EC0036,OCCURRENCE_IDENTITY,EC0007|EC0036,EC0007와 EC0036가 같은 역사적 occurrence를 가리킨다,"{TRUE, FALSE}",PR0068 SAME_OCCURRENCE_CANDIDATE,symmetric by construction (a<b); reflexive by definition
SAME_EC0007_EC0053,OCCURRENCE_IDENTITY,EC0007|EC0053,EC0007와 EC0053가 같은 역사적 occurrence를 가리킨다,"{TRUE, FALSE}",PR0073 SAME_OCCURRENCE_CANDIDATE,symmetric by construction (a<b); reflexive by definition
SAME_EC0036_EC0053,OCCURRENCE_IDENTITY,EC0036|EC0053,EC0036와 EC0053가 같은 역사적 occurrence를 가리킨다,"{TRUE, FALSE}",PR0432 SAME_OCCURRENCE_CANDIDATE,symmetric by construction (a<b); reflexive by definition
SAME_EC0009_EC0056,OCCURRENCE_IDENTITY,EC0009|EC0056,EC0009와 EC0056가 같은 역사적 occurrence를 가리킨다,"{TRUE, FALSE}",PR0092 SAME_OCCURRENCE_CANDIDATE,symmetric by construction (a<b); reflexive by definition
SAME_EC0012_EC0030,OCCURRENCE_IDENTITY,EC0012|EC0030,EC0012와 EC0030가 같은 역사적 occurrence를 가리킨다,"{TRUE, FALSE}",PR0113 SAME_OCCURRENCE_CANDIDATE,symmetric by construction (a<b); reflexive by definition
SAME_EC0026_EC0072,OCCURRENCE_IDENTITY,EC0026|EC0072,EC0026와 EC0072가 같은 역사적 occurrence를 가리킨다,"{TRUE, FALSE}",PR0328 SAME_OCCURRENCE_CANDIDATE,symmetric by construction (a<b); reflexive by definition
SAME_EC0050_EC0070,OCCURRENCE_IDENTITY,EC0050|EC0070,EC0050와 EC0070가 같은 역사적 occurrence를 가리킨다,"{TRUE, FALSE}",PR0525 SAME_OCCURRENCE_CANDIDATE,symmetric by construction (a<b); reflexive by definition
SAME_EC0076_EC0098,OCCURRENCE_IDENTITY,EC0076|EC0098,EC0076와 EC0098가 같은 역사적 occurrence를 가리킨다,"{TRUE, FALSE}",PR0741 SAME_OCCURRENCE_IF_IDENTITY_HOLDS,symmetric by construction (a<b); reflexive by definition
SAME_EC0089_EC0104,OCCURRENCE_IDENTITY,EC0089|EC0104,EC0089와 EC0104가 같은 역사적 occurrence를 가리킨다,"{TRUE, FALSE}",PR0795 SAME_OCCURRENCE_CANDIDATE,symmetric by construction (a<b); reflexive by definition
SAME_EC0107_EC0111,OCCURRENCE_IDENTITY,EC0107|EC0111,EC0107와 EC0111가 같은 역사적 occurrence를 가리킨다,"{TRUE, FALSE}",transitive closure of component EC0107|EC0111|EC0119|EC0120,symmetric by construction (a<b); reflexive by definition
SAME_EC0107_EC0119,OCCURRENCE_IDENTITY,EC0107|EC0119,EC0107와 EC0119가 같은 역사적 occurrence를 가리킨다,"{TRUE, FALSE}",PR0887 SAME_OCCURRENCE_IF_IDENTITY_HOLDS,symmetric by construction (a<b); reflexive by definition
SAME_EC0107_EC0120,OCCURRENCE_IDENTITY,EC0107|EC0120,EC0107와 EC0120가 같은 역사적 occurrence를 가리킨다,"{TRUE, FALSE}",PR0888 SAME_OCCURRENCE_IF_IDENTITY_HOLDS,symmetric by construction (a<b); reflexive by definition
SAME_EC0111_EC0119,OCCURRENCE_IDENTITY,EC0111|EC0119,EC0111와 EC0119가 같은 역사적 occurrence를 가리킨다,"{TRUE, FALSE}",PR0916 SAME_OCCURRENCE_IF_IDENTITY_HOLDS,symmetric by construction (a<b); reflexive by definition
SAME_EC0111_EC0120,OCCURRENCE_IDENTITY,EC0111|EC0120,EC0111와 EC0120가 같은 역사적 occurrence를 가리킨다,"{TRUE, FALSE}",PR0917 SAME_OCCURRENCE_IF_IDENTITY_HOLDS,symmetric by construction (a<b); reflexive by definition
SAME_EC0119_EC0120,OCCURRENCE_IDENTITY,EC0119|EC0120,EC0119와 EC0120가 같은 역사적 occurrence를 가리킨다,"{TRUE, FALSE}",transitive closure of component EC0107|EC0111|EC0119|EC0120,symmetric by construction (a<b); reflexive by definition
SAME_EC0117_EC0130,OCCURRENCE_IDENTITY,EC0117|EC0130,EC0117와 EC0130가 같은 역사적 occurrence를 가리킨다,"{TRUE, FALSE}",PR0939 SAME_OCCURRENCE_CANDIDATE,symmetric by construction (a<b); reflexive by definition
SAME_EC0150_EC0151,OCCURRENCE_IDENTITY,EC0150|EC0151,EC0150와 EC0151가 같은 역사적 occurrence를 가리킨다,"{TRUE, FALSE}",PR1000 SAME_OCCURRENCE_CANDIDATE,symmetric by construction (a<b); reflexive by definition
REF_EC0008_DETENTION__EC0004,REFERENT_IDENTITY,EC0008|EC0004,"EC0008의 '구금' = EC0004(같은 기록 SRC2_001, 다른 proposition)","{TRUE, FALSE}",EC0008 relative_time_text,
REF_EC0008_INVESTIGATION__EC0005,REFERENT_IDENTITY,EC0008|EC0005,"EC0008의 '조사' = EC0005(같은 기록 SRC2_001, 다른 proposition)","{TRUE, FALSE}",EC0008 relative_time_text,
REF_EC0040_KIMDEATH__EC0036,REFERENT_IDENTITY,EC0040|EC0036,EC0040의 '김명신이 죽은 뒤'의 사망 = EC0036(같은 기록 SRC2_002),"{TRUE, FALSE}",EC0040 relative_time_text,
REF_EC0073_THEN__EC0072,REFERENT_IDENTITY,EC0073|EC0072,"EC0073의 '그 뒤' = EC0072의 편지 힐책(같은 화자 명업, 같은 기록)","{TRUE, FALSE}",EC0073 relative_time_text,
REF_EC0103_ARREST__EC0104,REFERENT_IDENTITY,EC0103|EC0104,"EC0103의 '자미덕 체포' = EC0104(같은 화자 자미덕, 같은 기록)","{TRUE, FALSE}",EC0103 relative_time_text,
REF_EC0106_INTERROGATION__EC0105,REFERENT_IDENTITY,EC0106|EC0105,"EC0106의 '신문' = EC0105(같은 화자 자미덕, 같은 기록)","{TRUE, FALSE}",EC0106 relative_time_text,
REF_EC0107_AFTER__EC0106,REFERENT_IDENTITY,EC0107|EC0106,"EC0107의 '그 후' = EC0106의 구류 이후(같은 화자 자미덕, 같은 기록)","{TRUE, FALSE}",EC0107 relative_time_text,
T_EC0004,TIME,EC0004,EC0004가 가리키는 사건·상태의 발생(시작) 시점,lunar time point 1793 (ordinal),explicit date 없음,다른 source의 날짜로 채우지 않음
T_EC0005,TIME,EC0005,EC0005가 가리키는 사건·상태의 발생(시작) 시점,lunar time point 1793 (ordinal),explicit date 없음,다른 source의 날짜로 채우지 않음
T_EC0007,TIME,EC0007,EC0007가 가리키는 사건·상태의 발생(시작) 시점,lunar time point 1793 (ordinal),explicit date 없음,다른 source의 날짜로 채우지 않음
T_EC0036,TIME,EC0036,EC0036가 가리키는 사건·상태의 발생(시작) 시점,lunar time point 1793 (ordinal),explicit date 없음,다른 source의 날짜로 채우지 않음
T_EC0039,TIME,EC0039,EC0039가 가리키는 사건·상태의 발생(시작) 시점,lunar time point 1793 (ordinal),explicit date 없음,다른 source의 날짜로 채우지 않음
T_EC0065,TIME,EC0065,EC0065가 가리키는 사건·상태의 발생(시작) 시점,lunar time point 1793 (ordinal),1793-02-22 밤,다른 source의 날짜로 채우지 않음
T_EC0066,TIME,EC0066,EC0066가 가리키는 사건·상태의 발생(시작) 시점,lunar time point 1793 (ordinal),1793-02-22 밤,다른 source의 날짜로 채우지 않음
T_EC0067,TIME,EC0067,EC0067가 가리키는 사건·상태의 발생(시작) 시점,lunar time point 1793 (ordinal),1793-02-22 밤,다른 source의 날짜로 채우지 않음
T_EC0068,TIME,EC0068,EC0068가 가리키는 사건·상태의 발생(시작) 시점,lunar time point 1793 (ordinal),1793-02-22 밤,다른 source의 날짜로 채우지 않음
T_EC0069,TIME,EC0069,EC0069가 가리키는 사건·상태의 발생(시작) 시점,lunar time point 1793 (ordinal),1793-02-22 밤,다른 source의 날짜로 채우지 않음
T_EC0070,TIME,EC0070,EC0070가 가리키는 사건·상태의 발생(시작) 시점,lunar time point 1793 (ordinal),1793-02-22 밤,다른 source의 날짜로 채우지 않음
T_EC0072,TIME,EC0072,EC0072가 가리키는 사건·상태의 발생(시작) 시점,lunar time point 1793 (ordinal),1793-02 초순,다른 source의 날짜로 채우지 않음
T_EC0073,TIME,EC0073,EC0073가 가리키는 사건·상태의 발생(시작) 시점,lunar time point 1793 (ordinal),1793-02 초순 이후,다른 source의 날짜로 채우지 않음
T_EC0081,TIME,EC0081,EC0081가 가리키는 사건·상태의 발생(시작) 시점,lunar time point 1793 (ordinal),1793-02-28 밤,다른 source의 날짜로 채우지 않음
T_EC0082,TIME,EC0082,EC0082가 가리키는 사건·상태의 발생(시작) 시점,lunar time point 1793 (ordinal),1793-02-28 밤,다른 source의 날짜로 채우지 않음
T_EC0083,TIME,EC0083,EC0083가 가리키는 사건·상태의 발생(시작) 시점,lunar time point 1793 (ordinal),1793-02-28 밤,다른 source의 날짜로 채우지 않음
T_EC0084,TIME,EC0084,EC0084가 가리키는 사건·상태의 발생(시작) 시점,lunar time point 1793 (ordinal),1793-02-28 밤~29 새벽,다른 source의 날짜로 채우지 않음
T_EC0088,TIME,EC0088,EC0088가 가리키는 사건·상태의 발생(시작) 시점,lunar time point 1793 (ordinal),1793-02-29,다른 source의 날짜로 채우지 않음
T_EC0089,TIME,EC0089,EC0089가 가리키는 사건·상태의 발생(시작) 시점,lunar time point 1793 (ordinal),1793-02-29,다른 source의 날짜로 채우지 않음
T_EC0090,TIME,EC0090,EC0090가 가리키는 사건·상태의 발생(시작) 시점,lunar time point 1793 (ordinal),1793-02-29,다른 source의 날짜로 채우지 않음
T_EC0093,TIME,EC0093,EC0093가 가리키는 사건·상태의 발생(시작) 시점,lunar time point 1793 (ordinal),1793-02-29,다른 source의 날짜로 채우지 않음
T_EC0094,TIME,EC0094,EC0094가 가리키는 사건·상태의 발생(시작) 시점,lunar time point 1793 (ordinal),1793-02-29,다른 source의 날짜로 채우지 않음
T_EC0095,TIME,EC0095,EC0095가 가리키는 사건·상태의 발생(시작) 시점,lunar time point 1793 (ordinal),1793-02-29,다른 source의 날짜로 채우지 않음
T_EC0096,TIME,EC0096,EC0096가 가리키는 사건·상태의 발생(시작) 시점,lunar time point 1793 (ordinal),1793-03-04,다른 source의 날짜로 채우지 않음
T_EC0097,TIME,EC0097,EC0097가 가리키는 사건·상태의 발생(시작) 시점,lunar time point 1793 (ordinal),1793-03-04,다른 source의 날짜로 채우지 않음
T_EC0098,TIME,EC0098,EC0098가 가리키는 사건·상태의 발생(시작) 시점,lunar time point 1793 (ordinal),1793-03-04,다른 source의 날짜로 채우지 않음
T_EC0099,TIME,EC0099,EC0099가 가리키는 사건·상태의 발생(시작) 시점,lunar time point 1793 (ordinal),1793-03-04,다른 source의 날짜로 채우지 않음
T_EC0100,TIME,EC0100,EC0100가 가리키는 사건·상태의 발생(시작) 시점,lunar time point 1793 (ordinal),1793-03-04,다른 source의 날짜로 채우지 않음
T_EC0101,TIME,EC0101,EC0101가 가리키는 사건·상태의 발생(시작) 시점,lunar time point 1793 (ordinal),1793-03-04,다른 source의 날짜로 채우지 않음
T_EC0102,TIME,EC0102,EC0102가 가리키는 사건·상태의 발생(시작) 시점,lunar time point 1793 (ordinal),1793-03-04,다른 source의 날짜로 채우지 않음
T_EC0103,TIME,EC0103,EC0103가 가리키는 사건·상태의 발생(시작) 시점,lunar time point 1793 (ordinal),자미덕 체포 전,다른 source의 날짜로 채우지 않음
T_EC0104,TIME,EC0104,EC0104가 가리키는 사건·상태의 발생(시작) 시점,lunar time point 1793 (ordinal),explicit date 없음,다른 source의 날짜로 채우지 않음
T_EC0105,TIME,EC0105,EC0105가 가리키는 사건·상태의 발생(시작) 시점,lunar time point 1793 (ordinal),explicit date 없음,다른 source의 날짜로 채우지 않음
T_EC0106,TIME,EC0106,EC0106가 가리키는 사건·상태의 발생(시작) 시점,lunar time point 1793 (ordinal),explicit date 없음,다른 source의 날짜로 채우지 않음
T_EC0107,TIME,EC0107,EC0107가 가리키는 사건·상태의 발생(시작) 시점,lunar time point 1793 (ordinal),explicit date 없음,다른 source의 날짜로 채우지 않음
