constraint_id,constraint_type,antecedent,consequent_or_formula,hard_or_conditional,source_pair_ids,depends_on_identity,depends_on_same_occurrence,depends_on_causal_level,depends_on_interpretation,reason,manual_review_required
LC0001,ATTESTED_ACT_ANCHOR,,E_EC0020 = True,HARD_LOGICAL,,,,,,DIRECT_ACTION_RECORDED: 기록이 곧 명령/건의 행위(이광섭 파직·나문·엄한 감죄를 청함). 집행(EXECUTION)은 만들지 않음.,NO
LC0002,ATTESTED_ACT_ANCHOR,,E_EC0021 = True,HARD_LOGICAL,,,,,,ORDERED: 기록이 곧 명령/건의 행위(이광섭 처분 요청을 윤허함). 집행(EXECUTION)은 만들지 않음.,NO
LC0003,ATTESTED_ACT_ANCHOR,,E_EC0023 = True,HARD_LOGICAL,,,,,,ORDERED: 기록이 곧 명령/건의 행위(구순을 의금부에 잡아 가두고 엄히 조사하도록 명함). 집행(EXECUTION)은 만들지 않음.,NO
LC0004,ATTESTED_ACT_ANCHOR,,E_EC0044 = True,HARD_LOGICAL,,,,,,ORDERED: 기록이 곧 명령/건의 행위(이조원을 파직하도록 명함). 집행(EXECUTION)은 만들지 않음.,NO
LC0005,ATTESTED_ACT_ANCHOR,,E_EC0045 = True,HARD_LOGICAL,,,,,,ORDERED: 기록이 곧 명령/건의 행위(구순을 의금부에 엄히 가두고 반복 신문하도록 명함). 집행(EXECUTION)은 만들지 않음.,NO
LC0006,ATTESTED_ACT_ANCHOR,,E_EC0048 = True,HARD_LOGICAL,,,,,,ORDERED: 기록이 곧 명령/건의 행위(홍대협에게 내려가 자세히 조사해 오라고 명함). 집행(EXECUTION)은 만들지 않음.,NO
LC0007,ATTESTED_ACT_ANCHOR,,E_EC0049 = True,HARD_LOGICAL,,,,,,ORDERED: 기록이 곧 명령/건의 행위(홍대협을 충청도 공주 안핵어사로 차하함). 집행(EXECUTION)은 만들지 않음.,NO
LC0008,ATTESTED_ACT_ANCHOR,,E_EC0061 = True,HARD_LOGICAL,,,,,,DIRECT_ACTION_RECORDED: 기록이 곧 명령/건의 행위(홍대협의 안핵 복명 전이므로 윤노동 별단의 구순 사건 처리를 보류할 것을 청함). 집행(EXECUTION)은 만들지 않음.,NO
LC0009,ATTESTED_ACT_ANCHOR,,E_EC0062 = True,HARD_LOGICAL,,,,,,ORDERED: 기록이 곧 명령/건의 행위(비변사의 보류 요청을 윤허함). 집행(EXECUTION)은 만들지 않음.,NO
LC0010,ATTESTED_ACT_ANCHOR,,E_EC0150 = True,HARD_LOGICAL,,,,,,ORDERED: 기록이 곧 명령/건의 행위(구순을 사형에서 감해 외딴 섬으로 정배하도록 명함). 집행(EXECUTION)은 만들지 않음.,NO
LC0011,ATTESTED_ACT_ANCHOR,,E_EC0151 = True,HARD_LOGICAL,,,,,,ORDERED: 기록이 곧 명령/건의 행위(구순을 신지도에 정배하는 처분을 내림). 집행(EXECUTION)은 만들지 않음.,NO
LC0012,ATTESTED_ACT_ANCHOR,,E_EC0152 = True,HARD_LOGICAL,,,,,,ORDERED: 기록이 곧 명령/건의 행위(이광섭을 영동현에 유배하는 처분을 내림). 집행(EXECUTION)은 만들지 않음.,NO
LC0013,ATTESTED_ACT_ANCHOR,,E_EC0153 = True,HARD_LOGICAL,,,,,,ORDERED: 기록이 곧 명령/건의 행위(병영 비장 한가를 도백이 엄히 세 차례 형장 친 뒤 먼 섬의 종으로 보내도록 명함). 집행(EXECUTION)은 만들지 않음.,NO
LC0014,ATTESTED_ACT_ANCHOR,,E_EC0154 = True,HARD_LOGICAL,,,,,,ORDERED: 기록이 곧 명령/건의 행위(충청도 관찰사 이형원을 파직하도록 명함). 집행(EXECUTION)은 만들지 않음.,NO
LC0015,ATTESTED_ACT_ANCHOR,,E_EC0155 = True,HARD_LOGICAL,,,,,,ORDERED: 기록이 곧 명령/건의 행위(전 충청도 관찰사 이형원을 유임하는 처분을 내림). 집행(EXECUTION)은 만들지 않음.,NO
LC0016,MUTUAL_EXCLUSION,,¬(E_EC0022 ∧ E_EC0050),HARD_LOGICAL,PR0272,,,,,"같은 구순 사건 도난에 대해 '도난이 없었다'(EC0022, 정조) vs 구순이 '도적을 만났다'고 함(=도둑맞음으로 읽음, 해석 검토 필요).",YES
LC0017,MUTUAL_EXCLUSION,,¬(E_EC0022 ∧ E_EC0070),HARD_LOGICAL,PR0277,,,,,"같은 구순 사건 도난에 대해 '도난이 없었다'(EC0022, 정조) vs 나복: 도적이 돈과 물품을 훔침.",NO
LC0018,MUTUAL_EXCLUSION,,¬(E_EC0022 ∧ E_EC0131),HARD_LOGICAL,PR0280,,,,,"같은 구순 사건 도난에 대해 '도난이 없었다'(EC0022, 정조) vs 홍대협: 약간의 도난이 실제였음.",NO
LC0019,MUTUAL_EXCLUSION,,¬(E_EC0022 ∧ E_EC0132),HARD_LOGICAL,PR0281,,,,,"같은 구순 사건 도난에 대해 '도난이 없었다'(EC0022, 정조) vs 홍대협: 도난이 좀도둑 수준이었음(도난 발생을 전제).",YES
LC0020,MUTUAL_EXCLUSION,,¬(E_EC0022 ∧ E_EC0143),HARD_LOGICAL,PR0282,,,,,"같은 구순 사건 도난에 대해 '도난이 없었다'(EC0022, 정조) vs 정조(6/13): 도난이 실제로 있었음.",NO
LC0021,MUTUAL_EXCLUSION,,,NOT_A_CONSTRAINT,PR0274,,,,,나복: 도적이 들어옴 — 침입은 '도난 없음'과 같은 의미 층위가 아님(침입했으나 훔치지 않은 세계를 논리적으로 배제할 수 없음),NO
LC0022,MUTUAL_EXCLUSION,,,NOT_A_CONSTRAINT,PR0275,,,,,나복: 도적 30여 명 — 인원 서술은 '도난 없음'과 직접 모순되지 않음,NO
LC0023,MUTUAL_EXCLUSION,,,NOT_A_CONSTRAINT,PR0276,,,,,나복: 횃불을 들고 들어옴 — 침입 방식 서술은 '도난 없음'과 직접 모순되지 않음,NO
LC0024,MUTUAL_EXCLUSION,,¬(E_EC0046 ∧ E_EC0050),HARD_LOGICAL,PR0496,,,,,"같은 구순 사건 도난에 대해 '도난이 없었다'(EC0046, 이조원) vs 구순이 '도적을 만났다'고 함(=도둑맞음으로 읽음, 해석 검토 필요).",YES
LC0025,MUTUAL_EXCLUSION,,¬(E_EC0046 ∧ E_EC0070),HARD_LOGICAL,PR0501,,,,,"같은 구순 사건 도난에 대해 '도난이 없었다'(EC0046, 이조원) vs 나복: 도적이 돈과 물품을 훔침.",NO
LC0026,MUTUAL_EXCLUSION,,¬(E_EC0046 ∧ E_EC0131),HARD_LOGICAL,PR0508,,,,,"같은 구순 사건 도난에 대해 '도난이 없었다'(EC0046, 이조원) vs 홍대협: 약간의 도난이 실제였음.",NO
LC0027,MUTUAL_EXCLUSION,,¬(E_EC0046 ∧ E_EC0132),HARD_LOGICAL,PR0509,,,,,"같은 구순 사건 도난에 대해 '도난이 없었다'(EC0046, 이조원) vs 홍대협: 도난이 좀도둑 수준이었음(도난 발생을 전제).",YES
LC0028,MUTUAL_EXCLUSION,,¬(E_EC0046 ∧ E_EC0143),HARD_LOGICAL,PR0510,,,,,"같은 구순 사건 도난에 대해 '도난이 없었다'(EC0046, 이조원) vs 정조(6/13): 도난이 실제로 있었음.",NO
LC0029,MUTUAL_EXCLUSION,,,NOT_A_CONSTRAINT,PR0498,,,,,나복: 도적이 들어옴 — 침입은 '도난 없음'과 같은 의미 층위가 아님(침입했으나 훔치지 않은 세계를 논리적으로 배제할 수 없음),NO
LC0030,MUTUAL_EXCLUSION,,,NOT_A_CONSTRAINT,PR0499,,,,,나복: 도적 30여 명 — 인원 서술은 '도난 없음'과 직접 모순되지 않음,NO
LC0031,MUTUAL_EXCLUSION,,,NOT_A_CONSTRAINT,PR0500,,,,,나복: 횃불을 들고 들어옴 — 침입 방식 서술은 '도난 없음'과 직접 모순되지 않음,NO
LC0032,CONDITIONAL_CONTRADICTION,SENSE_EC0132_EXCLUDES_LARGE_BAND = True,¬(E_EC0067 ∧ E_EC0132),CONDITIONAL,PR0688,,,,SENSE_EC0132_EXCLUDES_LARGE_BAND,'좀도둑 수준'이 무리의 규모까지 배제하는 뜻일 때만 '도적 30여 명'과 모순.,YES
LC0033,CONDITIONAL_CONTRADICTION,SENSE_EC0031 = COINED_TERM,¬(E_EC0031 ∧ E_EC0047),CONDITIONAL,PR0378,,,,SENSE_EC0031,'만들었다'가 호칭을 새로 지어냈다는 뜻이면 예전 도적이 쓰던 말이라는 진술과 모순. 사건 속 사용을 꾸몄다는 뜻이면 양립.,YES
LC0034,CONDITIONAL_CONTRADICTION,SENSE_EC0031 = COINED_TERM,¬(E_EC0031 ∧ E_EC0148),CONDITIONAL,PR0388,,,,SENSE_EC0031,'만들었다'가 호칭을 새로 지어냈다는 뜻이면 예전 도적이 쓰던 말이라는 진술과 모순. 사건 속 사용을 꾸몄다는 뜻이면 양립.,YES
LC0035,CONDITIONAL_CONTRADICTION,(SENSE_EC0149 = FACTUAL_NEGATION ∧ SENSE_EC0031 = COINED_TERM),¬(E_EC0031 ∧ E_EC0149),CONDITIONAL,PR0389,,,,SENSE_EC0149|SENSE_EC0031,'죄를 면함'이 사실 부정이고 '만들었다'가 창작일 때만 모순. 법적 혐의 불인정이면 양립.,YES
LC0036,CONDITIONAL_CONTRADICTION,TERM_EC0005_JOSA_INCLUDES_SINMUN,¬(E_EC0005 ∧ E_EC0147),CONDITIONAL,PR0063,,,,TERM_EC0005_JOSA_INCLUDES_SINMUN,'조사함'이 신문을 포함하는 뜻일 때만 '평범한 신문도 받지 않음'과 모순.,YES
LC0037,CONDITIONAL_CONTRADICTION,MEMBER_KIMMYEONGSIN_IN_OS01,¬(E_EC0009 ∧ E_EC0146),CONDITIONAL,PR0093,,,,MEMBER_KIMMYEONGSIN_IN_OS01,김명신이 형벌 받은 open set의 구성원인 세계에서만 적용. 구성원 여부는 고정하지 않음(비구성원 추론 없음).,YES
LC0038,CONDITIONAL_CONTRADICTION,MEMBER_KIMMYEONGSIN_IN_OS01,¬(E_EC0009 ∧ E_EC0147),CONDITIONAL,PR0094,,,,MEMBER_KIMMYEONGSIN_IN_OS01,김명신이 형벌 받은 open set의 구성원인 세계에서만 적용. 구성원 여부는 고정하지 않음(비구성원 추론 없음).,YES
LC0039,CONDITIONAL_CONTRADICTION,FABSCOPE_EC0012 = FULL_FABRICATION,¬(E_EC0012 ∧ E_EC0050),CONDITIONAL,PR0119,,,,FABSCOPE_EC0012,'꾸밈'이 도난 전체의 조작일 때만 도난·침입 claim과 모순. 과장이면 양립.,YES
LC0040,CONDITIONAL_CONTRADICTION,FABSCOPE_EC0012 = FULL_FABRICATION,¬(E_EC0012 ∧ E_EC0066),CONDITIONAL,PR0123,,,,FABSCOPE_EC0012,'꾸밈'이 도난 전체의 조작일 때만 도난·침입 claim과 모순. 과장이면 양립.,YES
LC0041,CONDITIONAL_CONTRADICTION,FABSCOPE_EC0012 = FULL_FABRICATION,¬(E_EC0012 ∧ E_EC0067),CONDITIONAL,PR0124,,,,FABSCOPE_EC0012,'꾸밈'이 도난 전체의 조작일 때만 도난·침입 claim과 모순. 과장이면 양립.,YES
LC0042,CONDITIONAL_CONTRADICTION,FABSCOPE_EC0012 = FULL_FABRICATION,¬(E_EC0012 ∧ E_EC0068),CONDITIONAL,PR0125,,,,FABSCOPE_EC0012,'꾸밈'이 도난 전체의 조작일 때만 도난·침입 claim과 모순. 과장이면 양립.,YES
LC0043,CONDITIONAL_CONTRADICTION,FABSCOPE_EC0012 = FULL_FABRICATION,¬(E_EC0012 ∧ E_EC0070),CONDITIONAL,PR0126,,,,FABSCOPE_EC0012,'꾸밈'이 도난 전체의 조작일 때만 도난·침입 claim과 모순. 과장이면 양립.,YES
LC0044,CONDITIONAL_CONTRADICTION,FABSCOPE_EC0012 = FULL_FABRICATION,¬(E_EC0012 ∧ E_EC0131),CONDITIONAL,PR0135,,,,FABSCOPE_EC0012,'꾸밈'이 도난 전체의 조작일 때만 도난·침입 claim과 모순. 과장이면 양립.,YES
LC0045,CONDITIONAL_CONTRADICTION,FABSCOPE_EC0012 = FULL_FABRICATION,¬(E_EC0012 ∧ E_EC0143),CONDITIONAL,PR0138,,,,FABSCOPE_EC0012,'꾸밈'이 도난 전체의 조작일 때만 도난·침입 claim과 모순. 과장이면 양립.,YES
LC0046,CONDITIONAL_CONTRADICTION,FABSCOPE_EC0030 = FULL_FABRICATION,¬(E_EC0030 ∧ E_EC0050),CONDITIONAL,PR0354,,,,FABSCOPE_EC0030,'꾸밈'이 도난 전체의 조작일 때만 도난·침입 claim과 모순. 과장이면 양립.,YES
LC0047,CONDITIONAL_CONTRADICTION,FABSCOPE_EC0030 = FULL_FABRICATION,¬(E_EC0030 ∧ E_EC0066),CONDITIONAL,PR0358,,,,FABSCOPE_EC0030,'꾸밈'이 도난 전체의 조작일 때만 도난·침입 claim과 모순. 과장이면 양립.,YES
LC0048,CONDITIONAL_CONTRADICTION,FABSCOPE_EC0030 = FULL_FABRICATION,¬(E_EC0030 ∧ E_EC0067),CONDITIONAL,PR0359,,,,FABSCOPE_EC0030,'꾸밈'이 도난 전체의 조작일 때만 도난·침입 claim과 모순. 과장이면 양립.,YES
LC0049,CONDITIONAL_CONTRADICTION,FABSCOPE_EC0030 = FULL_FABRICATION,¬(E_EC0030 ∧ E_EC0068),CONDITIONAL,PR0360,,,,FABSCOPE_EC0030,'꾸밈'이 도난 전체의 조작일 때만 도난·침입 claim과 모순. 과장이면 양립.,YES
LC0050,CONDITIONAL_CONTRADICTION,FABSCOPE_EC0030 = FULL_FABRICATION,¬(E_EC0030 ∧ E_EC0070),CONDITIONAL,PR0361,,,,FABSCOPE_EC0030,'꾸밈'이 도난 전체의 조작일 때만 도난·침입 claim과 모순. 과장이면 양립.,YES
LC0051,CONDITIONAL_CONTRADICTION,FABSCOPE_EC0030 = FULL_FABRICATION,¬(E_EC0030 ∧ E_EC0131),CONDITIONAL,PR0370,,,,FABSCOPE_EC0030,'꾸밈'이 도난 전체의 조작일 때만 도난·침입 claim과 모순. 과장이면 양립.,YES
LC0052,CONDITIONAL_CONTRADICTION,FABSCOPE_EC0030 = FULL_FABRICATION,¬(E_EC0030 ∧ E_EC0143),CONDITIONAL,PR0373,,,,FABSCOPE_EC0030,'꾸밈'이 도난 전체의 조작일 때만 도난·침입 claim과 모순. 과장이면 양립.,YES
LC0053,CONDITIONAL_CONTRADICTION,CAUSELEVEL_EC0038 = DIRECT_CAUSE,¬(E_EC0038 ∧ E_EC0054),CONDITIONAL,PR0450,,,CAUSELEVEL_EC0038,,'죄안 때문'이 직접 사인 주장일 때만 질병·전염병 직접 사인과 모순. 책임 귀속이면 양립.,YES
LC0054,CONDITIONAL_CONTRADICTION,CAUSELEVEL_EC0038 = DIRECT_CAUSE,¬(E_EC0038 ∧ E_EC0138),CONDITIONAL,PR0452,,,CAUSELEVEL_EC0038,,'죄안 때문'이 직접 사인 주장일 때만 질병·전염병 직접 사인과 모순. 책임 귀속이면 양립.,YES
LC0055,CONDITIONAL_CONTRADICTION,CAUSELEVEL_EC0038 = DIRECT_CAUSE,¬(E_EC0038 ∧ E_EC0144),CONDITIONAL,PR0453,,,CAUSELEVEL_EC0038,,'죄안 때문'이 직접 사인 주장일 때만 질병·전염병 직접 사인과 모순. 책임 귀속이면 양립.,YES
LC0056,CONDITIONAL_CONTRADICTION,ID_HAGEUP_BOJOJA__HANJAEUK,¬(E_EC0043 ∧ E_EC0127),CONDITIONAL,PR0488,ID_HAGEUP_BOJOJA__HANJAEUK,,,,ID_HAGEUP_BOJOJA__HANJAEUK가 참인 세계에서만 두 claim 내용이 함께 참일 수 없음. 거짓인 세계에서는 적용하지 않음.,YES
LC0057,CONDITIONAL_CONTRADICTION,SAMELIST_EC0052_EC0118,¬(E_EC0052 ∧ E_EC0118),CONDITIONAL,PR0559,,,,SAMELIST_EC0052_EC0118,두 명단이 같은 명단일 때만 '구순이 써 줌'과 '직접 염탐'이 충돌.,YES
LC0058,CONDITIONAL_CONTRADICTION,MEMBER_KIMMYEONGSIN_IN_OS07,¬(E_EC0056 ∧ E_EC0146),CONDITIONAL,PR0581,,,,MEMBER_KIMMYEONGSIN_IN_OS07,김명신이 형벌 받은 open set의 구성원인 세계에서만 적용. 구성원 여부는 고정하지 않음(비구성원 추론 없음).,YES
LC0059,CONDITIONAL_CONTRADICTION,MEMBER_KIMMYEONGSIN_IN_OS07,¬(E_EC0056 ∧ E_EC0147),CONDITIONAL,PR0582,,,,MEMBER_KIMMYEONGSIN_IN_OS07,김명신이 형벌 받은 open set의 구성원인 세계에서만 적용. 구성원 여부는 고정하지 않음(비구성원 추론 없음).,YES
LC0060,CONDITIONAL_CONTRADICTION,ID_BYEONGA_CHEO__JAMIDEOK,¬(E_EC0058 ∧ E_EC0126),CONDITIONAL,PR0599,ID_BYEONGA_CHEO__JAMIDEOK,,,,ID_BYEONGA_CHEO__JAMIDEOK가 참인 세계에서만 두 claim 내용이 함께 참일 수 없음. 거짓인 세계에서는 적용하지 않음.,YES
LC0061,CONDITIONAL_CONTRADICTION,ID_BYEONGA_CHEO__JAMIDEOK,¬(E_EC0060 ∧ E_EC0126),CONDITIONAL,PR0637,ID_BYEONGA_CHEO__JAMIDEOK,,,,ID_BYEONGA_CHEO__JAMIDEOK가 참인 세계에서만 두 claim 내용이 함께 참일 수 없음. 거짓인 세계에서는 적용하지 않음.,YES
LC0062,IMPLICATION,SAME_EC0076_EC0098,ID_JANGGYO_1MYEONG__JOGYEWAN,CONDITIONAL,PR0741,ID_JANGGYO_1MYEONG__JOGYEWAN,SAME_EC0076_EC0098,,,같은 occurrence라면 행위자가 같은 인물이어야 함.,YES
LC0063,IMPLICATION,SAME_EC0107_EC0119,ID_HANBIJANG__HANJAEUK,CONDITIONAL,PR0887,ID_HANBIJANG__HANJAEUK,SAME_EC0107_EC0119,,,같은 occurrence라면 행위자가 같은 인물이어야 함.,YES
LC0064,IMPLICATION,SAME_EC0107_EC0120,ID_HANBIJANG__HANJAEUK,CONDITIONAL,PR0888,ID_HANBIJANG__HANJAEUK,SAME_EC0107_EC0120,,,같은 occurrence라면 행위자가 같은 인물이어야 함.,YES
LC0065,CONDITIONAL_CONTRADICTION,ID_HANBIJANG__HANJAEUK,¬(E_EC0108 ∧ E_EC0126),CONDITIONAL,PR0897,ID_HANBIJANG__HANJAEUK,,,,ID_HANBIJANG__HANJAEUK가 참인 세계에서만 두 claim 내용이 함께 참일 수 없음. 거짓인 세계에서는 적용하지 않음.,YES
LC0066,CONDITIONAL_CONTRADICTION,ID_HANBIJANG__HANJAEUK,¬(E_EC0109 ∧ E_EC0126),CONDITIONAL,PR0906,ID_HANBIJANG__HANJAEUK,,,,ID_HANBIJANG__HANJAEUK가 참인 세계에서만 두 claim 내용이 함께 참일 수 없음. 거짓인 세계에서는 적용하지 않음.,YES
LC0067,CONDITIONAL_CONTRADICTION,ID_HANBIJANG__HANJAEUK,¬(E_EC0110 ∧ E_EC0126),CONDITIONAL,PR0913,ID_HANBIJANG__HANJAEUK,,,,ID_HANBIJANG__HANJAEUK가 참인 세계에서만 두 claim 내용이 함께 참일 수 없음. 거짓인 세계에서는 적용하지 않음.,YES
LC0068,IMPLICATION,SAME_EC0111_EC0119,ID_HANBIJANG__HANJAEUK,CONDITIONAL,PR0916,ID_HANBIJANG__HANJAEUK,SAME_EC0111_EC0119,,,같은 occurrence라면 행위자가 같은 인물이어야 함.,YES
LC0069,IMPLICATION,SAME_EC0111_EC0120,ID_HANBIJANG__HANJAEUK,CONDITIONAL,PR0917,ID_HANBIJANG__HANJAEUK,SAME_EC0111_EC0120,,,같은 occurrence라면 행위자가 같은 인물이어야 함.,YES
LC0070,CONDITIONAL_CONTRADICTION,ID_HANBIJANG__HANJAEUK,¬(E_EC0114 ∧ E_EC0126),CONDITIONAL,PR0927,ID_HANBIJANG__HANJAEUK,,,,ID_HANBIJANG__HANJAEUK가 참인 세계에서만 두 claim 내용이 함께 참일 수 없음. 거짓인 세계에서는 적용하지 않음.,YES
LC0071,CONDITIONAL_CONTRADICTION,ID_PUNGGAK_KIMSANGJE__KIMMYEONGSIN,¬(E_EC0118 ∧ E_EC0129),CONDITIONAL,PR0942,ID_PUNGGAK_KIMSANGJE__KIMMYEONGSIN,,,,ID_PUNGGAK_KIMSANGJE__KIMMYEONGSIN가 참인 세계에서만 두 claim 내용이 함께 참일 수 없음. 거짓인 세계에서는 적용하지 않음.,YES
LC0072,CONDITIONAL_CONTRADICTION,SENSE_EC0040 = CAUSAL_FOLLOWING_EXCLUDING_EPIDEMIC,¬(E_EC0040 ∧ E_EC0145),CONDITIONAL,PR0467,,,,SENSE_EC0040,'따라 죽음'이 전염병이 아닌 원인으로 뒤따라 죽었다는 뜻일 때만 정조의 '처가 전염병으로 죽음'과 모순.,YES
LC0073,TRANSITIVITY,(SAME_EC0007_EC0036 ∧ SAME_EC0036_EC0053),SAME_EC0007_EC0053,HARD_LOGICAL,,,SAME_EC0007_EC0036|SAME_EC0036_EC0053,,,world 안에서 채택된 same-occurrence는 동치관계여야 함.,NO
LC0074,TRANSITIVITY,(SAME_EC0007_EC0053 ∧ SAME_EC0036_EC0053),SAME_EC0007_EC0036,HARD_LOGICAL,,,SAME_EC0007_EC0053|SAME_EC0036_EC0053,,,world 안에서 채택된 same-occurrence는 동치관계여야 함.,NO
LC0075,TRANSITIVITY,(SAME_EC0007_EC0036 ∧ SAME_EC0007_EC0053),SAME_EC0036_EC0053,HARD_LOGICAL,,,SAME_EC0007_EC0036|SAME_EC0007_EC0053,,,world 안에서 채택된 same-occurrence는 동치관계여야 함.,NO
LC0076,TRANSITIVITY,(SAME_EC0107_EC0111 ∧ SAME_EC0111_EC0119),SAME_EC0107_EC0119,HARD_LOGICAL,,,SAME_EC0107_EC0111|SAME_EC0111_EC0119,,,world 안에서 채택된 same-occurrence는 동치관계여야 함.,NO
LC0077,TRANSITIVITY,(SAME_EC0107_EC0111 ∧ SAME_EC0111_EC0120),SAME_EC0107_EC0120,HARD_LOGICAL,,,SAME_EC0107_EC0111|SAME_EC0111_EC0120,,,world 안에서 채택된 same-occurrence는 동치관계여야 함.,NO
LC0078,TRANSITIVITY,(SAME_EC0107_EC0119 ∧ SAME_EC0111_EC0119),SAME_EC0107_EC0111,HARD_LOGICAL,,,SAME_EC0107_EC0119|SAME_EC0111_EC0119,,,world 안에서 채택된 same-occurrence는 동치관계여야 함.,NO
LC0079,TRANSITIVITY,(SAME_EC0107_EC0119 ∧ SAME_EC0119_EC0120),SAME_EC0107_EC0120,HARD_LOGICAL,,,SAME_EC0107_EC0119|SAME_EC0119_EC0120,,,world 안에서 채택된 same-occurrence는 동치관계여야 함.,NO
LC0080,TRANSITIVITY,(SAME_EC0107_EC0120 ∧ SAME_EC0111_EC0120),SAME_EC0107_EC0111,HARD_LOGICAL,,,SAME_EC0107_EC0120|SAME_EC0111_EC0120,,,world 안에서 채택된 same-occurrence는 동치관계여야 함.,NO
LC0081,TRANSITIVITY,(SAME_EC0107_EC0120 ∧ SAME_EC0119_EC0120),SAME_EC0107_EC0119,HARD_LOGICAL,,,SAME_EC0107_EC0120|SAME_EC0119_EC0120,,,world 안에서 채택된 same-occurrence는 동치관계여야 함.,NO
LC0082,TRANSITIVITY,(SAME_EC0107_EC0111 ∧ SAME_EC0107_EC0119),SAME_EC0111_EC0119,HARD_LOGICAL,,,SAME_EC0107_EC0111|SAME_EC0107_EC0119,,,world 안에서 채택된 same-occurrence는 동치관계여야 함.,NO
LC0083,TRANSITIVITY,(SAME_EC0107_EC0111 ∧ SAME_EC0107_EC0120),SAME_EC0111_EC0120,HARD_LOGICAL,,,SAME_EC0107_EC0111|SAME_EC0107_EC0120,,,world 안에서 채택된 same-occurrence는 동치관계여야 함.,NO
LC0084,TRANSITIVITY,(SAME_EC0111_EC0119 ∧ SAME_EC0119_EC0120),SAME_EC0111_EC0120,HARD_LOGICAL,,,SAME_EC0111_EC0119|SAME_EC0119_EC0120,,,world 안에서 채택된 same-occurrence는 동치관계여야 함.,NO
LC0085,TRANSITIVITY,(SAME_EC0111_EC0120 ∧ SAME_EC0119_EC0120),SAME_EC0111_EC0119,HARD_LOGICAL,,,SAME_EC0111_EC0120|SAME_EC0119_EC0120,,,world 안에서 채택된 same-occurrence는 동치관계여야 함.,NO
LC0086,TRANSITIVITY,(SAME_EC0107_EC0119 ∧ SAME_EC0107_EC0120),SAME_EC0119_EC0120,HARD_LOGICAL,,,SAME_EC0107_EC0119|SAME_EC0107_EC0120,,,world 안에서 채택된 same-occurrence는 동치관계여야 함.,NO
LC0087,TRANSITIVITY,(SAME_EC0111_EC0119 ∧ SAME_EC0111_EC0120),SAME_EC0119_EC0120,HARD_LOGICAL,,,SAME_EC0111_EC0119|SAME_EC0111_EC0120,,,world 안에서 채택된 same-occurrence는 동치관계여야 함.,NO
LC0088,SAME_CONSISTENCY,,¬SAME_EC0107_EC0111,HARD_LOGICAL,PR0884,,SAME_EC0107_EC0111,,,양립 불가능한 속성: 방으로 불러들임 vs 떡과 밥을 줌 — 다른 행위. 같은 occurrence일 수 없음.,YES
LC0089,SAME_CONSISTENCY,,¬SAME_EC0119_EC0120,HARD_LOGICAL,PR0944,,SAME_EC0119_EC0120,,,양립 불가능한 속성: 방안으로 부름 vs 남은 밥을 줌 — 다른 행위(같은 발화의 구성요소). 같은 occurrence일 수 없음.,YES
LC0090,SAME_CONSISTENCY,,¬SAME_EC0107_EC0120,HARD_LOGICAL,PR0888,,SAME_EC0107_EC0120,,,양립 불가능한 속성: 방으로 불러들임 vs 남은 밥을 줌 — 다른 행위. 같은 occurrence일 수 없음.,YES
LC0091,SAME_CONSISTENCY,,¬SAME_EC0111_EC0119,HARD_LOGICAL,PR0916,,SAME_EC0111_EC0119,,,양립 불가능한 속성: 떡과 밥을 줌 vs 방안으로 부름 — 다른 행위. 같은 occurrence일 수 없음.,YES
LC0092,IMPLICATION,SAME_EC0007_EC0036,(E_EC0007 ↔ E_EC0036),CONDITIONAL,PR0068,,SAME_EC0007_EC0036,,,같은 occurrence이고 서술 내용이 같으면 두 claim의 참거짓이 같아야 함.,NO
LC0093,IMPLICATION,SAME_EC0007_EC0053,(E_EC0007 ↔ E_EC0053),CONDITIONAL,PR0073,,SAME_EC0007_EC0053,,,같은 occurrence이고 서술 내용이 같으면 두 claim의 참거짓이 같아야 함.,NO
LC0094,IMPLICATION,SAME_EC0036_EC0053,(E_EC0036 ↔ E_EC0053),CONDITIONAL,PR0432,,SAME_EC0036_EC0053,,,같은 occurrence이고 서술 내용이 같으면 두 claim의 참거짓이 같아야 함.,NO
LC0095,IMPLICATION,SAME_EC0012_EC0030,(E_EC0012 ↔ E_EC0030),CONDITIONAL,PR0113,,SAME_EC0012_EC0030,,,같은 occurrence이고 서술 내용이 같으면 두 claim의 참거짓이 같아야 함.,NO
LC0096,SAME_CONSISTENCY,,,ANNOTATION,,,all SAME_* without exclusion,,,나머지 SAME 가설은 날짜·장소·주체·유형 충돌이 없어 열어 둠. 세부 서술이 다르면 참거짓 동치는 강제하지 않음.,NO
LC0097,TRANSITIVITY,(ID_HANBIJANG__HANGA ∧ ID_HANGA__HANJAEUK),ID_HANBIJANG__HANJAEUK,HARD_LOGICAL,,ID_HANBIJANG__HANGA|ID_HANGA__HANJAEUK|ID_HANBIJANG__HANJAEUK,,,,인물 동일성은 동치관계: 한 비장·한가·한재욱 중 두 동일성이 참이면 세 번째도 참.,NO
LC0098,TRANSITIVITY,(ID_HANBIJANG__HANJAEUK ∧ ID_HANGA__HANJAEUK),ID_HANBIJANG__HANGA,HARD_LOGICAL,,ID_HANBIJANG__HANJAEUK|ID_HANGA__HANJAEUK|ID_HANBIJANG__HANGA,,,,인물 동일성은 동치관계: 한 비장·한가·한재욱 중 두 동일성이 참이면 세 번째도 참.,NO
LC0099,TRANSITIVITY,(ID_HANBIJANG__HANJAEUK ∧ ID_HANBIJANG__HANGA),ID_HANGA__HANJAEUK,HARD_LOGICAL,,ID_HANBIJANG__HANJAEUK|ID_HANBIJANG__HANGA|ID_HANGA__HANJAEUK,,,,인물 동일성은 동치관계: 한 비장·한가·한재욱 중 두 동일성이 참이면 세 번째도 참.,NO
LC0100,MUTUAL_EXCLUSION,,¬(ID_HAGEUP_BOJOJA__HANJAEUK ∧ ID_HAGEUP_BOJOJA__YUJEHUI),HARD_LOGICAL,,ID_HAGEUP_BOJOJA__HANJAEUK|ID_HAGEUP_BOJOJA__YUJEHUI,,,,한재욱과 유제희는 같은 진술(P0086)에 서로 다른 인물로 나오므로 하급 보조자가 둘 다일 수 없음.,NO
LC0101,TEMPORAL_ANCHOR,E_EC0065,T_EC0065 ∈ [1793-02-22 밤],HARD_LOGICAL,,,,,,candidate 자신의 명시 시간(DAY_NIGHT). 다른 source 날짜를 쓰지 않음.,YES
LC0102,TEMPORAL_ANCHOR,E_EC0066,T_EC0066 ∈ [1793-02-22 밤],HARD_LOGICAL,,,,,,candidate 자신의 명시 시간(DAY_NIGHT). 다른 source 날짜를 쓰지 않음.,NO
LC0103,TEMPORAL_ANCHOR,E_EC0067,T_EC0067 ∈ [1793-02-22 밤],HARD_LOGICAL,,,,,,candidate 자신의 명시 시간(DAY_NIGHT). 다른 source 날짜를 쓰지 않음.,NO
LC0104,TEMPORAL_ANCHOR,E_EC0068,T_EC0068 ∈ [1793-02-22 밤],HARD_LOGICAL,,,,,,candidate 자신의 명시 시간(DAY_NIGHT). 다른 source 날짜를 쓰지 않음.,NO
LC0105,TEMPORAL_ANCHOR,E_EC0069,T_EC0069 ∈ [1793-02-22 밤],HARD_LOGICAL,,,,,,candidate 자신의 명시 시간(DAY_NIGHT). 다른 source 날짜를 쓰지 않음.,NO
LC0106,TEMPORAL_ANCHOR,E_EC0070,T_EC0070 ∈ [1793-02-22 밤],HARD_LOGICAL,,,,,,candidate 자신의 명시 시간(DAY_NIGHT). 다른 source 날짜를 쓰지 않음.,NO
LC0107,TEMPORAL_ANCHOR,E_EC0072,T_EC0072 ∈ [1793-02 초순],HARD_LOGICAL,,,,,,candidate 자신의 명시 시간(EARLY_MONTH). 다른 source 날짜를 쓰지 않음.,NO
LC0108,TEMPORAL_ANCHOR,E_EC0073,T_EC0073 ∈ [1793-02 초순 이후],HARD_LOGICAL,,,,,,candidate 자신의 명시 시간(AFTER_EARLY_MONTH). 다른 source 날짜를 쓰지 않음.,NO
LC0109,TEMPORAL_ANCHOR,E_EC0081,T_EC0081 ∈ [1793-02-28 밤],HARD_LOGICAL,,,,,,candidate 자신의 명시 시간(DAY_NIGHT). 다른 source 날짜를 쓰지 않음.,NO
LC0110,TEMPORAL_ANCHOR,E_EC0082,T_EC0082 ∈ [1793-02-28 밤],HARD_LOGICAL,,,,,,candidate 자신의 명시 시간(DAY_NIGHT). 다른 source 날짜를 쓰지 않음.,NO
LC0111,TEMPORAL_ANCHOR,E_EC0083,T_EC0083 ∈ [1793-02-28 밤],HARD_LOGICAL,,,,,,candidate 자신의 명시 시간(DAY_NIGHT). 다른 source 날짜를 쓰지 않음.,NO
LC0112,TEMPORAL_ANCHOR,E_EC0084,T_EC0084 ∈ [1793-02-28 밤~29 새벽],HARD_LOGICAL,,,,,,candidate 자신의 명시 시간(OVERNIGHT). 다른 source 날짜를 쓰지 않음.,NO
LC0113,TEMPORAL_ANCHOR,E_EC0088,T_EC0088 ∈ [1793-02-29],HARD_LOGICAL,,,,,,candidate 자신의 명시 시간(DAY). 다른 source 날짜를 쓰지 않음.,NO
LC0114,TEMPORAL_ANCHOR,E_EC0089,T_EC0089 ∈ [1793-02-29],HARD_LOGICAL,,,,,,candidate 자신의 명시 시간(DAY). 다른 source 날짜를 쓰지 않음.,NO
LC0115,TEMPORAL_ANCHOR,E_EC0090,T_EC0090 ∈ [1793-02-29],HARD_LOGICAL,,,,,,candidate 자신의 명시 시간(DAY). 다른 source 날짜를 쓰지 않음.,NO
LC0116,TEMPORAL_ANCHOR,E_EC0093,T_EC0093 ∈ [1793-02-29],HARD_LOGICAL,,,,,,candidate 자신의 명시 시간(DAY). 다른 source 날짜를 쓰지 않음.,NO
LC0117,TEMPORAL_ANCHOR,E_EC0094,T_EC0094 ∈ [1793-02-29],HARD_LOGICAL,,,,,,candidate 자신의 명시 시간(DAY). 다른 source 날짜를 쓰지 않음.,NO
LC0118,TEMPORAL_ANCHOR,E_EC0095,T_EC0095 ∈ [1793-02-29],HARD_LOGICAL,,,,,,candidate 자신의 명시 시간(DAY). 다른 source 날짜를 쓰지 않음.,NO
LC0119,TEMPORAL_ANCHOR,E_EC0096,T_EC0096 ∈ [1793-03-04],HARD_LOGICAL,,,,,,candidate 자신의 명시 시간(DAY). 다른 source 날짜를 쓰지 않음.,NO
LC0120,TEMPORAL_ANCHOR,E_EC0097,T_EC0097 ∈ [1793-03-04],HARD_LOGICAL,,,,,,candidate 자신의 명시 시간(DAY). 다른 source 날짜를 쓰지 않음.,NO
LC0121,TEMPORAL_ANCHOR,E_EC0098,T_EC0098 ∈ [1793-03-04],HARD_LOGICAL,,,,,,candidate 자신의 명시 시간(DAY). 다른 source 날짜를 쓰지 않음.,NO
LC0122,TEMPORAL_ANCHOR,E_EC0099,T_EC0099 ∈ [1793-03-04],HARD_LOGICAL,,,,,,candidate 자신의 명시 시간(DAY). 다른 source 날짜를 쓰지 않음.,NO
LC0123,TEMPORAL_ANCHOR,E_EC0100,T_EC0100 ∈ [1793-03-04],HARD_LOGICAL,,,,,,candidate 자신의 명시 시간(DAY). 다른 source 날짜를 쓰지 않음.,NO
LC0124,TEMPORAL_ANCHOR,E_EC0101,T_EC0101 ∈ [1793-03-04],HARD_LOGICAL,,,,,,candidate 자신의 명시 시간(DAY). 다른 source 날짜를 쓰지 않음.,NO
LC0125,TEMPORAL_ANCHOR,E_EC0102,T_EC0102 ∈ [1793-03-04],HARD_LOGICAL,,,,,,candidate 자신의 명시 시간(DAY). 다른 source 날짜를 쓰지 않음.,NO
LC0126,TEMPORAL_ORDER,(E_EC0008 ∧ REF_EC0008_DETENTION__EC0004),T_EC0004 < T_EC0007,CONDITIONAL,,,REF_EC0008_DETENTION__EC0004,,,"EC0008의 상대 시간 표현. EC0008의 '구금' = EC0004(같은 기록 SRC2_001, 다른 proposition). 사망(EC0007)은 같은 부모 P0006",YES
LC0127,TEMPORAL_ORDER,(E_EC0008 ∧ REF_EC0008_INVESTIGATION__EC0005),T_EC0005 < T_EC0007,CONDITIONAL,,,REF_EC0008_INVESTIGATION__EC0005,,,"EC0008의 상대 시간 표현. EC0008의 '조사' = EC0005(같은 기록 SRC2_001, 다른 proposition). 사망(EC0007)은 같은 부모 P0006",YES
LC0128,TEMPORAL_ORDER,(E_EC0040 ∧ REF_EC0040_KIMDEATH__EC0036),T_EC0036 < T_EC0039,CONDITIONAL,,,REF_EC0040_KIMDEATH__EC0036,,,EC0040의 상대 시간 표현. EC0040의 '김명신이 죽은 뒤'의 사망 = EC0036(같은 기록 SRC2_002). 아내 사망(EC0039)은 같은 부모 P0026,YES
LC0129,TEMPORAL_ORDER,(E_EC0073 ∧ REF_EC0073_THEN__EC0072),T_EC0072 < T_EC0073,CONDITIONAL,,,REF_EC0073_THEN__EC0072,,,"EC0073의 상대 시간 표현. EC0073의 '그 뒤' = EC0072의 편지 힐책(같은 화자 명업, 같은 기록).",YES
LC0130,TEMPORAL_ORDER,(E_EC0103 ∧ REF_EC0103_ARREST__EC0104),T_EC0103 < T_EC0104,CONDITIONAL,,,REF_EC0103_ARREST__EC0104,,,"EC0103의 상대 시간 표현. EC0103의 '자미덕 체포' = EC0104(같은 화자 자미덕, 같은 기록). 재돌이 아산에 있던 상태가 체포 전",YES
LC0131,TEMPORAL_ORDER,(E_EC0106 ∧ REF_EC0106_INTERROGATION__EC0105),T_EC0105 < T_EC0106,CONDITIONAL,,,REF_EC0106_INTERROGATION__EC0105,,,"EC0106의 상대 시간 표현. EC0106의 '신문' = EC0105(같은 화자 자미덕, 같은 기록).",YES
LC0132,TEMPORAL_ORDER,(E_EC0107 ∧ REF_EC0107_AFTER__EC0106),T_EC0106 < T_EC0107,CONDITIONAL,,,REF_EC0107_AFTER__EC0106,,,"EC0107의 상대 시간 표현. EC0107의 '그 후' = EC0106의 구류 이후(같은 화자 자미덕, 같은 기록).",YES
LC0133,TEMPORAL_ORDER,,,NOT_A_CONSTRAINT,,,,,,EC0055 '체포·구금 뒤': 같은 기록(SRC2_005)에 체포·구금 candidate가 없어 referent를 다른 source에서 가져오지 않음(문자열로만 보존).,NO
LC0134,TEMPORAL_ORDER,,,NOT_A_CONSTRAINT,,,,,,EC0153 '형장 친 뒤': 명령 내용 안의 순서이며 집행 기록이 아니므로 world 시간 제약이 아님.,NO
LC0135,MUTUAL_EXCLUSION,,,NOT_A_CONSTRAINT,PR0012,,,,,DOUBTED(설명의 신빙성 부정)는 FALSE가 아니므로 세계를 제거하지 않음.,NO
LC0136,MUTUAL_EXCLUSION,,,NOT_A_CONSTRAINT,PR0112,,,,,DOUBTED(설명의 신빙성 부정)는 FALSE가 아니므로 세계를 제거하지 않음.,NO
LC0137,MUTUAL_EXCLUSION,,,NOT_A_CONSTRAINT,PR0143,,,,,DOUBTED(설명의 신빙성 부정)는 FALSE가 아니므로 세계를 제거하지 않음.,NO
LC0138,MUTUAL_EXCLUSION,,,NOT_A_CONSTRAINT,PR0181,,,,,DOUBTED(설명의 신빙성 부정)는 FALSE가 아니므로 세계를 제거하지 않음.,NO
LC0139,MUTUAL_EXCLUSION,,,NOT_A_CONSTRAINT,PR0201,,,,,DOUBTED(설명의 신빙성 부정)는 FALSE가 아니므로 세계를 제거하지 않음.,NO
LC0140,MUTUAL_EXCLUSION,,,NOT_A_CONSTRAINT,PR0269,,,,,DOUBTED(설명의 신빙성 부정)는 FALSE가 아니므로 세계를 제거하지 않음.,NO
LC0141,MUTUAL_EXCLUSION,,,NOT_A_CONSTRAINT,PR0287,,,,,DOUBTED(설명의 신빙성 부정)는 FALSE가 아니므로 세계를 제거하지 않음.,NO
LC0142,MUTUAL_EXCLUSION,,,NOT_A_CONSTRAINT,PR0288,,,,,DOUBTED(설명의 신빙성 부정)는 FALSE가 아니므로 세계를 제거하지 않음.,NO
LC0143,MUTUAL_EXCLUSION,,,NOT_A_CONSTRAINT,PR0289,,,,,DOUBTED(설명의 신빙성 부정)는 FALSE가 아니므로 세계를 제거하지 않음.,NO
LC0144,MUTUAL_EXCLUSION,,,NOT_A_CONSTRAINT,PR0290,,,,,DOUBTED(설명의 신빙성 부정)는 FALSE가 아니므로 세계를 제거하지 않음.,NO
LC0145,MUTUAL_EXCLUSION,,,NOT_A_CONSTRAINT,PR0291,,,,,DOUBTED(설명의 신빙성 부정)는 FALSE가 아니므로 세계를 제거하지 않음.,NO
LC0146,MUTUAL_EXCLUSION,,,NOT_A_CONSTRAINT,PR0292,,,,,DOUBTED(설명의 신빙성 부정)는 FALSE가 아니므로 세계를 제거하지 않음.,NO
LC0147,MUTUAL_EXCLUSION,,,NOT_A_CONSTRAINT,PR0293,,,,,DOUBTED(설명의 신빙성 부정)는 FALSE가 아니므로 세계를 제거하지 않음.,NO
LC0148,MUTUAL_EXCLUSION,,,NOT_A_CONSTRAINT,PR0294,,,,,DOUBTED(설명의 신빙성 부정)는 FALSE가 아니므로 세계를 제거하지 않음.,NO
LC0149,MUTUAL_EXCLUSION,,,NOT_A_CONSTRAINT,PR0295,,,,,DOUBTED(설명의 신빙성 부정)는 FALSE가 아니므로 세계를 제거하지 않음.,NO
LC0150,MUTUAL_EXCLUSION,,,NOT_A_CONSTRAINT,PR0296,,,,,DOUBTED(설명의 신빙성 부정)는 FALSE가 아니므로 세계를 제거하지 않음.,NO
LC0151,MUTUAL_EXCLUSION,,,NOT_A_CONSTRAINT,PR0297,,,,,DOUBTED(설명의 신빙성 부정)는 FALSE가 아니므로 세계를 제거하지 않음.,NO
LC0152,MUTUAL_EXCLUSION,,,NOT_A_CONSTRAINT,PR0298,,,,,DOUBTED(설명의 신빙성 부정)는 FALSE가 아니므로 세계를 제거하지 않음.,NO
LC0153,MUTUAL_EXCLUSION,,,NOT_A_CONSTRAINT,PR0299,,,,,DOUBTED(설명의 신빙성 부정)는 FALSE가 아니므로 세계를 제거하지 않음.,NO
LC0154,MUTUAL_EXCLUSION,,,NOT_A_CONSTRAINT,PR0300,,,,,DOUBTED(설명의 신빙성 부정)는 FALSE가 아니므로 세계를 제거하지 않음.,NO
LC0155,MUTUAL_EXCLUSION,,,NOT_A_CONSTRAINT,PR0301,,,,,DOUBTED(설명의 신빙성 부정)는 FALSE가 아니므로 세계를 제거하지 않음.,NO
LC0156,MUTUAL_EXCLUSION,,,NOT_A_CONSTRAINT,PR0302,,,,,DOUBTED(설명의 신빙성 부정)는 FALSE가 아니므로 세계를 제거하지 않음.,NO
LC0157,MUTUAL_EXCLUSION,,,NOT_A_CONSTRAINT,PR0303,,,,,DOUBTED(설명의 신빙성 부정)는 FALSE가 아니므로 세계를 제거하지 않음.,NO
LC0158,MUTUAL_EXCLUSION,,,NOT_A_CONSTRAINT,PR0304,,,,,DOUBTED(설명의 신빙성 부정)는 FALSE가 아니므로 세계를 제거하지 않음.,NO
LC0159,MUTUAL_EXCLUSION,,,NOT_A_CONSTRAINT,PR0305,,,,,DOUBTED(설명의 신빙성 부정)는 FALSE가 아니므로 세계를 제거하지 않음.,NO
LC0160,MUTUAL_EXCLUSION,,,NOT_A_CONSTRAINT,PR0306,,,,,DOUBTED(설명의 신빙성 부정)는 FALSE가 아니므로 세계를 제거하지 않음.,NO
LC0161,MUTUAL_EXCLUSION,,,NOT_A_CONSTRAINT,PR0307,,,,,DOUBTED(설명의 신빙성 부정)는 FALSE가 아니므로 세계를 제거하지 않음.,NO
LC0162,MUTUAL_EXCLUSION,,,NOT_A_CONSTRAINT,PR0308,,,,,DOUBTED(설명의 신빙성 부정)는 FALSE가 아니므로 세계를 제거하지 않음.,NO
LC0163,MUTUAL_EXCLUSION,,,NOT_A_CONSTRAINT,PR0309,,,,,DOUBTED(설명의 신빙성 부정)는 FALSE가 아니므로 세계를 제거하지 않음.,NO
LC0164,MUTUAL_EXCLUSION,,,NOT_A_CONSTRAINT,PR0310,,,,,DOUBTED(설명의 신빙성 부정)는 FALSE가 아니므로 세계를 제거하지 않음.,NO
LC0165,MUTUAL_EXCLUSION,,,NOT_A_CONSTRAINT,PR0311,,,,,DOUBTED(설명의 신빙성 부정)는 FALSE가 아니므로 세계를 제거하지 않음.,NO
LC0166,MUTUAL_EXCLUSION,,,NOT_A_CONSTRAINT,PR0312,,,,,DOUBTED(설명의 신빙성 부정)는 FALSE가 아니므로 세계를 제거하지 않음.,NO
LC0167,MUTUAL_EXCLUSION,,,NOT_A_CONSTRAINT,PR0313,,,,,DOUBTED(설명의 신빙성 부정)는 FALSE가 아니므로 세계를 제거하지 않음.,NO
LC0168,MUTUAL_EXCLUSION,,,NOT_A_CONSTRAINT,PR0515,,,,,같은 날 조사 명령과 안핵어사 차하: 같은 임명 행위인지 미정(REVIEW). 둘 다 ORDERED로 고정될 뿐 서로 배제하지 않음.,NO
LC0169,MUTUAL_EXCLUSION,,,NOT_A_CONSTRAINT,,,,,,OS13(P0081) open set: 명시 구성원(정원돌|이집거|김갑득|김성손|김흥득)만 구성원으로 사용. 명시되지 않은 인물을 비구성원으로 만드는 제약은 만들지 않음(예: 이집거가 유제희 명단에 명시되지 않음).,NO
LC0170,MUTUAL_EXCLUSION,,,NOT_A_CONSTRAINT,,,,,,OS14(P0087) open set: 명시 구성원(변지돌|변재돌|정원돌|김명신|김성손|김흥득|김흥길)만 구성원으로 사용. 명시되지 않은 인물을 비구성원으로 만드는 제약은 만들지 않음(예: 이집거가 유제희 명단에 명시되지 않음).,NO
LC0171,COMPATIBILITY,,,ANNOTATION,PR0008,,,,,EC0002와 EC0013는 동시에 참이어도 모순 없음(제거 제약 아님).,NO
LC0172,COMPATIBILITY,,,ANNOTATION,PR0009,,,,,EC0002와 EC0014는 동시에 참이어도 모순 없음(제거 제약 아님).,NO
LC0173,COMPATIBILITY,,,ANNOTATION,PR0010,,,,,EC0002와 EC0015는 동시에 참이어도 모순 없음(제거 제약 아님).,NO
LC0174,COMPATIBILITY,,,ANNOTATION,PR0011,,,,,EC0002와 EC0016는 동시에 참이어도 모순 없음(제거 제약 아님).,NO
LC0175,COMPATIBILITY,,,ANNOTATION,PR0017,,,,,EC0002와 EC0051는 동시에 참이어도 모순 없음(제거 제약 아님).,NO
LC0176,COMPATIBILITY,,,ANNOTATION,PR0018,,,,,EC0002와 EC0052는 동시에 참이어도 모순 없음(제거 제약 아님).,NO
LC0177,COMPATIBILITY,,,ANNOTATION,PR0035,,,,,EC0002와 EC0117는 동시에 참이어도 모순 없음(제거 제약 아님).,NO
LC0178,COMPATIBILITY,,,ANNOTATION,PR0036,,,,,EC0002와 EC0118는 동시에 참이어도 모순 없음(제거 제약 아님).,NO
LC0179,COMPATIBILITY,,,ANNOTATION,PR0038,,,,,EC0002와 EC0129는 동시에 참이어도 모순 없음(제거 제약 아님).,NO
LC0180,COMPATIBILITY,,,ANNOTATION,PR0039,,,,,EC0002와 EC0130는 동시에 참이어도 모순 없음(제거 제약 아님).,NO
LC0181,COMPATIBILITY,,,ANNOTATION,PR0054,,,,,EC0005와 EC0009는 동시에 참이어도 모순 없음(제거 제약 아님).,NO
LC0182,COMPATIBILITY,,,ANNOTATION,PR0055,,,,,EC0005와 EC0010는 동시에 참이어도 모순 없음(제거 제약 아님).,NO
LC0183,COMPATIBILITY,,,ANNOTATION,PR0056,,,,,EC0005와 EC0056는 동시에 참이어도 모순 없음(제거 제약 아님).,NO
LC0184,COMPATIBILITY,,,ANNOTATION,PR0062,,,,,EC0005와 EC0146는 동시에 참이어도 모순 없음(제거 제약 아님).,NO
LC0185,COMPATIBILITY,,,ANNOTATION,PR0064,,,,,EC0006와 EC0057는 동시에 참이어도 모순 없음(제거 제약 아님).,NO
LC0186,COMPATIBILITY,,,ANNOTATION,PR0065,,,,,EC0006와 EC0136는 동시에 참이어도 모순 없음(제거 제약 아님).,NO
LC0187,COMPATIBILITY,,,ANNOTATION,PR0066,,,,,EC0006와 EC0139는 동시에 참이어도 모순 없음(제거 제약 아님).,NO
LC0188,COMPATIBILITY,,,ANNOTATION,PR0086,,,,,EC0008와 EC0055는 동시에 참이어도 모순 없음(제거 제약 아님).,NO
LC0189,COMPATIBILITY,,,ANNOTATION,PR0091,,,,,EC0009와 EC0010는 동시에 참이어도 모순 없음(제거 제약 아님).,NO
LC0190,COMPATIBILITY,,,ANNOTATION,PR0095,,,,,EC0010와 EC0056는 동시에 참이어도 모순 없음(제거 제약 아님).,NO
LC0191,COMPATIBILITY,,,ANNOTATION,PR0096,,,,,EC0010와 EC0146는 동시에 참이어도 모순 없음(제거 제약 아님).,NO
LC0192,COMPATIBILITY,,,ANNOTATION,PR0097,,,,,EC0010와 EC0147는 동시에 참이어도 모순 없음(제거 제약 아님).,NO
LC0193,COMPATIBILITY,,,ANNOTATION,PR0099,,,,,EC0011와 EC0025는 동시에 참이어도 모순 없음(제거 제약 아님).,NO
LC0194,COMPATIBILITY,,,ANNOTATION,PR0100,,,,,EC0011와 EC0026는 동시에 참이어도 모순 없음(제거 제약 아님).,NO
LC0195,COMPATIBILITY,,,ANNOTATION,PR0101,,,,,EC0011와 EC0027는 동시에 참이어도 모순 없음(제거 제약 아님).,NO
LC0196,COMPATIBILITY,,,ANNOTATION,PR0102,,,,,EC0011와 EC0028는 동시에 참이어도 모순 없음(제거 제약 아님).,NO
LC0197,COMPATIBILITY,,,ANNOTATION,PR0103,,,,,EC0011와 EC0029는 동시에 참이어도 모순 없음(제거 제약 아님).,NO
LC0198,COMPATIBILITY,,,ANNOTATION,PR0105,,,,,EC0011와 EC0071는 동시에 참이어도 모순 없음(제거 제약 아님).,NO
LC0199,COMPATIBILITY,,,ANNOTATION,PR0106,,,,,EC0011와 EC0072는 동시에 참이어도 모순 없음(제거 제약 아님).,NO
LC0200,COMPATIBILITY,,,ANNOTATION,PR0107,,,,,EC0011와 EC0073는 동시에 참이어도 모순 없음(제거 제약 아님).,NO
LC0201,COMPATIBILITY,,,ANNOTATION,PR0108,,,,,EC0012와 EC0013는 동시에 참이어도 모순 없음(제거 제약 아님).,NO
LC0202,COMPATIBILITY,,,ANNOTATION,PR0111,,,,,EC0012와 EC0022는 동시에 참이어도 모순 없음(제거 제약 아님).,NO
LC0203,COMPATIBILITY,,,ANNOTATION,PR0112,,,,,EC0012와 EC0024는 동시에 참이어도 모순 없음(제거 제약 아님).,NO
LC0204,COMPATIBILITY,,,ANNOTATION,PR0118,,,,,EC0012와 EC0046는 동시에 참이어도 모순 없음(제거 제약 아님).,NO
LC0205,COMPATIBILITY,,,ANNOTATION,PR0136,,,,,EC0012와 EC0132는 동시에 참이어도 모순 없음(제거 제약 아님).,NO
LC0206,COMPATIBILITY,,,ANNOTATION,PR0140,,,,,EC0013와 EC0014는 동시에 참이어도 모순 없음(제거 제약 아님).,NO
LC0207,COMPATIBILITY,,,ANNOTATION,PR0141,,,,,EC0013와 EC0015는 동시에 참이어도 모순 없음(제거 제약 아님).,NO
LC0208,COMPATIBILITY,,,ANNOTATION,PR0142,,,,,EC0013와 EC0016는 동시에 참이어도 모순 없음(제거 제약 아님).,NO
LC0209,COMPATIBILITY,,,ANNOTATION,PR0151,,,,,EC0013와 EC0051는 동시에 참이어도 모순 없음(제거 제약 아님).,NO
LC0210,COMPATIBILITY,,,ANNOTATION,PR0152,,,,,EC0013와 EC0052는 동시에 참이어도 모순 없음(제거 제약 아님).,NO
LC0211,COMPATIBILITY,,,ANNOTATION,PR0171,,,,,EC0013와 EC0117는 동시에 참이어도 모순 없음(제거 제약 아님).,NO
LC0212,COMPATIBILITY,,,ANNOTATION,PR0172,,,,,EC0013와 EC0118는 동시에 참이어도 모순 없음(제거 제약 아님).,NO
LC0213,COMPATIBILITY,,,ANNOTATION,PR0173,,,,,EC0013와 EC0121는 동시에 참이어도 모순 없음(제거 제약 아님).,NO
LC0214,COMPATIBILITY,,,ANNOTATION,PR0174,,,,,EC0013와 EC0129는 동시에 참이어도 모순 없음(제거 제약 아님).,NO
LC0215,COMPATIBILITY,,,ANNOTATION,PR0175,,,,,EC0013와 EC0130는 동시에 참이어도 모순 없음(제거 제약 아님).,NO
LC0216,COMPATIBILITY,,,ANNOTATION,PR0179,,,,,EC0014와 EC0015는 동시에 참이어도 모순 없음(제거 제약 아님).,NO
LC0217,COMPATIBILITY,,,ANNOTATION,PR0180,,,,,EC0014와 EC0016는 동시에 참이어도 모순 없음(제거 제약 아님).,NO
LC0218,COMPATIBILITY,,,ANNOTATION,PR0188,,,,,EC0014와 EC0051는 동시에 참이어도 모순 없음(제거 제약 아님).,NO
LC0219,COMPATIBILITY,,,ANNOTATION,PR0189,,,,,EC0014와 EC0052는 동시에 참이어도 모순 없음(제거 제약 아님).,NO
LC0220,COMPATIBILITY,,,ANNOTATION,PR0193,,,,,EC0014와 EC0117는 동시에 참이어도 모순 없음(제거 제약 아님).,NO
LC0221,COMPATIBILITY,,,ANNOTATION,PR0194,,,,,EC0014와 EC0118는 동시에 참이어도 모순 없음(제거 제약 아님).,NO
LC0222,COMPATIBILITY,,,ANNOTATION,PR0195,,,,,EC0014와 EC0121는 동시에 참이어도 모순 없음(제거 제약 아님).,NO
LC0223,COMPATIBILITY,,,ANNOTATION,PR0196,,,,,EC0014와 EC0129는 동시에 참이어도 모순 없음(제거 제약 아님).,NO
LC0224,COMPATIBILITY,,,ANNOTATION,PR0197,,,,,EC0014와 EC0130는 동시에 참이어도 모순 없음(제거 제약 아님).,NO
LC0225,COMPATIBILITY,,,ANNOTATION,PR0200,,,,,EC0015와 EC0016는 동시에 참이어도 모순 없음(제거 제약 아님).,NO
LC0226,COMPATIBILITY,,,ANNOTATION,PR0208,,,,,EC0015와 EC0051는 동시에 참이어도 모순 없음(제거 제약 아님).,NO
LC0227,COMPATIBILITY,,,ANNOTATION,PR0209,,,,,EC0015와 EC0052는 동시에 참이어도 모순 없음(제거 제약 아님).,NO
LC0228,COMPATIBILITY,,,ANNOTATION,PR0213,,,,,EC0015와 EC0117는 동시에 참이어도 모순 없음(제거 제약 아님).,NO
LC0229,COMPATIBILITY,,,ANNOTATION,PR0214,,,,,EC0015와 EC0118는 동시에 참이어도 모순 없음(제거 제약 아님).,NO
LC0230,COMPATIBILITY,,,ANNOTATION,PR0215,,,,,EC0015와 EC0121는 동시에 참이어도 모순 없음(제거 제약 아님).,NO
LC0231,COMPATIBILITY,,,ANNOTATION,PR0216,,,,,EC0015와 EC0129는 동시에 참이어도 모순 없음(제거 제약 아님).,NO
LC0232,COMPATIBILITY,,,ANNOTATION,PR0217,,,,,EC0015와 EC0130는 동시에 참이어도 모순 없음(제거 제약 아님).,NO
LC0233,COMPATIBILITY,,,ANNOTATION,PR0224,,,,,EC0016와 EC0051는 동시에 참이어도 모순 없음(제거 제약 아님).,NO
LC0234,COMPATIBILITY,,,ANNOTATION,PR0225,,,,,EC0016와 EC0052는 동시에 참이어도 모순 없음(제거 제약 아님).,NO
LC0235,COMPATIBILITY,,,ANNOTATION,PR0227,,,,,EC0016와 EC0117는 동시에 참이어도 모순 없음(제거 제약 아님).,NO
LC0236,COMPATIBILITY,,,ANNOTATION,PR0228,,,,,EC0016와 EC0118는 동시에 참이어도 모순 없음(제거 제약 아님).,NO
LC0237,COMPATIBILITY,,,ANNOTATION,PR0229,,,,,EC0016와 EC0121는 동시에 참이어도 모순 없음(제거 제약 아님).,NO
LC0238,COMPATIBILITY,,,ANNOTATION,PR0230,,,,,EC0016와 EC0129는 동시에 참이어도 모순 없음(제거 제약 아님).,NO
LC0239,COMPATIBILITY,,,ANNOTATION,PR0231,,,,,EC0016와 EC0130는 동시에 참이어도 모순 없음(제거 제약 아님).,NO
LC0240,COMPATIBILITY,,,ANNOTATION,PR0232,,,,,EC0017와 EC0018는 동시에 참이어도 모순 없음(제거 제약 아님).,NO
LC0241,COMPATIBILITY,,,ANNOTATION,PR0233,,,,,EC0017와 EC0019는 동시에 참이어도 모순 없음(제거 제약 아님).,NO
LC0242,COMPATIBILITY,,,ANNOTATION,PR0234,,,,,EC0017와 EC0041는 동시에 참이어도 모순 없음(제거 제약 아님).,NO
LC0243,COMPATIBILITY,,,ANNOTATION,PR0235,,,,,EC0017와 EC0042는 동시에 참이어도 모순 없음(제거 제약 아님).,NO
LC0244,COMPATIBILITY,,,ANNOTATION,PR0236,,,,,EC0017와 EC0133는 동시에 참이어도 모순 없음(제거 제약 아님).,NO
LC0245,COMPATIBILITY,,,ANNOTATION,PR0237,,,,,EC0017와 EC0134는 동시에 참이어도 모순 없음(제거 제약 아님).,NO
LC0246,COMPATIBILITY,,,ANNOTATION,PR0238,,,,,EC0017와 EC0135는 동시에 참이어도 모순 없음(제거 제약 아님).,NO
LC0247,COMPATIBILITY,,,ANNOTATION,PR0239,,,,,EC0017와 EC0137는 동시에 참이어도 모순 없음(제거 제약 아님).,NO
LC0248,COMPATIBILITY,,,ANNOTATION,PR0241,,,,,EC0017와 EC0140는 동시에 참이어도 모순 없음(제거 제약 아님).,NO
LC0249,COMPATIBILITY,,,ANNOTATION,PR0242,,,,,EC0017와 EC0141는 동시에 참이어도 모순 없음(제거 제약 아님).,NO
LC0250,COMPATIBILITY,,,ANNOTATION,PR0243,,,,,EC0017와 EC0142는 동시에 참이어도 모순 없음(제거 제약 아님).,NO
LC0251,COMPATIBILITY,,,ANNOTATION,PR0244,,,,,EC0018와 EC0019는 동시에 참이어도 모순 없음(제거 제약 아님).,NO
LC0252,COMPATIBILITY,,,ANNOTATION,PR0245,,,,,EC0018와 EC0041는 동시에 참이어도 모순 없음(제거 제약 아님).,NO
LC0253,COMPATIBILITY,,,ANNOTATION,PR0246,,,,,EC0018와 EC0042는 동시에 참이어도 모순 없음(제거 제약 아님).,NO
LC0254,COMPATIBILITY,,,ANNOTATION,PR0247,,,,,EC0018와 EC0133는 동시에 참이어도 모순 없음(제거 제약 아님).,NO
LC0255,COMPATIBILITY,,,ANNOTATION,PR0248,,,,,EC0018와 EC0134는 동시에 참이어도 모순 없음(제거 제약 아님).,NO
LC0256,COMPATIBILITY,,,ANNOTATION,PR0249,,,,,EC0018와 EC0135는 동시에 참이어도 모순 없음(제거 제약 아님).,NO
LC0257,COMPATIBILITY,,,ANNOTATION,PR0250,,,,,EC0018와 EC0137는 동시에 참이어도 모순 없음(제거 제약 아님).,NO
LC0258,COMPATIBILITY,,,ANNOTATION,PR0251,,,,,EC0018와 EC0140는 동시에 참이어도 모순 없음(제거 제약 아님).,NO
LC0259,COMPATIBILITY,,,ANNOTATION,PR0252,,,,,EC0018와 EC0141는 동시에 참이어도 모순 없음(제거 제약 아님).,NO
LC0260,COMPATIBILITY,,,ANNOTATION,PR0253,,,,,EC0018와 EC0142는 동시에 참이어도 모순 없음(제거 제약 아님).,NO
LC0261,COMPATIBILITY,,,ANNOTATION,PR0254,,,,,EC0019와 EC0041는 동시에 참이어도 모순 없음(제거 제약 아님).,NO
LC0262,COMPATIBILITY,,,ANNOTATION,PR0255,,,,,EC0019와 EC0042는 동시에 참이어도 모순 없음(제거 제약 아님).,NO
LC0263,COMPATIBILITY,,,ANNOTATION,PR0258,,,,,EC0019와 EC0133는 동시에 참이어도 모순 없음(제거 제약 아님).,NO
LC0264,COMPATIBILITY,,,ANNOTATION,PR0259,,,,,EC0019와 EC0134는 동시에 참이어도 모순 없음(제거 제약 아님).,NO
LC0265,COMPATIBILITY,,,ANNOTATION,PR0260,,,,,EC0019와 EC0135는 동시에 참이어도 모순 없음(제거 제약 아님).,NO
LC0266,COMPATIBILITY,,,ANNOTATION,PR0262,,,,,EC0019와 EC0137는 동시에 참이어도 모순 없음(제거 제약 아님).,NO
LC0267,COMPATIBILITY,,,ANNOTATION,PR0263,,,,,EC0019와 EC0140는 동시에 참이어도 모순 없음(제거 제약 아님).,NO
LC0268,COMPATIBILITY,,,ANNOTATION,PR0264,,,,,EC0019와 EC0141는 동시에 참이어도 모순 없음(제거 제약 아님).,NO
LC0269,COMPATIBILITY,,,ANNOTATION,PR0265,,,,,EC0019와 EC0142는 동시에 참이어도 모순 없음(제거 제약 아님).,NO
LC0270,COMPATIBILITY,,,ANNOTATION,PR0269,,,,,EC0022와 EC0024는 동시에 참이어도 모순 없음(제거 제약 아님).,NO
LC0271,COMPATIBILITY,,,ANNOTATION,PR0270,,,,,EC0022와 EC0030는 동시에 참이어도 모순 없음(제거 제약 아님).,NO
LC0272,COMPATIBILITY,,,ANNOTATION,PR0271,,,,,EC0022와 EC0046는 동시에 참이어도 모순 없음(제거 제약 아님).,NO
LC0273,COMPATIBILITY,,,ANNOTATION,PR0287,,,,,EC0024와 EC0030는 동시에 참이어도 모순 없음(제거 제약 아님).,NO
LC0274,COMPATIBILITY,,,ANNOTATION,PR0292,,,,,EC0024와 EC0046는 동시에 참이어도 모순 없음(제거 제약 아님).,NO
LC0275,COMPATIBILITY,,,ANNOTATION,PR0309,,,,,EC0024와 EC0131는 동시에 참이어도 모순 없음(제거 제약 아님).,NO
LC0276,COMPATIBILITY,,,ANNOTATION,PR0310,,,,,EC0024와 EC0132는 동시에 참이어도 모순 없음(제거 제약 아님).,NO
LC0277,COMPATIBILITY,,,ANNOTATION,PR0312,,,,,EC0024와 EC0143는 동시에 참이어도 모순 없음(제거 제약 아님).,NO
LC0278,COMPATIBILITY,,,ANNOTATION,PR0314,,,,,EC0025와 EC0026는 동시에 참이어도 모순 없음(제거 제약 아님).,NO
LC0279,COMPATIBILITY,,,ANNOTATION,PR0315,,,,,EC0025와 EC0027는 동시에 참이어도 모순 없음(제거 제약 아님).,NO
LC0280,COMPATIBILITY,,,ANNOTATION,PR0316,,,,,EC0025와 EC0028는 동시에 참이어도 모순 없음(제거 제약 아님).,NO
LC0281,COMPATIBILITY,,,ANNOTATION,PR0317,,,,,EC0025와 EC0029는 동시에 참이어도 모순 없음(제거 제약 아님).,NO
LC0282,COMPATIBILITY,,,ANNOTATION,PR0319,,,,,EC0025와 EC0071는 동시에 참이어도 모순 없음(제거 제약 아님).,NO
LC0283,COMPATIBILITY,,,ANNOTATION,PR0320,,,,,EC0025와 EC0072는 동시에 참이어도 모순 없음(제거 제약 아님).,NO
LC0284,COMPATIBILITY,,,ANNOTATION,PR0321,,,,,EC0025와 EC0073는 동시에 참이어도 모순 없음(제거 제약 아님).,NO
LC0285,COMPATIBILITY,,,ANNOTATION,PR0323,,,,,EC0026와 EC0027는 동시에 참이어도 모순 없음(제거 제약 아님).,NO
LC0286,COMPATIBILITY,,,ANNOTATION,PR0324,,,,,EC0026와 EC0028는 동시에 참이어도 모순 없음(제거 제약 아님).,NO
LC0287,COMPATIBILITY,,,ANNOTATION,PR0325,,,,,EC0026와 EC0029는 동시에 참이어도 모순 없음(제거 제약 아님).,NO
LC0288,COMPATIBILITY,,,ANNOTATION,PR0327,,,,,EC0026와 EC0071는 동시에 참이어도 모순 없음(제거 제약 아님).,NO
LC0289,COMPATIBILITY,,,ANNOTATION,PR0329,,,,,EC0026와 EC0073는 동시에 참이어도 모순 없음(제거 제약 아님).,NO
LC0290,COMPATIBILITY,,,ANNOTATION,PR0333,,,,,EC0027와 EC0028는 동시에 참이어도 모순 없음(제거 제약 아님).,NO
LC0291,COMPATIBILITY,,,ANNOTATION,PR0334,,,,,EC0027와 EC0029는 동시에 참이어도 모순 없음(제거 제약 아님).,NO
LC0292,COMPATIBILITY,,,ANNOTATION,PR0336,,,,,EC0027와 EC0071는 동시에 참이어도 모순 없음(제거 제약 아님).,NO
LC0293,COMPATIBILITY,,,ANNOTATION,PR0337,,,,,EC0027와 EC0072는 동시에 참이어도 모순 없음(제거 제약 아님).,NO
LC0294,COMPATIBILITY,,,ANNOTATION,PR0338,,,,,EC0027와 EC0073는 동시에 참이어도 모순 없음(제거 제약 아님).,NO
LC0295,COMPATIBILITY,,,ANNOTATION,PR0339,,,,,EC0028와 EC0029는 동시에 참이어도 모순 없음(제거 제약 아님).,NO
LC0296,COMPATIBILITY,,,ANNOTATION,PR0341,,,,,EC0028와 EC0071는 동시에 참이어도 모순 없음(제거 제약 아님).,NO
LC0297,COMPATIBILITY,,,ANNOTATION,PR0342,,,,,EC0028와 EC0072는 동시에 참이어도 모순 없음(제거 제약 아님).,NO
LC0298,COMPATIBILITY,,,ANNOTATION,PR0343,,,,,EC0028와 EC0073는 동시에 참이어도 모순 없음(제거 제약 아님).,NO
LC0299,COMPATIBILITY,,,ANNOTATION,PR0346,,,,,EC0029와 EC0071는 동시에 참이어도 모순 없음(제거 제약 아님).,NO
LC0300,COMPATIBILITY,,,ANNOTATION,PR0347,,,,,EC0029와 EC0072는 동시에 참이어도 모순 없음(제거 제약 아님).,NO
LC0301,COMPATIBILITY,,,ANNOTATION,PR0348,,,,,EC0029와 EC0073는 동시에 참이어도 모순 없음(제거 제약 아님).,NO
LC0302,COMPATIBILITY,,,ANNOTATION,PR0353,,,,,EC0030와 EC0046는 동시에 참이어도 모순 없음(제거 제약 아님).,NO
LC0303,COMPATIBILITY,,,ANNOTATION,PR0371,,,,,EC0030와 EC0132는 동시에 참이어도 모순 없음(제거 제약 아님).,NO
LC0304,COMPATIBILITY,,,ANNOTATION,PR0375,,,,,EC0031와 EC0032는 동시에 참이어도 모순 없음(제거 제약 아님).,NO
LC0305,COMPATIBILITY,,,ANNOTATION,PR0392,,,,,EC0032와 EC0047는 동시에 참이어도 모순 없음(제거 제약 아님).,NO
LC0306,COMPATIBILITY,,,ANNOTATION,PR0396,,,,,EC0032와 EC0069는 동시에 참이어도 모순 없음(제거 제약 아님).,NO
LC0307,COMPATIBILITY,,,ANNOTATION,PR0399,,,,,EC0032와 EC0095는 동시에 참이어도 모순 없음(제거 제약 아님).,NO
LC0308,COMPATIBILITY,,,ANNOTATION,PR0402,,,,,EC0032와 EC0148는 동시에 참이어도 모순 없음(제거 제약 아님).,NO
LC0309,COMPATIBILITY,,,ANNOTATION,PR0403,,,,,EC0032와 EC0149는 동시에 참이어도 모순 없음(제거 제약 아님).,NO
LC0310,COMPATIBILITY,,,ANNOTATION,PR0404,,,,,EC0033와 EC0034는 동시에 참이어도 모순 없음(제거 제약 아님).,NO
LC0311,COMPATIBILITY,,,ANNOTATION,PR0405,,,,,EC0033와 EC0035는 동시에 참이어도 모순 없음(제거 제약 아님).,NO
LC0312,COMPATIBILITY,,,ANNOTATION,PR0419,,,,,EC0034와 EC0035는 동시에 참이어도 모순 없음(제거 제약 아님).,NO
LC0313,COMPATIBILITY,,,ANNOTATION,PR0468,,,,,EC0041와 EC0042는 동시에 참이어도 모순 없음(제거 제약 아님).,NO
LC0314,COMPATIBILITY,,,ANNOTATION,PR0469,,,,,EC0041와 EC0133는 동시에 참이어도 모순 없음(제거 제약 아님).,NO
LC0315,COMPATIBILITY,,,ANNOTATION,PR0470,,,,,EC0041와 EC0134는 동시에 참이어도 모순 없음(제거 제약 아님).,NO
LC0316,COMPATIBILITY,,,ANNOTATION,PR0471,,,,,EC0041와 EC0135는 동시에 참이어도 모순 없음(제거 제약 아님).,NO
LC0317,COMPATIBILITY,,,ANNOTATION,PR0473,,,,,EC0041와 EC0137는 동시에 참이어도 모순 없음(제거 제약 아님).,NO
LC0318,COMPATIBILITY,,,ANNOTATION,PR0474,,,,,EC0041와 EC0140는 동시에 참이어도 모순 없음(제거 제약 아님).,NO
LC0319,COMPATIBILITY,,,ANNOTATION,PR0475,,,,,EC0041와 EC0141는 동시에 참이어도 모순 없음(제거 제약 아님).,NO
LC0320,COMPATIBILITY,,,ANNOTATION,PR0476,,,,,EC0041와 EC0142는 동시에 참이어도 모순 없음(제거 제약 아님).,NO
LC0321,COMPATIBILITY,,,ANNOTATION,PR0477,,,,,EC0042와 EC0133는 동시에 참이어도 모순 없음(제거 제약 아님).,NO
LC0322,COMPATIBILITY,,,ANNOTATION,PR0478,,,,,EC0042와 EC0134는 동시에 참이어도 모순 없음(제거 제약 아님).,NO
LC0323,COMPATIBILITY,,,ANNOTATION,PR0479,,,,,EC0042와 EC0135는 동시에 참이어도 모순 없음(제거 제약 아님).,NO
LC0324,COMPATIBILITY,,,ANNOTATION,PR0481,,,,,EC0042와 EC0137는 동시에 참이어도 모순 없음(제거 제약 아님).,NO
LC0325,COMPATIBILITY,,,ANNOTATION,PR0482,,,,,EC0042와 EC0140는 동시에 참이어도 모순 없음(제거 제약 아님).,NO
LC0326,COMPATIBILITY,,,ANNOTATION,PR0483,,,,,EC0042와 EC0141는 동시에 참이어도 모순 없음(제거 제약 아님).,NO
LC0327,COMPATIBILITY,,,ANNOTATION,PR0484,,,,,EC0042와 EC0142는 동시에 참이어도 모순 없음(제거 제약 아님).,NO
LC0328,COMPATIBILITY,,,ANNOTATION,PR0511,,,,,EC0047와 EC0069는 동시에 참이어도 모순 없음(제거 제약 아님).,NO
LC0329,COMPATIBILITY,,,ANNOTATION,PR0512,,,,,EC0047와 EC0095는 동시에 참이어도 모순 없음(제거 제약 아님).,NO
LC0330,COMPATIBILITY,,,ANNOTATION,PR0513,,,,,EC0047와 EC0148는 동시에 참이어도 모순 없음(제거 제약 아님).,NO
LC0331,COMPATIBILITY,,,ANNOTATION,PR0514,,,,,EC0047와 EC0149는 동시에 참이어도 모순 없음(제거 제약 아님).,NO
LC0332,COMPATIBILITY,,,ANNOTATION,PR0521,,,,,EC0050와 EC0066는 동시에 참이어도 모순 없음(제거 제약 아님).,NO
LC0333,COMPATIBILITY,,,ANNOTATION,PR0522,,,,,EC0050와 EC0067는 동시에 참이어도 모순 없음(제거 제약 아님).,NO
LC0334,COMPATIBILITY,,,ANNOTATION,PR0523,,,,,EC0050와 EC0068는 동시에 참이어도 모순 없음(제거 제약 아님).,NO
LC0335,COMPATIBILITY,,,ANNOTATION,PR0538,,,,,EC0050와 EC0131는 동시에 참이어도 모순 없음(제거 제약 아님).,NO
LC0336,COMPATIBILITY,,,ANNOTATION,PR0539,,,,,EC0050와 EC0132는 동시에 참이어도 모순 없음(제거 제약 아님).,NO
LC0337,COMPATIBILITY,,,ANNOTATION,PR0542,,,,,EC0050와 EC0143는 동시에 참이어도 모순 없음(제거 제약 아님).,NO
LC0338,COMPATIBILITY,,,ANNOTATION,PR0544,,,,,EC0051와 EC0052는 동시에 참이어도 모순 없음(제거 제약 아님).,NO
LC0339,COMPATIBILITY,,,ANNOTATION,PR0548,,,,,EC0051와 EC0117는 동시에 참이어도 모순 없음(제거 제약 아님).,NO
LC0340,COMPATIBILITY,,,ANNOTATION,PR0549,,,,,EC0051와 EC0118는 동시에 참이어도 모순 없음(제거 제약 아님).,NO
LC0341,COMPATIBILITY,,,ANNOTATION,PR0550,,,,,EC0051와 EC0121는 동시에 참이어도 모순 없음(제거 제약 아님).,NO
LC0342,COMPATIBILITY,,,ANNOTATION,PR0551,,,,,EC0051와 EC0129는 동시에 참이어도 모순 없음(제거 제약 아님).,NO
LC0343,COMPATIBILITY,,,ANNOTATION,PR0552,,,,,EC0051와 EC0130는 동시에 참이어도 모순 없음(제거 제약 아님).,NO
LC0344,COMPATIBILITY,,,ANNOTATION,PR0560,,,,,EC0052와 EC0121는 동시에 참이어도 모순 없음(제거 제약 아님).,NO
LC0345,COMPATIBILITY,,,ANNOTATION,PR0561,,,,,EC0052와 EC0129는 동시에 참이어도 모순 없음(제거 제약 아님).,NO
LC0346,COMPATIBILITY,,,ANNOTATION,PR0562,,,,,EC0052와 EC0130는 동시에 참이어도 모순 없음(제거 제약 아님).,NO
LC0347,COMPATIBILITY,,,ANNOTATION,PR0571,,,,,EC0054와 EC0138는 동시에 참이어도 모순 없음(제거 제약 아님).,NO
LC0348,COMPATIBILITY,,,ANNOTATION,PR0572,,,,,EC0054와 EC0144는 동시에 참이어도 모순 없음(제거 제약 아님).,NO
LC0349,COMPATIBILITY,,,ANNOTATION,PR0583,,,,,EC0057와 EC0136는 동시에 참이어도 모순 없음(제거 제약 아님).,NO
LC0350,COMPATIBILITY,,,ANNOTATION,PR0584,,,,,EC0057와 EC0139는 동시에 참이어도 모순 없음(제거 제약 아님).,NO
LC0351,COMPATIBILITY,,,ANNOTATION,PR0585,,,,,EC0058와 EC0059는 동시에 참이어도 모순 없음(제거 제약 아님).,NO
LC0352,COMPATIBILITY,,,ANNOTATION,PR0586,,,,,EC0058와 EC0060는 동시에 참이어도 모순 없음(제거 제약 아님).,NO
LC0353,COMPATIBILITY,,,ANNOTATION,PR0596,,,,,EC0058와 EC0119는 동시에 참이어도 모순 없음(제거 제약 아님).,NO
LC0354,COMPATIBILITY,,,ANNOTATION,PR0597,,,,,EC0058와 EC0120는 동시에 참이어도 모순 없음(제거 제약 아님).,NO
LC0355,COMPATIBILITY,,,ANNOTATION,PR0600,,,,,EC0059와 EC0060는 동시에 참이어도 모순 없음(제거 제약 아님).,NO
LC0356,COMPATIBILITY,,,ANNOTATION,PR0611,,,,,EC0059와 EC0107는 동시에 참이어도 모순 없음(제거 제약 아님).,NO
LC0357,COMPATIBILITY,,,ANNOTATION,PR0612,,,,,EC0059와 EC0108는 동시에 참이어도 모순 없음(제거 제약 아님).,NO
LC0358,COMPATIBILITY,,,ANNOTATION,PR0615,,,,,EC0059와 EC0111는 동시에 참이어도 모순 없음(제거 제약 아님).,NO
LC0359,COMPATIBILITY,,,ANNOTATION,PR0617,,,,,EC0059와 EC0114는 동시에 참이어도 모순 없음(제거 제약 아님).,NO
LC0360,COMPATIBILITY,,,ANNOTATION,PR0619,,,,,EC0059와 EC0119는 동시에 참이어도 모순 없음(제거 제약 아님).,NO
LC0361,COMPATIBILITY,,,ANNOTATION,PR0620,,,,,EC0059와 EC0120는 동시에 참이어도 모순 없음(제거 제약 아님).,NO
LC0362,COMPATIBILITY,,,ANNOTATION,PR0622,,,,,EC0059와 EC0126는 동시에 참이어도 모순 없음(제거 제약 아님).,NO
LC0363,COMPATIBILITY,,,ANNOTATION,PR0634,,,,,EC0060와 EC0119는 동시에 참이어도 모순 없음(제거 제약 아님).,NO
LC0364,COMPATIBILITY,,,ANNOTATION,PR0635,,,,,EC0060와 EC0120는 동시에 참이어도 모순 없음(제거 제약 아님).,NO
LC0365,COMPATIBILITY,,,ANNOTATION,PR0660,,,,,EC0066와 EC0067는 동시에 참이어도 모순 없음(제거 제약 아님).,NO
LC0366,COMPATIBILITY,,,ANNOTATION,PR0661,,,,,EC0066와 EC0068는 동시에 참이어도 모순 없음(제거 제약 아님).,NO
LC0367,COMPATIBILITY,,,ANNOTATION,PR0663,,,,,EC0066와 EC0070는 동시에 참이어도 모순 없음(제거 제약 아님).,NO
LC0368,COMPATIBILITY,,,ANNOTATION,PR0672,,,,,EC0066와 EC0131는 동시에 참이어도 모순 없음(제거 제약 아님).,NO
LC0369,COMPATIBILITY,,,ANNOTATION,PR0673,,,,,EC0066와 EC0132는 동시에 참이어도 모순 없음(제거 제약 아님).,NO
LC0370,COMPATIBILITY,,,ANNOTATION,PR0675,,,,,EC0066와 EC0143는 동시에 참이어도 모순 없음(제거 제약 아님).,NO
LC0371,COMPATIBILITY,,,ANNOTATION,PR0676,,,,,EC0067와 EC0068는 동시에 참이어도 모순 없음(제거 제약 아님).,NO
LC0372,COMPATIBILITY,,,ANNOTATION,PR0678,,,,,EC0067와 EC0070는 동시에 참이어도 모순 없음(제거 제약 아님).,NO
LC0373,COMPATIBILITY,,,ANNOTATION,PR0692,,,,,EC0068와 EC0070는 동시에 참이어도 모순 없음(제거 제약 아님).,NO
LC0374,COMPATIBILITY,,,ANNOTATION,PR0714,,,,,EC0069와 EC0148는 동시에 참이어도 모순 없음(제거 제약 아님).,NO
LC0375,COMPATIBILITY,,,ANNOTATION,PR0715,,,,,EC0069와 EC0149는 동시에 참이어도 모순 없음(제거 제약 아님).,NO
LC0376,COMPATIBILITY,,,ANNOTATION,PR0724,,,,,EC0070와 EC0131는 동시에 참이어도 모순 없음(제거 제약 아님).,NO
LC0377,COMPATIBILITY,,,ANNOTATION,PR0725,,,,,EC0070와 EC0132는 동시에 참이어도 모순 없음(제거 제약 아님).,NO
LC0378,COMPATIBILITY,,,ANNOTATION,PR0727,,,,,EC0070와 EC0143는 동시에 참이어도 모순 없음(제거 제약 아님).,NO
LC0379,COMPATIBILITY,,,ANNOTATION,PR0836,,,,,EC0095와 EC0148는 동시에 참이어도 모순 없음(제거 제약 아님).,NO
LC0380,COMPATIBILITY,,,ANNOTATION,PR0837,,,,,EC0095와 EC0149는 동시에 참이어도 모순 없음(제거 제약 아님).,NO
LC0381,COMPATIBILITY,,,ANNOTATION,PR0881,,,,,EC0107와 EC0108는 동시에 참이어도 모순 없음(제거 제약 아님).,NO
LC0382,COMPATIBILITY,,,ANNOTATION,PR0882,,,,,EC0107와 EC0109는 동시에 참이어도 모순 없음(제거 제약 아님).,NO
LC0383,COMPATIBILITY,,,ANNOTATION,PR0883,,,,,EC0107와 EC0110는 동시에 참이어도 모순 없음(제거 제약 아님).,NO
LC0384,COMPATIBILITY,,,ANNOTATION,PR0884,,,,,EC0107와 EC0111는 동시에 참이어도 모순 없음(제거 제약 아님).,NO
LC0385,COMPATIBILITY,,,ANNOTATION,PR0885,,,,,EC0107와 EC0113는 동시에 참이어도 모순 없음(제거 제약 아님).,NO
LC0386,COMPATIBILITY,,,ANNOTATION,PR0886,,,,,EC0107와 EC0114는 동시에 참이어도 모순 없음(제거 제약 아님).,NO
LC0387,COMPATIBILITY,,,ANNOTATION,PR0889,,,,,EC0107와 EC0126는 동시에 참이어도 모순 없음(제거 제약 아님).,NO
LC0388,COMPATIBILITY,,,ANNOTATION,PR0890,,,,,EC0108와 EC0109는 동시에 참이어도 모순 없음(제거 제약 아님).,NO
LC0389,COMPATIBILITY,,,ANNOTATION,PR0891,,,,,EC0108와 EC0110는 동시에 참이어도 모순 없음(제거 제약 아님).,NO
LC0390,COMPATIBILITY,,,ANNOTATION,PR0892,,,,,EC0108와 EC0111는 동시에 참이어도 모순 없음(제거 제약 아님).,NO
LC0391,COMPATIBILITY,,,ANNOTATION,PR0893,,,,,EC0108와 EC0113는 동시에 참이어도 모순 없음(제거 제약 아님).,NO
LC0392,COMPATIBILITY,,,ANNOTATION,PR0894,,,,,EC0108와 EC0114는 동시에 참이어도 모순 없음(제거 제약 아님).,NO
LC0393,COMPATIBILITY,,,ANNOTATION,PR0895,,,,,EC0108와 EC0119는 동시에 참이어도 모순 없음(제거 제약 아님).,NO
LC0394,COMPATIBILITY,,,ANNOTATION,PR0896,,,,,EC0108와 EC0120는 동시에 참이어도 모순 없음(제거 제약 아님).,NO
LC0395,COMPATIBILITY,,,ANNOTATION,PR0898,,,,,EC0109와 EC0110는 동시에 참이어도 모순 없음(제거 제약 아님).,NO
LC0396,COMPATIBILITY,,,ANNOTATION,PR0899,,,,,EC0109와 EC0111는 동시에 참이어도 모순 없음(제거 제약 아님).,NO
LC0397,COMPATIBILITY,,,ANNOTATION,PR0900,,,,,EC0109와 EC0113는 동시에 참이어도 모순 없음(제거 제약 아님).,NO
LC0398,COMPATIBILITY,,,ANNOTATION,PR0901,,,,,EC0109와 EC0114는 동시에 참이어도 모순 없음(제거 제약 아님).,NO
LC0399,COMPATIBILITY,,,ANNOTATION,PR0903,,,,,EC0109와 EC0119는 동시에 참이어도 모순 없음(제거 제약 아님).,NO
LC0400,COMPATIBILITY,,,ANNOTATION,PR0904,,,,,EC0109와 EC0120는 동시에 참이어도 모순 없음(제거 제약 아님).,NO
LC0401,COMPATIBILITY,,,ANNOTATION,PR0908,,,,,EC0110와 EC0111는 동시에 참이어도 모순 없음(제거 제약 아님).,NO
LC0402,COMPATIBILITY,,,ANNOTATION,PR0909,,,,,EC0110와 EC0113는 동시에 참이어도 모순 없음(제거 제약 아님).,NO
LC0403,COMPATIBILITY,,,ANNOTATION,PR0910,,,,,EC0110와 EC0114는 동시에 참이어도 모순 없음(제거 제약 아님).,NO
LC0404,COMPATIBILITY,,,ANNOTATION,PR0911,,,,,EC0110와 EC0119는 동시에 참이어도 모순 없음(제거 제약 아님).,NO
LC0405,COMPATIBILITY,,,ANNOTATION,PR0912,,,,,EC0110와 EC0120는 동시에 참이어도 모순 없음(제거 제약 아님).,NO
LC0406,COMPATIBILITY,,,ANNOTATION,PR0914,,,,,EC0111와 EC0113는 동시에 참이어도 모순 없음(제거 제약 아님).,NO
LC0407,COMPATIBILITY,,,ANNOTATION,PR0915,,,,,EC0111와 EC0114는 동시에 참이어도 모순 없음(제거 제약 아님).,NO
LC0408,COMPATIBILITY,,,ANNOTATION,PR0918,,,,,EC0111와 EC0126는 동시에 참이어도 모순 없음(제거 제약 아님).,NO
LC0409,COMPATIBILITY,,,ANNOTATION,PR0920,,,,,EC0113와 EC0114는 동시에 참이어도 모순 없음(제거 제약 아님).,NO
LC0410,COMPATIBILITY,,,ANNOTATION,PR0921,,,,,EC0113와 EC0119는 동시에 참이어도 모순 없음(제거 제약 아님).,NO
LC0411,COMPATIBILITY,,,ANNOTATION,PR0922,,,,,EC0113와 EC0120는 동시에 참이어도 모순 없음(제거 제약 아님).,NO
LC0412,COMPATIBILITY,,,ANNOTATION,PR0924,,,,,EC0113와 EC0126는 동시에 참이어도 모순 없음(제거 제약 아님).,NO
LC0413,COMPATIBILITY,,,ANNOTATION,PR0925,,,,,EC0114와 EC0119는 동시에 참이어도 모순 없음(제거 제약 아님).,NO
LC0414,COMPATIBILITY,,,ANNOTATION,PR0926,,,,,EC0114와 EC0120는 동시에 참이어도 모순 없음(제거 제약 아님).,NO
LC0415,COMPATIBILITY,,,ANNOTATION,PR0935,,,,,EC0117와 EC0118는 동시에 참이어도 모순 없음(제거 제약 아님).,NO
LC0416,COMPATIBILITY,,,ANNOTATION,PR0936,,,,,EC0117와 EC0121는 동시에 참이어도 모순 없음(제거 제약 아님).,NO
LC0417,COMPATIBILITY,,,ANNOTATION,PR0938,,,,,EC0117와 EC0129는 동시에 참이어도 모순 없음(제거 제약 아님).,NO
LC0418,COMPATIBILITY,,,ANNOTATION,PR0940,,,,,EC0118와 EC0121는 동시에 참이어도 모순 없음(제거 제약 아님).,NO
LC0419,COMPATIBILITY,,,ANNOTATION,PR0944,,,,,EC0119와 EC0120는 동시에 참이어도 모순 없음(제거 제약 아님).,NO
LC0420,COMPATIBILITY,,,ANNOTATION,PR0946,,,,,EC0119와 EC0126는 동시에 참이어도 모순 없음(제거 제약 아님).,NO
LC0421,COMPATIBILITY,,,ANNOTATION,PR0948,,,,,EC0120와 EC0126는 동시에 참이어도 모순 없음(제거 제약 아님).,NO
LC0422,COMPATIBILITY,,,ANNOTATION,PR0950,,,,,EC0121와 EC0129는 동시에 참이어도 모순 없음(제거 제약 아님).,NO
LC0423,COMPATIBILITY,,,ANNOTATION,PR0951,,,,,EC0121와 EC0130는 동시에 참이어도 모순 없음(제거 제약 아님).,NO
LC0424,COMPATIBILITY,,,ANNOTATION,PR0954,,,,,EC0122와 EC0124는 동시에 참이어도 모순 없음(제거 제약 아님).,NO
LC0425,COMPATIBILITY,,,ANNOTATION,PR0955,,,,,EC0122와 EC0125는 동시에 참이어도 모순 없음(제거 제약 아님).,NO
LC0426,COMPATIBILITY,,,ANNOTATION,PR0956,,,,,EC0123와 EC0124는 동시에 참이어도 모순 없음(제거 제약 아님).,NO
LC0427,COMPATIBILITY,,,ANNOTATION,PR0959,,,,,EC0124와 EC0125는 동시에 참이어도 모순 없음(제거 제약 아님).,NO
LC0428,COMPATIBILITY,,,ANNOTATION,PR0961,,,,,EC0129와 EC0130는 동시에 참이어도 모순 없음(제거 제약 아님).,NO
LC0429,COMPATIBILITY,,,ANNOTATION,PR0962,,,,,EC0131와 EC0132는 동시에 참이어도 모순 없음(제거 제약 아님).,NO
LC0430,COMPATIBILITY,,,ANNOTATION,PR0963,,,,,EC0131와 EC0143는 동시에 참이어도 모순 없음(제거 제약 아님).,NO
LC0431,COMPATIBILITY,,,ANNOTATION,PR0964,,,,,EC0132와 EC0143는 동시에 참이어도 모순 없음(제거 제약 아님).,NO
LC0432,COMPATIBILITY,,,ANNOTATION,PR0965,,,,,EC0133와 EC0134는 동시에 참이어도 모순 없음(제거 제약 아님).,NO
LC0433,COMPATIBILITY,,,ANNOTATION,PR0966,,,,,EC0133와 EC0135는 동시에 참이어도 모순 없음(제거 제약 아님).,NO
LC0434,COMPATIBILITY,,,ANNOTATION,PR0968,,,,,EC0133와 EC0137는 동시에 참이어도 모순 없음(제거 제약 아님).,NO
LC0435,COMPATIBILITY,,,ANNOTATION,PR0969,,,,,EC0133와 EC0140는 동시에 참이어도 모순 없음(제거 제약 아님).,NO
LC0436,COMPATIBILITY,,,ANNOTATION,PR0970,,,,,EC0133와 EC0141는 동시에 참이어도 모순 없음(제거 제약 아님).,NO
LC0437,COMPATIBILITY,,,ANNOTATION,PR0971,,,,,EC0133와 EC0142는 동시에 참이어도 모순 없음(제거 제약 아님).,NO
LC0438,COMPATIBILITY,,,ANNOTATION,PR0973,,,,,EC0134와 EC0135는 동시에 참이어도 모순 없음(제거 제약 아님).,NO
LC0439,COMPATIBILITY,,,ANNOTATION,PR0975,,,,,EC0134와 EC0137는 동시에 참이어도 모순 없음(제거 제약 아님).,NO
LC0440,COMPATIBILITY,,,ANNOTATION,PR0976,,,,,EC0134와 EC0140는 동시에 참이어도 모순 없음(제거 제약 아님).,NO
LC0441,COMPATIBILITY,,,ANNOTATION,PR0977,,,,,EC0134와 EC0141는 동시에 참이어도 모순 없음(제거 제약 아님).,NO
LC0442,COMPATIBILITY,,,ANNOTATION,PR0978,,,,,EC0134와 EC0142는 동시에 참이어도 모순 없음(제거 제약 아님).,NO
LC0443,COMPATIBILITY,,,ANNOTATION,PR0980,,,,,EC0135와 EC0137는 동시에 참이어도 모순 없음(제거 제약 아님).,NO
LC0444,COMPATIBILITY,,,ANNOTATION,PR0981,,,,,EC0135와 EC0140는 동시에 참이어도 모순 없음(제거 제약 아님).,NO
LC0445,COMPATIBILITY,,,ANNOTATION,PR0982,,,,,EC0135와 EC0141는 동시에 참이어도 모순 없음(제거 제약 아님).,NO
LC0446,COMPATIBILITY,,,ANNOTATION,PR0983,,,,,EC0135와 EC0142는 동시에 참이어도 모순 없음(제거 제약 아님).,NO
LC0447,COMPATIBILITY,,,ANNOTATION,PR0985,,,,,EC0136와 EC0139는 동시에 참이어도 모순 없음(제거 제약 아님).,NO
LC0448,COMPATIBILITY,,,ANNOTATION,PR0986,,,,,EC0137와 EC0140는 동시에 참이어도 모순 없음(제거 제약 아님).,NO
LC0449,COMPATIBILITY,,,ANNOTATION,PR0987,,,,,EC0137와 EC0141는 동시에 참이어도 모순 없음(제거 제약 아님).,NO
LC0450,COMPATIBILITY,,,ANNOTATION,PR0988,,,,,EC0137와 EC0142는 동시에 참이어도 모순 없음(제거 제약 아님).,NO
LC0451,COMPATIBILITY,,,ANNOTATION,PR0989,,,,,EC0138와 EC0144는 동시에 참이어도 모순 없음(제거 제약 아님).,NO
LC0452,COMPATIBILITY,,,ANNOTATION,PR0994,,,,,EC0140와 EC0141는 동시에 참이어도 모순 없음(제거 제약 아님).,NO
LC0453,COMPATIBILITY,,,ANNOTATION,PR0995,,,,,EC0140와 EC0142는 동시에 참이어도 모순 없음(제거 제약 아님).,NO
LC0454,COMPATIBILITY,,,ANNOTATION,PR0996,,,,,EC0141와 EC0142는 동시에 참이어도 모순 없음(제거 제약 아님).,NO
LC0455,COMPATIBILITY,,,ANNOTATION,PR0998,,,,,EC0146와 EC0147는 동시에 참이어도 모순 없음(제거 제약 아님).,NO
LC0456,COMPATIBILITY,,,ANNOTATION,PR0999,,,,,EC0148와 EC0149는 동시에 참이어도 모순 없음(제거 제약 아님).,NO
