constraint_id,current_type,variables_involved,variable_levels,current_formula,problem_class,keep_or_change,recommended_type,recommended_formula,reason,manual_review_required
LC0001,ATTESTED_ACT_ANCHOR,E_EC0020,OBJECT_LEVEL_HISTORY,E_EC0020 = True,SOURCE_AUTHORITY_OVERANCHOR,CHANGE,NONE (world constraint 아님),(없음) ATT_EC0020 = TRUE 유지; E_EC0020는 free; 명령/건의 실재는 posterior 단계 evidence로 가중,"DIRECT_ACTION_RECORDED 기록이 있다는 사실(ATT)만 관측 사실이고, 실제로 그 명령·건의가 있었다는 것(E)은 역사적 claim. 사료 유형만으로 논리적 공리로 고정할 근거가 없음. 집행(EXECUTION)은 원래부터 만들지 않았음.",NO
LC0002,ATTESTED_ACT_ANCHOR,E_EC0021,OBJECT_LEVEL_HISTORY,E_EC0021 = True,SOURCE_AUTHORITY_OVERANCHOR,CHANGE,NONE (world constraint 아님),(없음) ATT_EC0021 = TRUE 유지; E_EC0021는 free; 명령/건의 실재는 posterior 단계 evidence로 가중,"ORDERED 기록이 있다는 사실(ATT)만 관측 사실이고, 실제로 그 명령·건의가 있었다는 것(E)은 역사적 claim. 사료 유형만으로 논리적 공리로 고정할 근거가 없음. 집행(EXECUTION)은 원래부터 만들지 않았음.",NO
LC0003,ATTESTED_ACT_ANCHOR,E_EC0023,OBJECT_LEVEL_HISTORY,E_EC0023 = True,SOURCE_AUTHORITY_OVERANCHOR,CHANGE,NONE (world constraint 아님),(없음) ATT_EC0023 = TRUE 유지; E_EC0023는 free; 명령/건의 실재는 posterior 단계 evidence로 가중,"ORDERED 기록이 있다는 사실(ATT)만 관측 사실이고, 실제로 그 명령·건의가 있었다는 것(E)은 역사적 claim. 사료 유형만으로 논리적 공리로 고정할 근거가 없음. 집행(EXECUTION)은 원래부터 만들지 않았음.",NO
LC0004,ATTESTED_ACT_ANCHOR,E_EC0044,OBJECT_LEVEL_HISTORY,E_EC0044 = True,SOURCE_AUTHORITY_OVERANCHOR,CHANGE,NONE (world constraint 아님),(없음) ATT_EC0044 = TRUE 유지; E_EC0044는 free; 명령/건의 실재는 posterior 단계 evidence로 가중,"ORDERED 기록이 있다는 사실(ATT)만 관측 사실이고, 실제로 그 명령·건의가 있었다는 것(E)은 역사적 claim. 사료 유형만으로 논리적 공리로 고정할 근거가 없음. 집행(EXECUTION)은 원래부터 만들지 않았음.",NO
LC0005,ATTESTED_ACT_ANCHOR,E_EC0045,OBJECT_LEVEL_HISTORY,E_EC0045 = True,SOURCE_AUTHORITY_OVERANCHOR,CHANGE,NONE (world constraint 아님),(없음) ATT_EC0045 = TRUE 유지; E_EC0045는 free; 명령/건의 실재는 posterior 단계 evidence로 가중,"ORDERED 기록이 있다는 사실(ATT)만 관측 사실이고, 실제로 그 명령·건의가 있었다는 것(E)은 역사적 claim. 사료 유형만으로 논리적 공리로 고정할 근거가 없음. 집행(EXECUTION)은 원래부터 만들지 않았음.",NO
LC0006,ATTESTED_ACT_ANCHOR,E_EC0048,OBJECT_LEVEL_HISTORY,E_EC0048 = True,SOURCE_AUTHORITY_OVERANCHOR,CHANGE,NONE (world constraint 아님),(없음) ATT_EC0048 = TRUE 유지; E_EC0048는 free; 명령/건의 실재는 posterior 단계 evidence로 가중,"ORDERED 기록이 있다는 사실(ATT)만 관측 사실이고, 실제로 그 명령·건의가 있었다는 것(E)은 역사적 claim. 사료 유형만으로 논리적 공리로 고정할 근거가 없음. 집행(EXECUTION)은 원래부터 만들지 않았음.",NO
LC0007,ATTESTED_ACT_ANCHOR,E_EC0049,OBJECT_LEVEL_HISTORY,E_EC0049 = True,SOURCE_AUTHORITY_OVERANCHOR,CHANGE,NONE (world constraint 아님),(없음) ATT_EC0049 = TRUE 유지; E_EC0049는 free; 명령/건의 실재는 posterior 단계 evidence로 가중,"ORDERED 기록이 있다는 사실(ATT)만 관측 사실이고, 실제로 그 명령·건의가 있었다는 것(E)은 역사적 claim. 사료 유형만으로 논리적 공리로 고정할 근거가 없음. 집행(EXECUTION)은 원래부터 만들지 않았음.",NO
LC0008,ATTESTED_ACT_ANCHOR,E_EC0061,OBJECT_LEVEL_HISTORY,E_EC0061 = True,SOURCE_AUTHORITY_OVERANCHOR,CHANGE,NONE (world constraint 아님),(없음) ATT_EC0061 = TRUE 유지; E_EC0061는 free; 명령/건의 실재는 posterior 단계 evidence로 가중,"DIRECT_ACTION_RECORDED 기록이 있다는 사실(ATT)만 관측 사실이고, 실제로 그 명령·건의가 있었다는 것(E)은 역사적 claim. 사료 유형만으로 논리적 공리로 고정할 근거가 없음. 집행(EXECUTION)은 원래부터 만들지 않았음.",NO
LC0009,ATTESTED_ACT_ANCHOR,E_EC0062,OBJECT_LEVEL_HISTORY,E_EC0062 = True,SOURCE_AUTHORITY_OVERANCHOR,CHANGE,NONE (world constraint 아님),(없음) ATT_EC0062 = TRUE 유지; E_EC0062는 free; 명령/건의 실재는 posterior 단계 evidence로 가중,"ORDERED 기록이 있다는 사실(ATT)만 관측 사실이고, 실제로 그 명령·건의가 있었다는 것(E)은 역사적 claim. 사료 유형만으로 논리적 공리로 고정할 근거가 없음. 집행(EXECUTION)은 원래부터 만들지 않았음.",NO
LC0010,ATTESTED_ACT_ANCHOR,E_EC0150,OBJECT_LEVEL_HISTORY,E_EC0150 = True,SOURCE_AUTHORITY_OVERANCHOR,CHANGE,NONE (world constraint 아님),(없음) ATT_EC0150 = TRUE 유지; E_EC0150는 free; 명령/건의 실재는 posterior 단계 evidence로 가중,"ORDERED 기록이 있다는 사실(ATT)만 관측 사실이고, 실제로 그 명령·건의가 있었다는 것(E)은 역사적 claim. 사료 유형만으로 논리적 공리로 고정할 근거가 없음. 집행(EXECUTION)은 원래부터 만들지 않았음.",NO
LC0011,ATTESTED_ACT_ANCHOR,E_EC0151,OBJECT_LEVEL_HISTORY,E_EC0151 = True,SOURCE_AUTHORITY_OVERANCHOR,CHANGE,NONE (world constraint 아님),(없음) ATT_EC0151 = TRUE 유지; E_EC0151는 free; 명령/건의 실재는 posterior 단계 evidence로 가중,"ORDERED 기록이 있다는 사실(ATT)만 관측 사실이고, 실제로 그 명령·건의가 있었다는 것(E)은 역사적 claim. 사료 유형만으로 논리적 공리로 고정할 근거가 없음. 집행(EXECUTION)은 원래부터 만들지 않았음.",NO
LC0012,ATTESTED_ACT_ANCHOR,E_EC0152,OBJECT_LEVEL_HISTORY,E_EC0152 = True,SOURCE_AUTHORITY_OVERANCHOR,CHANGE,NONE (world constraint 아님),(없음) ATT_EC0152 = TRUE 유지; E_EC0152는 free; 명령/건의 실재는 posterior 단계 evidence로 가중,"ORDERED 기록이 있다는 사실(ATT)만 관측 사실이고, 실제로 그 명령·건의가 있었다는 것(E)은 역사적 claim. 사료 유형만으로 논리적 공리로 고정할 근거가 없음. 집행(EXECUTION)은 원래부터 만들지 않았음.",NO
LC0013,ATTESTED_ACT_ANCHOR,E_EC0153,OBJECT_LEVEL_HISTORY,E_EC0153 = True,SOURCE_AUTHORITY_OVERANCHOR,CHANGE,NONE (world constraint 아님),(없음) ATT_EC0153 = TRUE 유지; E_EC0153는 free; 명령/건의 실재는 posterior 단계 evidence로 가중,"ORDERED 기록이 있다는 사실(ATT)만 관측 사실이고, 실제로 그 명령·건의가 있었다는 것(E)은 역사적 claim. 사료 유형만으로 논리적 공리로 고정할 근거가 없음. 집행(EXECUTION)은 원래부터 만들지 않았음.",NO
LC0014,ATTESTED_ACT_ANCHOR,E_EC0154,OBJECT_LEVEL_HISTORY,E_EC0154 = True,SOURCE_AUTHORITY_OVERANCHOR,CHANGE,NONE (world constraint 아님),(없음) ATT_EC0154 = TRUE 유지; E_EC0154는 free; 명령/건의 실재는 posterior 단계 evidence로 가중,"ORDERED 기록이 있다는 사실(ATT)만 관측 사실이고, 실제로 그 명령·건의가 있었다는 것(E)은 역사적 claim. 사료 유형만으로 논리적 공리로 고정할 근거가 없음. 집행(EXECUTION)은 원래부터 만들지 않았음.",NO
LC0015,ATTESTED_ACT_ANCHOR,E_EC0155,OBJECT_LEVEL_HISTORY,E_EC0155 = True,SOURCE_AUTHORITY_OVERANCHOR,CHANGE,NONE (world constraint 아님),(없음) ATT_EC0155 = TRUE 유지; E_EC0155는 free; 명령/건의 실재는 posterior 단계 evidence로 가중,"ORDERED 기록이 있다는 사실(ATT)만 관측 사실이고, 실제로 그 명령·건의가 있었다는 것(E)은 역사적 claim. 사료 유형만으로 논리적 공리로 고정할 근거가 없음. 집행(EXECUTION)은 원래부터 만들지 않았음.",NO
LC0016,MUTUAL_EXCLUSION,E_EC0022|E_EC0050,OBJECT_LEVEL_HISTORY,¬(E_EC0022 ∧ E_EC0050),REVIEW_REQUIRED,CHANGE,CONDITIONAL_CONTRADICTION,INTERP_EC0050_MEANS_ROBBED → ¬(E_EC0022 ∧ E_EC0050),object-level 배제이지만 함의에 해석 단계가 필요: 구순 '도적을 만남' — '도둑맞음'으로 읽을 때만 도난 발생을 함의(만났으나 잃지 않은 세계 가능).,YES
LC0017,MUTUAL_EXCLUSION,E_EC0022|E_EC0070,OBJECT_LEVEL_HISTORY,¬(E_EC0022 ∧ E_EC0070),VALID_HARD_WORLD_CONSTRAINT,KEEP,MUTUAL_EXCLUSION,¬(E_EC0022 ∧ E_EC0070),"두 기록(ATT)은 모두 존재 가능하며 제거되지 않음. 제거되는 것은 같은 world에서 '도난이 없었다'(EC0022 내용)와 '도난이 있었다'를 함의하는 내용이 함께 참인 경우뿐. 나복 '도적이 돈과 물품을 훔침' — 같은 구순 집 도난을 가리키면 도난 발생을 함의. 단, 현재 표현은 claim별 변수끼리의 배제라서 '둘 다 거짓' world도 막지 못함(공유 사실 변수 부재, 요약 참조).",NO
LC0018,MUTUAL_EXCLUSION,E_EC0022|E_EC0131,OBJECT_LEVEL_HISTORY,¬(E_EC0022 ∧ E_EC0131),VALID_HARD_WORLD_CONSTRAINT,KEEP,MUTUAL_EXCLUSION,¬(E_EC0022 ∧ E_EC0131),"두 기록(ATT)은 모두 존재 가능하며 제거되지 않음. 제거되는 것은 같은 world에서 '도난이 없었다'(EC0022 내용)와 '도난이 있었다'를 함의하는 내용이 함께 참인 경우뿐. 홍대협 '약간의 도난이 실제였음' — 도난 발생을 함의. 단, 현재 표현은 claim별 변수끼리의 배제라서 '둘 다 거짓' world도 막지 못함(공유 사실 변수 부재, 요약 참조).",NO
LC0019,MUTUAL_EXCLUSION,E_EC0022|E_EC0132,OBJECT_LEVEL_HISTORY,¬(E_EC0022 ∧ E_EC0132),VALID_HARD_WORLD_CONSTRAINT,KEEP,MUTUAL_EXCLUSION,¬(E_EC0022 ∧ E_EC0132),"두 기록(ATT)은 모두 존재 가능하며 제거되지 않음. 제거되는 것은 같은 world에서 '도난이 없었다'(EC0022 내용)와 '도난이 있었다'를 함의하는 내용이 함께 참인 경우뿐. 홍대협 '도난이 좀도둑 수준' — 도난 발생을 전제(presupposition). 단, 현재 표현은 claim별 변수끼리의 배제라서 '둘 다 거짓' world도 막지 못함(공유 사실 변수 부재, 요약 참조).",YES
LC0020,MUTUAL_EXCLUSION,E_EC0022|E_EC0143,OBJECT_LEVEL_HISTORY,¬(E_EC0022 ∧ E_EC0143),VALID_HARD_WORLD_CONSTRAINT,KEEP,MUTUAL_EXCLUSION,¬(E_EC0022 ∧ E_EC0143),"두 기록(ATT)은 모두 존재 가능하며 제거되지 않음. 제거되는 것은 같은 world에서 '도난이 없었다'(EC0022 내용)와 '도난이 있었다'를 함의하는 내용이 함께 참인 경우뿐. 정조(6/13) '도난이 실제로 있었음' — '도난 없음'과 정확히 상보 명제. 단, 현재 표현은 claim별 변수끼리의 배제라서 '둘 다 거짓' world도 막지 못함(공유 사실 변수 부재, 요약 참조).",NO
LC0024,MUTUAL_EXCLUSION,E_EC0046|E_EC0050,OBJECT_LEVEL_HISTORY,¬(E_EC0046 ∧ E_EC0050),REVIEW_REQUIRED,CHANGE,CONDITIONAL_CONTRADICTION,INTERP_EC0050_MEANS_ROBBED → ¬(E_EC0046 ∧ E_EC0050),object-level 배제이지만 함의에 해석 단계가 필요: 구순 '도적을 만남' — '도둑맞음'으로 읽을 때만 도난 발생을 함의(만났으나 잃지 않은 세계 가능).,YES
LC0025,MUTUAL_EXCLUSION,E_EC0046|E_EC0070,OBJECT_LEVEL_HISTORY,¬(E_EC0046 ∧ E_EC0070),VALID_HARD_WORLD_CONSTRAINT,KEEP,MUTUAL_EXCLUSION,¬(E_EC0046 ∧ E_EC0070),"두 기록(ATT)은 모두 존재 가능하며 제거되지 않음. 제거되는 것은 같은 world에서 '도난이 없었다'(EC0046 내용)와 '도난이 있었다'를 함의하는 내용이 함께 참인 경우뿐. 나복 '도적이 돈과 물품을 훔침' — 같은 구순 집 도난을 가리키면 도난 발생을 함의. 단, 현재 표현은 claim별 변수끼리의 배제라서 '둘 다 거짓' world도 막지 못함(공유 사실 변수 부재, 요약 참조).",NO
LC0026,MUTUAL_EXCLUSION,E_EC0046|E_EC0131,OBJECT_LEVEL_HISTORY,¬(E_EC0046 ∧ E_EC0131),VALID_HARD_WORLD_CONSTRAINT,KEEP,MUTUAL_EXCLUSION,¬(E_EC0046 ∧ E_EC0131),"두 기록(ATT)은 모두 존재 가능하며 제거되지 않음. 제거되는 것은 같은 world에서 '도난이 없었다'(EC0046 내용)와 '도난이 있었다'를 함의하는 내용이 함께 참인 경우뿐. 홍대협 '약간의 도난이 실제였음' — 도난 발생을 함의. 단, 현재 표현은 claim별 변수끼리의 배제라서 '둘 다 거짓' world도 막지 못함(공유 사실 변수 부재, 요약 참조).",NO
LC0027,MUTUAL_EXCLUSION,E_EC0046|E_EC0132,OBJECT_LEVEL_HISTORY,¬(E_EC0046 ∧ E_EC0132),VALID_HARD_WORLD_CONSTRAINT,KEEP,MUTUAL_EXCLUSION,¬(E_EC0046 ∧ E_EC0132),"두 기록(ATT)은 모두 존재 가능하며 제거되지 않음. 제거되는 것은 같은 world에서 '도난이 없었다'(EC0046 내용)와 '도난이 있었다'를 함의하는 내용이 함께 참인 경우뿐. 홍대협 '도난이 좀도둑 수준' — 도난 발생을 전제(presupposition). 단, 현재 표현은 claim별 변수끼리의 배제라서 '둘 다 거짓' world도 막지 못함(공유 사실 변수 부재, 요약 참조).",YES
LC0028,MUTUAL_EXCLUSION,E_EC0046|E_EC0143,OBJECT_LEVEL_HISTORY,¬(E_EC0046 ∧ E_EC0143),VALID_HARD_WORLD_CONSTRAINT,KEEP,MUTUAL_EXCLUSION,¬(E_EC0046 ∧ E_EC0143),"두 기록(ATT)은 모두 존재 가능하며 제거되지 않음. 제거되는 것은 같은 world에서 '도난이 없었다'(EC0046 내용)와 '도난이 있었다'를 함의하는 내용이 함께 참인 경우뿐. 정조(6/13) '도난이 실제로 있었음' — '도난 없음'과 정확히 상보 명제. 단, 현재 표현은 claim별 변수끼리의 배제라서 '둘 다 거짓' world도 막지 못함(공유 사실 변수 부재, 요약 참조).",NO
LC0073,TRANSITIVITY,SAME_EC0007_EC0036|SAME_EC0007_EC0053|SAME_EC0036_EC0053,SAME_OCCURRENCE_HYPOTHESIS,(SAME_EC0007_EC0036 ∧ SAME_EC0036_EC0053) → SAME_EC0007_EC0053,VALID_HARD_WORLD_CONSTRAINT,KEEP,TRANSITIVITY,(SAME_EC0007_EC0036 ∧ SAME_EC0036_EC0053) → SAME_EC0007_EC0053,same-occurrence 관계 자체의 동치관계 조건. truth value를 묶지 않음(same referent ≠ same proposition).,NO
LC0074,TRANSITIVITY,SAME_EC0007_EC0036|SAME_EC0007_EC0053|SAME_EC0036_EC0053,SAME_OCCURRENCE_HYPOTHESIS,(SAME_EC0007_EC0053 ∧ SAME_EC0036_EC0053) → SAME_EC0007_EC0036,VALID_HARD_WORLD_CONSTRAINT,KEEP,TRANSITIVITY,(SAME_EC0007_EC0053 ∧ SAME_EC0036_EC0053) → SAME_EC0007_EC0036,same-occurrence 관계 자체의 동치관계 조건. truth value를 묶지 않음(same referent ≠ same proposition).,NO
LC0075,TRANSITIVITY,SAME_EC0007_EC0036|SAME_EC0007_EC0053|SAME_EC0036_EC0053,SAME_OCCURRENCE_HYPOTHESIS,(SAME_EC0007_EC0036 ∧ SAME_EC0007_EC0053) → SAME_EC0036_EC0053,VALID_HARD_WORLD_CONSTRAINT,KEEP,TRANSITIVITY,(SAME_EC0007_EC0036 ∧ SAME_EC0007_EC0053) → SAME_EC0036_EC0053,same-occurrence 관계 자체의 동치관계 조건. truth value를 묶지 않음(same referent ≠ same proposition).,NO
LC0076,TRANSITIVITY,SAME_EC0107_EC0111|SAME_EC0107_EC0119|SAME_EC0111_EC0119,SAME_OCCURRENCE_HYPOTHESIS,(SAME_EC0107_EC0111 ∧ SAME_EC0111_EC0119) → SAME_EC0107_EC0119,VALID_HARD_WORLD_CONSTRAINT,KEEP,TRANSITIVITY,(SAME_EC0107_EC0111 ∧ SAME_EC0111_EC0119) → SAME_EC0107_EC0119,same-occurrence 관계 자체의 동치관계 조건. truth value를 묶지 않음(same referent ≠ same proposition).,NO
LC0077,TRANSITIVITY,SAME_EC0107_EC0111|SAME_EC0107_EC0120|SAME_EC0111_EC0120,SAME_OCCURRENCE_HYPOTHESIS,(SAME_EC0107_EC0111 ∧ SAME_EC0111_EC0120) → SAME_EC0107_EC0120,VALID_HARD_WORLD_CONSTRAINT,KEEP,TRANSITIVITY,(SAME_EC0107_EC0111 ∧ SAME_EC0111_EC0120) → SAME_EC0107_EC0120,same-occurrence 관계 자체의 동치관계 조건. truth value를 묶지 않음(same referent ≠ same proposition).,NO
LC0078,TRANSITIVITY,SAME_EC0107_EC0111|SAME_EC0107_EC0119|SAME_EC0111_EC0119,SAME_OCCURRENCE_HYPOTHESIS,(SAME_EC0107_EC0119 ∧ SAME_EC0111_EC0119) → SAME_EC0107_EC0111,VALID_HARD_WORLD_CONSTRAINT,KEEP,TRANSITIVITY,(SAME_EC0107_EC0119 ∧ SAME_EC0111_EC0119) → SAME_EC0107_EC0111,same-occurrence 관계 자체의 동치관계 조건. truth value를 묶지 않음(same referent ≠ same proposition).,NO
LC0079,TRANSITIVITY,SAME_EC0107_EC0119|SAME_EC0107_EC0120|SAME_EC0119_EC0120,SAME_OCCURRENCE_HYPOTHESIS,(SAME_EC0107_EC0119 ∧ SAME_EC0119_EC0120) → SAME_EC0107_EC0120,VALID_HARD_WORLD_CONSTRAINT,KEEP,TRANSITIVITY,(SAME_EC0107_EC0119 ∧ SAME_EC0119_EC0120) → SAME_EC0107_EC0120,same-occurrence 관계 자체의 동치관계 조건. truth value를 묶지 않음(same referent ≠ same proposition).,NO
LC0080,TRANSITIVITY,SAME_EC0107_EC0111|SAME_EC0107_EC0120|SAME_EC0111_EC0120,SAME_OCCURRENCE_HYPOTHESIS,(SAME_EC0107_EC0120 ∧ SAME_EC0111_EC0120) → SAME_EC0107_EC0111,VALID_HARD_WORLD_CONSTRAINT,KEEP,TRANSITIVITY,(SAME_EC0107_EC0120 ∧ SAME_EC0111_EC0120) → SAME_EC0107_EC0111,same-occurrence 관계 자체의 동치관계 조건. truth value를 묶지 않음(same referent ≠ same proposition).,NO
LC0081,TRANSITIVITY,SAME_EC0107_EC0119|SAME_EC0107_EC0120|SAME_EC0119_EC0120,SAME_OCCURRENCE_HYPOTHESIS,(SAME_EC0107_EC0120 ∧ SAME_EC0119_EC0120) → SAME_EC0107_EC0119,VALID_HARD_WORLD_CONSTRAINT,KEEP,TRANSITIVITY,(SAME_EC0107_EC0120 ∧ SAME_EC0119_EC0120) → SAME_EC0107_EC0119,same-occurrence 관계 자체의 동치관계 조건. truth value를 묶지 않음(same referent ≠ same proposition).,NO
LC0082,TRANSITIVITY,SAME_EC0107_EC0111|SAME_EC0107_EC0119|SAME_EC0111_EC0119,SAME_OCCURRENCE_HYPOTHESIS,(SAME_EC0107_EC0111 ∧ SAME_EC0107_EC0119) → SAME_EC0111_EC0119,VALID_HARD_WORLD_CONSTRAINT,KEEP,TRANSITIVITY,(SAME_EC0107_EC0111 ∧ SAME_EC0107_EC0119) → SAME_EC0111_EC0119,same-occurrence 관계 자체의 동치관계 조건. truth value를 묶지 않음(same referent ≠ same proposition).,NO
LC0083,TRANSITIVITY,SAME_EC0107_EC0111|SAME_EC0107_EC0120|SAME_EC0111_EC0120,SAME_OCCURRENCE_HYPOTHESIS,(SAME_EC0107_EC0111 ∧ SAME_EC0107_EC0120) → SAME_EC0111_EC0120,VALID_HARD_WORLD_CONSTRAINT,KEEP,TRANSITIVITY,(SAME_EC0107_EC0111 ∧ SAME_EC0107_EC0120) → SAME_EC0111_EC0120,same-occurrence 관계 자체의 동치관계 조건. truth value를 묶지 않음(same referent ≠ same proposition).,NO
LC0084,TRANSITIVITY,SAME_EC0111_EC0119|SAME_EC0111_EC0120|SAME_EC0119_EC0120,SAME_OCCURRENCE_HYPOTHESIS,(SAME_EC0111_EC0119 ∧ SAME_EC0119_EC0120) → SAME_EC0111_EC0120,VALID_HARD_WORLD_CONSTRAINT,KEEP,TRANSITIVITY,(SAME_EC0111_EC0119 ∧ SAME_EC0119_EC0120) → SAME_EC0111_EC0120,same-occurrence 관계 자체의 동치관계 조건. truth value를 묶지 않음(same referent ≠ same proposition).,NO
LC0085,TRANSITIVITY,SAME_EC0111_EC0119|SAME_EC0111_EC0120|SAME_EC0119_EC0120,SAME_OCCURRENCE_HYPOTHESIS,(SAME_EC0111_EC0120 ∧ SAME_EC0119_EC0120) → SAME_EC0111_EC0119,VALID_HARD_WORLD_CONSTRAINT,KEEP,TRANSITIVITY,(SAME_EC0111_EC0120 ∧ SAME_EC0119_EC0120) → SAME_EC0111_EC0119,same-occurrence 관계 자체의 동치관계 조건. truth value를 묶지 않음(same referent ≠ same proposition).,NO
LC0086,TRANSITIVITY,SAME_EC0107_EC0119|SAME_EC0107_EC0120|SAME_EC0119_EC0120,SAME_OCCURRENCE_HYPOTHESIS,(SAME_EC0107_EC0119 ∧ SAME_EC0107_EC0120) → SAME_EC0119_EC0120,VALID_HARD_WORLD_CONSTRAINT,KEEP,TRANSITIVITY,(SAME_EC0107_EC0119 ∧ SAME_EC0107_EC0120) → SAME_EC0119_EC0120,same-occurrence 관계 자체의 동치관계 조건. truth value를 묶지 않음(same referent ≠ same proposition).,NO
LC0087,TRANSITIVITY,SAME_EC0111_EC0119|SAME_EC0111_EC0120|SAME_EC0119_EC0120,SAME_OCCURRENCE_HYPOTHESIS,(SAME_EC0111_EC0119 ∧ SAME_EC0111_EC0120) → SAME_EC0119_EC0120,VALID_HARD_WORLD_CONSTRAINT,KEEP,TRANSITIVITY,(SAME_EC0111_EC0119 ∧ SAME_EC0111_EC0120) → SAME_EC0119_EC0120,same-occurrence 관계 자체의 동치관계 조건. truth value를 묶지 않음(same referent ≠ same proposition).,NO
LC0088,SAME_CONSISTENCY,SAME_EC0107_EC0111,SAME_OCCURRENCE_HYPOTHESIS,¬SAME_EC0107_EC0111,REVIEW_REQUIRED,KEEP_PENDING_REVIEW,SAME_CONSISTENCY,¬SAME_EC0107_EC0111,"사료 내용이 아니라 두 서술의 행위 유형(불러들임 vs 밥을 줌)이 달라 같은 occurrence 가설을 배제함. occurrence를 '단일 행위'로 볼 때만 타당하고, 한 번의 방문 같은 '장면' 단위로 보면 같은 occurrence일 수 있음 — occurrence granularity 정의 필요.",YES
LC0089,SAME_CONSISTENCY,SAME_EC0119_EC0120,SAME_OCCURRENCE_HYPOTHESIS,¬SAME_EC0119_EC0120,REVIEW_REQUIRED,KEEP_PENDING_REVIEW,SAME_CONSISTENCY,¬SAME_EC0119_EC0120,"사료 내용이 아니라 두 서술의 행위 유형(불러들임 vs 밥을 줌)이 달라 같은 occurrence 가설을 배제함. occurrence를 '단일 행위'로 볼 때만 타당하고, 한 번의 방문 같은 '장면' 단위로 보면 같은 occurrence일 수 있음 — occurrence granularity 정의 필요.",YES
LC0090,SAME_CONSISTENCY,SAME_EC0107_EC0120,SAME_OCCURRENCE_HYPOTHESIS,¬SAME_EC0107_EC0120,REVIEW_REQUIRED,KEEP_PENDING_REVIEW,SAME_CONSISTENCY,¬SAME_EC0107_EC0120,"사료 내용이 아니라 두 서술의 행위 유형(불러들임 vs 밥을 줌)이 달라 같은 occurrence 가설을 배제함. occurrence를 '단일 행위'로 볼 때만 타당하고, 한 번의 방문 같은 '장면' 단위로 보면 같은 occurrence일 수 있음 — occurrence granularity 정의 필요.",YES
LC0091,SAME_CONSISTENCY,SAME_EC0111_EC0119,SAME_OCCURRENCE_HYPOTHESIS,¬SAME_EC0111_EC0119,REVIEW_REQUIRED,KEEP_PENDING_REVIEW,SAME_CONSISTENCY,¬SAME_EC0111_EC0119,"사료 내용이 아니라 두 서술의 행위 유형(불러들임 vs 밥을 줌)이 달라 같은 occurrence 가설을 배제함. occurrence를 '단일 행위'로 볼 때만 타당하고, 한 번의 방문 같은 '장면' 단위로 보면 같은 occurrence일 수 있음 — occurrence granularity 정의 필요.",YES
LC0097,TRANSITIVITY,ID_HANBIJANG__HANGA|ID_HANBIJANG__HANJAEUK|ID_HANGA__HANJAEUK,IDENTITY_HYPOTHESIS,(ID_HANBIJANG__HANGA ∧ ID_HANGA__HANJAEUK) → ID_HANBIJANG__HANJAEUK,VALID_HARD_WORLD_CONSTRAINT,KEEP,TRANSITIVITY,(ID_HANBIJANG__HANGA ∧ ID_HANGA__HANJAEUK) → ID_HANBIJANG__HANJAEUK,인물 동일성 관계 자체의 동치관계 조건. truth value를 묶지 않음(same referent ≠ same proposition).,NO
LC0098,TRANSITIVITY,ID_HANBIJANG__HANGA|ID_HANBIJANG__HANJAEUK|ID_HANGA__HANJAEUK,IDENTITY_HYPOTHESIS,(ID_HANBIJANG__HANJAEUK ∧ ID_HANGA__HANJAEUK) → ID_HANBIJANG__HANGA,VALID_HARD_WORLD_CONSTRAINT,KEEP,TRANSITIVITY,(ID_HANBIJANG__HANJAEUK ∧ ID_HANGA__HANJAEUK) → ID_HANBIJANG__HANGA,인물 동일성 관계 자체의 동치관계 조건. truth value를 묶지 않음(same referent ≠ same proposition).,NO
LC0099,TRANSITIVITY,ID_HANBIJANG__HANGA|ID_HANBIJANG__HANJAEUK|ID_HANGA__HANJAEUK,IDENTITY_HYPOTHESIS,(ID_HANBIJANG__HANJAEUK ∧ ID_HANBIJANG__HANGA) → ID_HANGA__HANJAEUK,VALID_HARD_WORLD_CONSTRAINT,KEEP,TRANSITIVITY,(ID_HANBIJANG__HANJAEUK ∧ ID_HANBIJANG__HANGA) → ID_HANGA__HANJAEUK,인물 동일성 관계 자체의 동치관계 조건. truth value를 묶지 않음(same referent ≠ same proposition).,NO
LC0100,MUTUAL_EXCLUSION,ID_HAGEUP_BOJOJA__HANJAEUK|ID_HAGEUP_BOJOJA__YUJEHUI,IDENTITY_HYPOTHESIS,¬(ID_HAGEUP_BOJOJA__HANJAEUK ∧ ID_HAGEUP_BOJOJA__YUJEHUI),VALID_HARD_WORLD_CONSTRAINT,KEEP,MUTUAL_EXCLUSION,¬(ID_HAGEUP_BOJOJA__HANJAEUK ∧ ID_HAGEUP_BOJOJA__YUJEHUI),구조 가설끼리의 배제: 한재욱과 유제희는 같은 진술(P0086)에 서로 다른 사람으로 나오므로 하급 보조자가 둘 다일 수 없음. 사료 내용을 사실로 고정하지 않음.,NO
LC0101,TEMPORAL_ANCHOR,E_EC0065|T_EC0065,OBJECT_LEVEL_HISTORY|TEMPORAL_HYPOTHESIS,E_EC0065 → T_EC0065 ∈ [1793-02-22 밤],REVIEW_REQUIRED,KEEP,TEMPORAL_ANCHOR,E_EC0065 → T_EC0065 ∈ [1793-02-22 밤],candidate 자신의 명시 시간이 그 claim의 일부: claim이 참이면 그 시점이어야 함(claim이 거짓인 world에서는 무제약). 사료 날짜를 사실로 고정하지 않음. EC0065는 날짜가 알림 시점인지 침입 시점인지 미구분이라 검토 필요.,YES
LC0102,TEMPORAL_ANCHOR,E_EC0066|T_EC0066,OBJECT_LEVEL_HISTORY|TEMPORAL_HYPOTHESIS,E_EC0066 → T_EC0066 ∈ [1793-02-22 밤],VALID_HARD_WORLD_CONSTRAINT,KEEP,TEMPORAL_ANCHOR,E_EC0066 → T_EC0066 ∈ [1793-02-22 밤],candidate 자신의 명시 시간이 그 claim의 일부: claim이 참이면 그 시점이어야 함(claim이 거짓인 world에서는 무제약). 사료 날짜를 사실로 고정하지 않음.,NO
LC0103,TEMPORAL_ANCHOR,E_EC0067|T_EC0067,OBJECT_LEVEL_HISTORY|TEMPORAL_HYPOTHESIS,E_EC0067 → T_EC0067 ∈ [1793-02-22 밤],VALID_HARD_WORLD_CONSTRAINT,KEEP,TEMPORAL_ANCHOR,E_EC0067 → T_EC0067 ∈ [1793-02-22 밤],candidate 자신의 명시 시간이 그 claim의 일부: claim이 참이면 그 시점이어야 함(claim이 거짓인 world에서는 무제약). 사료 날짜를 사실로 고정하지 않음.,NO
LC0104,TEMPORAL_ANCHOR,E_EC0068|T_EC0068,OBJECT_LEVEL_HISTORY|TEMPORAL_HYPOTHESIS,E_EC0068 → T_EC0068 ∈ [1793-02-22 밤],VALID_HARD_WORLD_CONSTRAINT,KEEP,TEMPORAL_ANCHOR,E_EC0068 → T_EC0068 ∈ [1793-02-22 밤],candidate 자신의 명시 시간이 그 claim의 일부: claim이 참이면 그 시점이어야 함(claim이 거짓인 world에서는 무제약). 사료 날짜를 사실로 고정하지 않음.,NO
LC0105,TEMPORAL_ANCHOR,E_EC0069|T_EC0069,OBJECT_LEVEL_HISTORY|TEMPORAL_HYPOTHESIS,E_EC0069 → T_EC0069 ∈ [1793-02-22 밤],VALID_HARD_WORLD_CONSTRAINT,KEEP,TEMPORAL_ANCHOR,E_EC0069 → T_EC0069 ∈ [1793-02-22 밤],candidate 자신의 명시 시간이 그 claim의 일부: claim이 참이면 그 시점이어야 함(claim이 거짓인 world에서는 무제약). 사료 날짜를 사실로 고정하지 않음.,NO
LC0106,TEMPORAL_ANCHOR,E_EC0070|T_EC0070,OBJECT_LEVEL_HISTORY|TEMPORAL_HYPOTHESIS,E_EC0070 → T_EC0070 ∈ [1793-02-22 밤],VALID_HARD_WORLD_CONSTRAINT,KEEP,TEMPORAL_ANCHOR,E_EC0070 → T_EC0070 ∈ [1793-02-22 밤],candidate 자신의 명시 시간이 그 claim의 일부: claim이 참이면 그 시점이어야 함(claim이 거짓인 world에서는 무제약). 사료 날짜를 사실로 고정하지 않음.,NO
LC0107,TEMPORAL_ANCHOR,E_EC0072|T_EC0072,OBJECT_LEVEL_HISTORY|TEMPORAL_HYPOTHESIS,E_EC0072 → T_EC0072 ∈ [1793-02 초순],VALID_HARD_WORLD_CONSTRAINT,KEEP,TEMPORAL_ANCHOR,E_EC0072 → T_EC0072 ∈ [1793-02 초순],candidate 자신의 명시 시간이 그 claim의 일부: claim이 참이면 그 시점이어야 함(claim이 거짓인 world에서는 무제약). 사료 날짜를 사실로 고정하지 않음.,NO
LC0108,TEMPORAL_ANCHOR,E_EC0073|T_EC0073,OBJECT_LEVEL_HISTORY|TEMPORAL_HYPOTHESIS,E_EC0073 → T_EC0073 ∈ [1793-02 초순 이후],VALID_HARD_WORLD_CONSTRAINT,KEEP,TEMPORAL_ANCHOR,E_EC0073 → T_EC0073 ∈ [1793-02 초순 이후],candidate 자신의 명시 시간이 그 claim의 일부: claim이 참이면 그 시점이어야 함(claim이 거짓인 world에서는 무제약). 사료 날짜를 사실로 고정하지 않음.,NO
LC0109,TEMPORAL_ANCHOR,E_EC0081|T_EC0081,OBJECT_LEVEL_HISTORY|TEMPORAL_HYPOTHESIS,E_EC0081 → T_EC0081 ∈ [1793-02-28 밤],VALID_HARD_WORLD_CONSTRAINT,KEEP,TEMPORAL_ANCHOR,E_EC0081 → T_EC0081 ∈ [1793-02-28 밤],candidate 자신의 명시 시간이 그 claim의 일부: claim이 참이면 그 시점이어야 함(claim이 거짓인 world에서는 무제약). 사료 날짜를 사실로 고정하지 않음.,NO
LC0110,TEMPORAL_ANCHOR,E_EC0082|T_EC0082,OBJECT_LEVEL_HISTORY|TEMPORAL_HYPOTHESIS,E_EC0082 → T_EC0082 ∈ [1793-02-28 밤],VALID_HARD_WORLD_CONSTRAINT,KEEP,TEMPORAL_ANCHOR,E_EC0082 → T_EC0082 ∈ [1793-02-28 밤],candidate 자신의 명시 시간이 그 claim의 일부: claim이 참이면 그 시점이어야 함(claim이 거짓인 world에서는 무제약). 사료 날짜를 사실로 고정하지 않음.,NO
LC0111,TEMPORAL_ANCHOR,E_EC0083|T_EC0083,OBJECT_LEVEL_HISTORY|TEMPORAL_HYPOTHESIS,E_EC0083 → T_EC0083 ∈ [1793-02-28 밤],VALID_HARD_WORLD_CONSTRAINT,KEEP,TEMPORAL_ANCHOR,E_EC0083 → T_EC0083 ∈ [1793-02-28 밤],candidate 자신의 명시 시간이 그 claim의 일부: claim이 참이면 그 시점이어야 함(claim이 거짓인 world에서는 무제약). 사료 날짜를 사실로 고정하지 않음.,NO
LC0112,TEMPORAL_ANCHOR,E_EC0084|T_EC0084,OBJECT_LEVEL_HISTORY|TEMPORAL_HYPOTHESIS,E_EC0084 → T_EC0084 ∈ [1793-02-28 밤~29 새벽],VALID_HARD_WORLD_CONSTRAINT,KEEP,TEMPORAL_ANCHOR,E_EC0084 → T_EC0084 ∈ [1793-02-28 밤~29 새벽],candidate 자신의 명시 시간이 그 claim의 일부: claim이 참이면 그 시점이어야 함(claim이 거짓인 world에서는 무제약). 사료 날짜를 사실로 고정하지 않음.,NO
LC0113,TEMPORAL_ANCHOR,E_EC0088|T_EC0088,OBJECT_LEVEL_HISTORY|TEMPORAL_HYPOTHESIS,E_EC0088 → T_EC0088 ∈ [1793-02-29],VALID_HARD_WORLD_CONSTRAINT,KEEP,TEMPORAL_ANCHOR,E_EC0088 → T_EC0088 ∈ [1793-02-29],candidate 자신의 명시 시간이 그 claim의 일부: claim이 참이면 그 시점이어야 함(claim이 거짓인 world에서는 무제약). 사료 날짜를 사실로 고정하지 않음.,NO
LC0114,TEMPORAL_ANCHOR,E_EC0089|T_EC0089,OBJECT_LEVEL_HISTORY|TEMPORAL_HYPOTHESIS,E_EC0089 → T_EC0089 ∈ [1793-02-29],VALID_HARD_WORLD_CONSTRAINT,KEEP,TEMPORAL_ANCHOR,E_EC0089 → T_EC0089 ∈ [1793-02-29],candidate 자신의 명시 시간이 그 claim의 일부: claim이 참이면 그 시점이어야 함(claim이 거짓인 world에서는 무제약). 사료 날짜를 사실로 고정하지 않음.,NO
LC0115,TEMPORAL_ANCHOR,E_EC0090|T_EC0090,OBJECT_LEVEL_HISTORY|TEMPORAL_HYPOTHESIS,E_EC0090 → T_EC0090 ∈ [1793-02-29],VALID_HARD_WORLD_CONSTRAINT,KEEP,TEMPORAL_ANCHOR,E_EC0090 → T_EC0090 ∈ [1793-02-29],candidate 자신의 명시 시간이 그 claim의 일부: claim이 참이면 그 시점이어야 함(claim이 거짓인 world에서는 무제약). 사료 날짜를 사실로 고정하지 않음.,NO
LC0116,TEMPORAL_ANCHOR,E_EC0093|T_EC0093,OBJECT_LEVEL_HISTORY|TEMPORAL_HYPOTHESIS,E_EC0093 → T_EC0093 ∈ [1793-02-29],VALID_HARD_WORLD_CONSTRAINT,KEEP,TEMPORAL_ANCHOR,E_EC0093 → T_EC0093 ∈ [1793-02-29],candidate 자신의 명시 시간이 그 claim의 일부: claim이 참이면 그 시점이어야 함(claim이 거짓인 world에서는 무제약). 사료 날짜를 사실로 고정하지 않음.,NO
LC0117,TEMPORAL_ANCHOR,E_EC0094|T_EC0094,OBJECT_LEVEL_HISTORY|TEMPORAL_HYPOTHESIS,E_EC0094 → T_EC0094 ∈ [1793-02-29],VALID_HARD_WORLD_CONSTRAINT,KEEP,TEMPORAL_ANCHOR,E_EC0094 → T_EC0094 ∈ [1793-02-29],candidate 자신의 명시 시간이 그 claim의 일부: claim이 참이면 그 시점이어야 함(claim이 거짓인 world에서는 무제약). 사료 날짜를 사실로 고정하지 않음.,NO
LC0118,TEMPORAL_ANCHOR,E_EC0095|T_EC0095,OBJECT_LEVEL_HISTORY|TEMPORAL_HYPOTHESIS,E_EC0095 → T_EC0095 ∈ [1793-02-29],VALID_HARD_WORLD_CONSTRAINT,KEEP,TEMPORAL_ANCHOR,E_EC0095 → T_EC0095 ∈ [1793-02-29],candidate 자신의 명시 시간이 그 claim의 일부: claim이 참이면 그 시점이어야 함(claim이 거짓인 world에서는 무제약). 사료 날짜를 사실로 고정하지 않음.,NO
LC0119,TEMPORAL_ANCHOR,E_EC0096|T_EC0096,OBJECT_LEVEL_HISTORY|TEMPORAL_HYPOTHESIS,E_EC0096 → T_EC0096 ∈ [1793-03-04],VALID_HARD_WORLD_CONSTRAINT,KEEP,TEMPORAL_ANCHOR,E_EC0096 → T_EC0096 ∈ [1793-03-04],candidate 자신의 명시 시간이 그 claim의 일부: claim이 참이면 그 시점이어야 함(claim이 거짓인 world에서는 무제약). 사료 날짜를 사실로 고정하지 않음.,NO
LC0120,TEMPORAL_ANCHOR,E_EC0097|T_EC0097,OBJECT_LEVEL_HISTORY|TEMPORAL_HYPOTHESIS,E_EC0097 → T_EC0097 ∈ [1793-03-04],VALID_HARD_WORLD_CONSTRAINT,KEEP,TEMPORAL_ANCHOR,E_EC0097 → T_EC0097 ∈ [1793-03-04],candidate 자신의 명시 시간이 그 claim의 일부: claim이 참이면 그 시점이어야 함(claim이 거짓인 world에서는 무제약). 사료 날짜를 사실로 고정하지 않음.,NO
LC0121,TEMPORAL_ANCHOR,E_EC0098|T_EC0098,OBJECT_LEVEL_HISTORY|TEMPORAL_HYPOTHESIS,E_EC0098 → T_EC0098 ∈ [1793-03-04],VALID_HARD_WORLD_CONSTRAINT,KEEP,TEMPORAL_ANCHOR,E_EC0098 → T_EC0098 ∈ [1793-03-04],candidate 자신의 명시 시간이 그 claim의 일부: claim이 참이면 그 시점이어야 함(claim이 거짓인 world에서는 무제약). 사료 날짜를 사실로 고정하지 않음.,NO
LC0122,TEMPORAL_ANCHOR,E_EC0099|T_EC0099,OBJECT_LEVEL_HISTORY|TEMPORAL_HYPOTHESIS,E_EC0099 → T_EC0099 ∈ [1793-03-04],VALID_HARD_WORLD_CONSTRAINT,KEEP,TEMPORAL_ANCHOR,E_EC0099 → T_EC0099 ∈ [1793-03-04],candidate 자신의 명시 시간이 그 claim의 일부: claim이 참이면 그 시점이어야 함(claim이 거짓인 world에서는 무제약). 사료 날짜를 사실로 고정하지 않음.,NO
LC0123,TEMPORAL_ANCHOR,E_EC0100|T_EC0100,OBJECT_LEVEL_HISTORY|TEMPORAL_HYPOTHESIS,E_EC0100 → T_EC0100 ∈ [1793-03-04],VALID_HARD_WORLD_CONSTRAINT,KEEP,TEMPORAL_ANCHOR,E_EC0100 → T_EC0100 ∈ [1793-03-04],candidate 자신의 명시 시간이 그 claim의 일부: claim이 참이면 그 시점이어야 함(claim이 거짓인 world에서는 무제약). 사료 날짜를 사실로 고정하지 않음.,NO
LC0124,TEMPORAL_ANCHOR,E_EC0101|T_EC0101,OBJECT_LEVEL_HISTORY|TEMPORAL_HYPOTHESIS,E_EC0101 → T_EC0101 ∈ [1793-03-04],VALID_HARD_WORLD_CONSTRAINT,KEEP,TEMPORAL_ANCHOR,E_EC0101 → T_EC0101 ∈ [1793-03-04],candidate 자신의 명시 시간이 그 claim의 일부: claim이 참이면 그 시점이어야 함(claim이 거짓인 world에서는 무제약). 사료 날짜를 사실로 고정하지 않음.,NO
LC0125,TEMPORAL_ANCHOR,E_EC0102|T_EC0102,OBJECT_LEVEL_HISTORY|TEMPORAL_HYPOTHESIS,E_EC0102 → T_EC0102 ∈ [1793-03-04],VALID_HARD_WORLD_CONSTRAINT,KEEP,TEMPORAL_ANCHOR,E_EC0102 → T_EC0102 ∈ [1793-03-04],candidate 자신의 명시 시간이 그 claim의 일부: claim이 참이면 그 시점이어야 함(claim이 거짓인 world에서는 무제약). 사료 날짜를 사실로 고정하지 않음.,NO
