old_constraint_id,old_behavior,new_behavior,reason,audit_finding
LC0001,ATTESTED_ACT_ANCHOR: E_EC0020 = True,REMOVED: E 변수는 free. ATT_ RECORD_ANCHOR만 유지,기록 존재 ≠ 실제 명령·건의 발생 ≠ 집행. 사료 권위로 고정하지 않음.,SOURCE_AUTHORITY_OVERANCHOR
LC0002,ATTESTED_ACT_ANCHOR: E_EC0021 = True,REMOVED: E 변수는 free. ATT_ RECORD_ANCHOR만 유지,기록 존재 ≠ 실제 명령·건의 발생 ≠ 집행. 사료 권위로 고정하지 않음.,SOURCE_AUTHORITY_OVERANCHOR
LC0003,ATTESTED_ACT_ANCHOR: E_EC0023 = True,REMOVED: E 변수는 free. ATT_ RECORD_ANCHOR만 유지,기록 존재 ≠ 실제 명령·건의 발생 ≠ 집행. 사료 권위로 고정하지 않음.,SOURCE_AUTHORITY_OVERANCHOR
LC0004,ATTESTED_ACT_ANCHOR: E_EC0044 = True,REMOVED: E 변수는 free. ATT_ RECORD_ANCHOR만 유지,기록 존재 ≠ 실제 명령·건의 발생 ≠ 집행. 사료 권위로 고정하지 않음.,SOURCE_AUTHORITY_OVERANCHOR
LC0005,ATTESTED_ACT_ANCHOR: E_EC0045 = True,REMOVED: E 변수는 free. ATT_ RECORD_ANCHOR만 유지,기록 존재 ≠ 실제 명령·건의 발생 ≠ 집행. 사료 권위로 고정하지 않음.,SOURCE_AUTHORITY_OVERANCHOR
LC0006,ATTESTED_ACT_ANCHOR: E_EC0048 = True,REMOVED: E 변수는 free. ATT_ RECORD_ANCHOR만 유지,기록 존재 ≠ 실제 명령·건의 발생 ≠ 집행. 사료 권위로 고정하지 않음.,SOURCE_AUTHORITY_OVERANCHOR
LC0007,ATTESTED_ACT_ANCHOR: E_EC0049 = True,REMOVED: E 변수는 free. ATT_ RECORD_ANCHOR만 유지,기록 존재 ≠ 실제 명령·건의 발생 ≠ 집행. 사료 권위로 고정하지 않음.,SOURCE_AUTHORITY_OVERANCHOR
LC0008,ATTESTED_ACT_ANCHOR: E_EC0061 = True,REMOVED: E 변수는 free. ATT_ RECORD_ANCHOR만 유지,기록 존재 ≠ 실제 명령·건의 발생 ≠ 집행. 사료 권위로 고정하지 않음.,SOURCE_AUTHORITY_OVERANCHOR
LC0009,ATTESTED_ACT_ANCHOR: E_EC0062 = True,REMOVED: E 변수는 free. ATT_ RECORD_ANCHOR만 유지,기록 존재 ≠ 실제 명령·건의 발생 ≠ 집행. 사료 권위로 고정하지 않음.,SOURCE_AUTHORITY_OVERANCHOR
LC0010,ATTESTED_ACT_ANCHOR: E_EC0150 = True,REMOVED: E 변수는 free. ATT_ RECORD_ANCHOR만 유지,기록 존재 ≠ 실제 명령·건의 발생 ≠ 집행. 사료 권위로 고정하지 않음.,SOURCE_AUTHORITY_OVERANCHOR
LC0011,ATTESTED_ACT_ANCHOR: E_EC0151 = True,REMOVED: E 변수는 free. ATT_ RECORD_ANCHOR만 유지,기록 존재 ≠ 실제 명령·건의 발생 ≠ 집행. 사료 권위로 고정하지 않음.,SOURCE_AUTHORITY_OVERANCHOR
LC0012,ATTESTED_ACT_ANCHOR: E_EC0152 = True,REMOVED: E 변수는 free. ATT_ RECORD_ANCHOR만 유지,기록 존재 ≠ 실제 명령·건의 발생 ≠ 집행. 사료 권위로 고정하지 않음.,SOURCE_AUTHORITY_OVERANCHOR
LC0013,ATTESTED_ACT_ANCHOR: E_EC0153 = True,REMOVED: E 변수는 free. ATT_ RECORD_ANCHOR만 유지,기록 존재 ≠ 실제 명령·건의 발생 ≠ 집행. 사료 권위로 고정하지 않음.,SOURCE_AUTHORITY_OVERANCHOR
LC0014,ATTESTED_ACT_ANCHOR: E_EC0154 = True,REMOVED: E 변수는 free. ATT_ RECORD_ANCHOR만 유지,기록 존재 ≠ 실제 명령·건의 발생 ≠ 집행. 사료 권위로 고정하지 않음.,SOURCE_AUTHORITY_OVERANCHOR
LC0015,ATTESTED_ACT_ANCHOR: E_EC0155 = True,REMOVED: E 변수는 free. ATT_ RECORD_ANCHOR만 유지,기록 존재 ≠ 실제 명령·건의 발생 ≠ 집행. 사료 권위로 고정하지 않음.,SOURCE_AUTHORITY_OVERANCHOR
LC0016,MUTUAL_EXCLUSION: ¬(E_EC0022 ∧ E_EC0050),REPLACED_BY_CLAIM_FACT_MAPPING,pairwise claim 배제 대신 두 claim을 H_GUSUN_THEFT_OCCURRED에 연결 — 배중률과 함께 같은 결론이 도출되고 '둘 다 거짓' world도 막힘. EC0050은 해석 조건부 연결.,REVIEW_REQUIRED
LC0017,MUTUAL_EXCLUSION: ¬(E_EC0022 ∧ E_EC0070),REPLACED_BY_CLAIM_FACT_MAPPING,pairwise claim 배제 대신 두 claim을 H_GUSUN_THEFT_OCCURRED에 연결 — 배중률과 함께 같은 결론이 도출되고 '둘 다 거짓' world도 막힘. EC0050은 해석 조건부 연결.,VALID_HARD_WORLD_CONSTRAINT
LC0018,MUTUAL_EXCLUSION: ¬(E_EC0022 ∧ E_EC0131),REPLACED_BY_CLAIM_FACT_MAPPING,pairwise claim 배제 대신 두 claim을 H_GUSUN_THEFT_OCCURRED에 연결 — 배중률과 함께 같은 결론이 도출되고 '둘 다 거짓' world도 막힘. EC0050은 해석 조건부 연결.,VALID_HARD_WORLD_CONSTRAINT
LC0019,MUTUAL_EXCLUSION: ¬(E_EC0022 ∧ E_EC0132),REPLACED_BY_CLAIM_FACT_MAPPING,pairwise claim 배제 대신 두 claim을 H_GUSUN_THEFT_OCCURRED에 연결 — 배중률과 함께 같은 결론이 도출되고 '둘 다 거짓' world도 막힘. EC0050은 해석 조건부 연결.,VALID_HARD_WORLD_CONSTRAINT
LC0020,MUTUAL_EXCLUSION: ¬(E_EC0022 ∧ E_EC0143),REPLACED_BY_CLAIM_FACT_MAPPING,pairwise claim 배제 대신 두 claim을 H_GUSUN_THEFT_OCCURRED에 연결 — 배중률과 함께 같은 결론이 도출되고 '둘 다 거짓' world도 막힘. EC0050은 해석 조건부 연결.,VALID_HARD_WORLD_CONSTRAINT
LC0024,MUTUAL_EXCLUSION: ¬(E_EC0046 ∧ E_EC0050),REPLACED_BY_CLAIM_FACT_MAPPING,pairwise claim 배제 대신 두 claim을 H_GUSUN_THEFT_OCCURRED에 연결 — 배중률과 함께 같은 결론이 도출되고 '둘 다 거짓' world도 막힘. EC0050은 해석 조건부 연결.,REVIEW_REQUIRED
LC0025,MUTUAL_EXCLUSION: ¬(E_EC0046 ∧ E_EC0070),REPLACED_BY_CLAIM_FACT_MAPPING,pairwise claim 배제 대신 두 claim을 H_GUSUN_THEFT_OCCURRED에 연결 — 배중률과 함께 같은 결론이 도출되고 '둘 다 거짓' world도 막힘. EC0050은 해석 조건부 연결.,VALID_HARD_WORLD_CONSTRAINT
LC0026,MUTUAL_EXCLUSION: ¬(E_EC0046 ∧ E_EC0131),REPLACED_BY_CLAIM_FACT_MAPPING,pairwise claim 배제 대신 두 claim을 H_GUSUN_THEFT_OCCURRED에 연결 — 배중률과 함께 같은 결론이 도출되고 '둘 다 거짓' world도 막힘. EC0050은 해석 조건부 연결.,VALID_HARD_WORLD_CONSTRAINT
LC0027,MUTUAL_EXCLUSION: ¬(E_EC0046 ∧ E_EC0132),REPLACED_BY_CLAIM_FACT_MAPPING,pairwise claim 배제 대신 두 claim을 H_GUSUN_THEFT_OCCURRED에 연결 — 배중률과 함께 같은 결론이 도출되고 '둘 다 거짓' world도 막힘. EC0050은 해석 조건부 연결.,VALID_HARD_WORLD_CONSTRAINT
LC0028,MUTUAL_EXCLUSION: ¬(E_EC0046 ∧ E_EC0143),REPLACED_BY_CLAIM_FACT_MAPPING,pairwise claim 배제 대신 두 claim을 H_GUSUN_THEFT_OCCURRED에 연결 — 배중률과 함께 같은 결론이 도출되고 '둘 다 거짓' world도 막힘. EC0050은 해석 조건부 연결.,VALID_HARD_WORLD_CONSTRAINT
LC0032,CONDITIONAL_CONTRADICTION: SENSE_EC0132_EXCLUDES_LARGE_BAND = True → ¬(E_EC0067 ∧ E_EC0132),REPLACED_BY_FACT_STRUCTURE,H_GUSUN_LARGE_ARMED_BAND_INTRUDED에 대한 mapping으로 대체.,VALID_CONDITIONAL_WORLD_CONSTRAINT
LC0033,CONDITIONAL_CONTRADICTION: SENSE_EC0031 = COINED_TERM → ¬(E_EC0031 ∧ E_EC0047),REPLACED_BY_FACT_STRUCTURE,H_JISE_TERM_PRIOR_USE / H_JISE_TERM_COINED_BY_GUSUN과 의미 조건부 mapping으로 대체.,VALID_CONDITIONAL_WORLD_CONSTRAINT
LC0034,CONDITIONAL_CONTRADICTION: SENSE_EC0031 = COINED_TERM → ¬(E_EC0031 ∧ E_EC0148),REPLACED_BY_FACT_STRUCTURE,H_JISE_TERM_PRIOR_USE / H_JISE_TERM_COINED_BY_GUSUN과 의미 조건부 mapping으로 대체.,VALID_CONDITIONAL_WORLD_CONSTRAINT
LC0035,CONDITIONAL_CONTRADICTION: (SENSE_EC0149 = FACTUAL_NEGATION ∧ SENSE_EC0031 = COINED_TERM) → ¬(E_EC0031 ∧ E_EC0149),REPLACED_BY_FACT_STRUCTURE,H_JISE_TERM_PRIOR_USE / H_JISE_TERM_COINED_BY_GUSUN과 의미 조건부 mapping으로 대체.,VALID_CONDITIONAL_WORLD_CONSTRAINT
LC0036,CONDITIONAL_CONTRADICTION: TERM_EC0005_JOSA_INCLUDES_SINMUN → ¬(E_EC0005 ∧ E_EC0147),KEPT [RC0262],공유 사실이 없는 claim끼리의 조건부 배제(조건이 거짓이면 무제약).,VALID_CONDITIONAL_WORLD_CONSTRAINT
LC0037,CONDITIONAL_CONTRADICTION: MEMBER_KIMMYEONGSIN_IN_OS01 → ¬(E_EC0009 ∧ E_EC0146),REMOVED: NO_CONSTRAINT_YET,집단 구성원이라는 것만으로 개인의 곤장·신문을 추론하지 않음(open-set/group inference 금지).,REVIEW_REQUIRED
LC0038,CONDITIONAL_CONTRADICTION: MEMBER_KIMMYEONGSIN_IN_OS01 → ¬(E_EC0009 ∧ E_EC0147),REMOVED: NO_CONSTRAINT_YET,집단 구성원이라는 것만으로 개인의 곤장·신문을 추론하지 않음(open-set/group inference 금지).,REVIEW_REQUIRED
LC0039,CONDITIONAL_CONTRADICTION: FABSCOPE_EC0012 = FULL_FABRICATION → ¬(E_EC0012 ∧ E_EC0050),REPLACED_BY_CLAIM_FACT_MAPPING,FABSCOPE=FULL → (E_FAB → ¬H_GUSUN_THEFT_OCCURRED)와 상대 claim의 mapping으로 대체.,VALID_CONDITIONAL_WORLD_CONSTRAINT
LC0040,CONDITIONAL_CONTRADICTION: FABSCOPE_EC0012 = FULL_FABRICATION → ¬(E_EC0012 ∧ E_EC0066),KEPT [RC0263],공유 사실이 없는 claim끼리의 조건부 배제(조건이 거짓이면 무제약).,VALID_CONDITIONAL_WORLD_CONSTRAINT
LC0041,CONDITIONAL_CONTRADICTION: FABSCOPE_EC0012 = FULL_FABRICATION → ¬(E_EC0012 ∧ E_EC0067),KEPT [RC0264],공유 사실이 없는 claim끼리의 조건부 배제(조건이 거짓이면 무제약).,VALID_CONDITIONAL_WORLD_CONSTRAINT
LC0042,CONDITIONAL_CONTRADICTION: FABSCOPE_EC0012 = FULL_FABRICATION → ¬(E_EC0012 ∧ E_EC0068),KEPT [RC0265],공유 사실이 없는 claim끼리의 조건부 배제(조건이 거짓이면 무제약).,VALID_CONDITIONAL_WORLD_CONSTRAINT
LC0043,CONDITIONAL_CONTRADICTION: FABSCOPE_EC0012 = FULL_FABRICATION → ¬(E_EC0012 ∧ E_EC0070),REPLACED_BY_CLAIM_FACT_MAPPING,FABSCOPE=FULL → (E_FAB → ¬H_GUSUN_THEFT_OCCURRED)와 상대 claim의 mapping으로 대체.,VALID_CONDITIONAL_WORLD_CONSTRAINT
LC0044,CONDITIONAL_CONTRADICTION: FABSCOPE_EC0012 = FULL_FABRICATION → ¬(E_EC0012 ∧ E_EC0131),REPLACED_BY_CLAIM_FACT_MAPPING,FABSCOPE=FULL → (E_FAB → ¬H_GUSUN_THEFT_OCCURRED)와 상대 claim의 mapping으로 대체.,VALID_CONDITIONAL_WORLD_CONSTRAINT
LC0045,CONDITIONAL_CONTRADICTION: FABSCOPE_EC0012 = FULL_FABRICATION → ¬(E_EC0012 ∧ E_EC0143),REPLACED_BY_CLAIM_FACT_MAPPING,FABSCOPE=FULL → (E_FAB → ¬H_GUSUN_THEFT_OCCURRED)와 상대 claim의 mapping으로 대체.,VALID_CONDITIONAL_WORLD_CONSTRAINT
LC0046,CONDITIONAL_CONTRADICTION: FABSCOPE_EC0030 = FULL_FABRICATION → ¬(E_EC0030 ∧ E_EC0050),REPLACED_BY_CLAIM_FACT_MAPPING,FABSCOPE=FULL → (E_FAB → ¬H_GUSUN_THEFT_OCCURRED)와 상대 claim의 mapping으로 대체.,VALID_CONDITIONAL_WORLD_CONSTRAINT
LC0047,CONDITIONAL_CONTRADICTION: FABSCOPE_EC0030 = FULL_FABRICATION → ¬(E_EC0030 ∧ E_EC0066),KEPT [RC0266],공유 사실이 없는 claim끼리의 조건부 배제(조건이 거짓이면 무제약).,VALID_CONDITIONAL_WORLD_CONSTRAINT
LC0048,CONDITIONAL_CONTRADICTION: FABSCOPE_EC0030 = FULL_FABRICATION → ¬(E_EC0030 ∧ E_EC0067),KEPT [RC0267],공유 사실이 없는 claim끼리의 조건부 배제(조건이 거짓이면 무제약).,VALID_CONDITIONAL_WORLD_CONSTRAINT
LC0049,CONDITIONAL_CONTRADICTION: FABSCOPE_EC0030 = FULL_FABRICATION → ¬(E_EC0030 ∧ E_EC0068),KEPT [RC0268],공유 사실이 없는 claim끼리의 조건부 배제(조건이 거짓이면 무제약).,VALID_CONDITIONAL_WORLD_CONSTRAINT
LC0050,CONDITIONAL_CONTRADICTION: FABSCOPE_EC0030 = FULL_FABRICATION → ¬(E_EC0030 ∧ E_EC0070),REPLACED_BY_CLAIM_FACT_MAPPING,FABSCOPE=FULL → (E_FAB → ¬H_GUSUN_THEFT_OCCURRED)와 상대 claim의 mapping으로 대체.,VALID_CONDITIONAL_WORLD_CONSTRAINT
LC0051,CONDITIONAL_CONTRADICTION: FABSCOPE_EC0030 = FULL_FABRICATION → ¬(E_EC0030 ∧ E_EC0131),REPLACED_BY_CLAIM_FACT_MAPPING,FABSCOPE=FULL → (E_FAB → ¬H_GUSUN_THEFT_OCCURRED)와 상대 claim의 mapping으로 대체.,VALID_CONDITIONAL_WORLD_CONSTRAINT
LC0052,CONDITIONAL_CONTRADICTION: FABSCOPE_EC0030 = FULL_FABRICATION → ¬(E_EC0030 ∧ E_EC0143),REPLACED_BY_CLAIM_FACT_MAPPING,FABSCOPE=FULL → (E_FAB → ¬H_GUSUN_THEFT_OCCURRED)와 상대 claim의 mapping으로 대체.,VALID_CONDITIONAL_WORLD_CONSTRAINT
LC0053,CONDITIONAL_CONTRADICTION: CAUSELEVEL_EC0038 = DIRECT_CAUSE → ¬(E_EC0038 ∧ E_EC0054),REPLACED_BY_FACT_STRUCTURE,"EC0038을 원인 층위에 따라 책임/직접 사인 사실에 연결하고, 직접 사인 사실끼리 배제.",VALID_CONDITIONAL_WORLD_CONSTRAINT
LC0054,CONDITIONAL_CONTRADICTION: CAUSELEVEL_EC0038 = DIRECT_CAUSE → ¬(E_EC0038 ∧ E_EC0138),REPLACED_BY_FACT_STRUCTURE,"EC0038을 원인 층위에 따라 책임/직접 사인 사실에 연결하고, 직접 사인 사실끼리 배제.",VALID_CONDITIONAL_WORLD_CONSTRAINT
LC0055,CONDITIONAL_CONTRADICTION: CAUSELEVEL_EC0038 = DIRECT_CAUSE → ¬(E_EC0038 ∧ E_EC0144),REPLACED_BY_FACT_STRUCTURE,"EC0038을 원인 층위에 따라 책임/직접 사인 사실에 연결하고, 직접 사인 사실끼리 배제.",VALID_CONDITIONAL_WORLD_CONSTRAINT
LC0056,CONDITIONAL_CONTRADICTION: ID_HAGEUP_BOJOJA__HANJAEUK → ¬(E_EC0043 ∧ E_EC0127),REPLACED_BY_FACT_STRUCTURE,H_HAN_JAEUK_ACQUAINTED_WITH_GUSUN에 대한 mapping(EC0043은 동일성 조건부)으로 대체.,VALID_CONDITIONAL_WORLD_CONSTRAINT
LC0057,CONDITIONAL_CONTRADICTION: SAMELIST_EC0052_EC0118 → ¬(E_EC0052 ∧ E_EC0118),KEPT [RC0269],공유 사실이 없는 claim끼리의 조건부 배제(조건이 거짓이면 무제약).,VALID_CONDITIONAL_WORLD_CONSTRAINT
LC0058,CONDITIONAL_CONTRADICTION: MEMBER_KIMMYEONGSIN_IN_OS07 → ¬(E_EC0056 ∧ E_EC0146),REMOVED: NO_CONSTRAINT_YET,집단 구성원이라는 것만으로 개인의 곤장·신문을 추론하지 않음(open-set/group inference 금지).,REVIEW_REQUIRED
LC0059,CONDITIONAL_CONTRADICTION: MEMBER_KIMMYEONGSIN_IN_OS07 → ¬(E_EC0056 ∧ E_EC0147),REMOVED: NO_CONSTRAINT_YET,집단 구성원이라는 것만으로 개인의 곤장·신문을 추론하지 않음(open-set/group inference 금지).,REVIEW_REQUIRED
LC0060,CONDITIONAL_CONTRADICTION: ID_BYEONGA_CHEO__JAMIDEOK → ¬(E_EC0058 ∧ E_EC0126),REPLACED_BY_FACT_STRUCTURE,claim→fact mapping + 동일성 조건부 연결(ID → (H_x → H_HAN_JAEUK_INSTIGATED))로 대체.,VALID_CONDITIONAL_WORLD_CONSTRAINT
LC0061,CONDITIONAL_CONTRADICTION: ID_BYEONGA_CHEO__JAMIDEOK → ¬(E_EC0060 ∧ E_EC0126),REPLACED_BY_FACT_STRUCTURE,claim→fact mapping + 동일성 조건부 연결(ID → (H_x → H_HAN_JAEUK_INSTIGATED))로 대체.,VALID_CONDITIONAL_WORLD_CONSTRAINT
LC0062,IMPLICATION: SAME_EC0076_EC0098 → ID_JANGGYO_1MYEONG__JOGYEWAN,KEPT [RC0270],같은 occurrence라면 행위자도 같아야 한다는 구조 조건(truth 결합 아님).,VALID_CONDITIONAL_WORLD_CONSTRAINT
LC0063,IMPLICATION: SAME_EC0107_EC0119 → ID_HANBIJANG__HANJAEUK,KEPT [RC0271],같은 occurrence라면 행위자도 같아야 한다는 구조 조건(truth 결합 아님).,VALID_CONDITIONAL_WORLD_CONSTRAINT
LC0064,IMPLICATION: SAME_EC0107_EC0120 → ID_HANBIJANG__HANJAEUK,KEPT [RC0272],같은 occurrence라면 행위자도 같아야 한다는 구조 조건(truth 결합 아님).,VALID_CONDITIONAL_WORLD_CONSTRAINT
LC0065,CONDITIONAL_CONTRADICTION: ID_HANBIJANG__HANJAEUK → ¬(E_EC0108 ∧ E_EC0126),REMOVED: NO_CONSTRAINT_YET,'남편이 체포됐다'는 말 자체는 사주가 아님.,REVIEW_REQUIRED
LC0066,CONDITIONAL_CONTRADICTION: ID_HANBIJANG__HANJAEUK → ¬(E_EC0109 ∧ E_EC0126),REPLACED_BY_FACT_STRUCTURE,claim→fact mapping + 동일성 조건부 연결(ID → (H_x → H_HAN_JAEUK_INSTIGATED))로 대체.,VALID_CONDITIONAL_WORLD_CONSTRAINT
LC0067,CONDITIONAL_CONTRADICTION: ID_HANBIJANG__HANJAEUK → ¬(E_EC0110 ∧ E_EC0126),REPLACED_BY_FACT_STRUCTURE,claim→fact mapping + 동일성 조건부 연결(ID → (H_x → H_HAN_JAEUK_INSTIGATED))로 대체.,VALID_CONDITIONAL_WORLD_CONSTRAINT
LC0068,IMPLICATION: SAME_EC0111_EC0119 → ID_HANBIJANG__HANJAEUK,KEPT [RC0273],같은 occurrence라면 행위자도 같아야 한다는 구조 조건(truth 결합 아님).,VALID_CONDITIONAL_WORLD_CONSTRAINT
LC0069,IMPLICATION: SAME_EC0111_EC0120 → ID_HANBIJANG__HANJAEUK,KEPT [RC0274],같은 occurrence라면 행위자도 같아야 한다는 구조 조건(truth 결합 아님).,VALID_CONDITIONAL_WORLD_CONSTRAINT
LC0070,CONDITIONAL_CONTRADICTION: ID_HANBIJANG__HANJAEUK → ¬(E_EC0114 ∧ E_EC0126),REPLACED_BY_FACT_STRUCTURE,claim→fact mapping + 동일성 조건부 연결(ID → (H_x → H_HAN_JAEUK_INSTIGATED))로 대체.,VALID_CONDITIONAL_WORLD_CONSTRAINT
LC0071,CONDITIONAL_CONTRADICTION: ID_PUNGGAK_KIMSANGJE__KIMMYEONGSIN → ¬(E_EC0118 ∧ E_EC0129),REMOVED: NO_CONSTRAINT_YET,유제희가 탐문 중 구순의 말을 들었을 수 있어 모순 근거 없음.,REVIEW_REQUIRED
LC0072,CONDITIONAL_CONTRADICTION: SENSE_EC0040 = CAUSAL_FOLLOWING_EXCLUDING_EPIDEMIC → ¬(E_EC0040 ∧ E_EC0145),REPLACED_BY_FACT_STRUCTURE,EC0040 → ¬H_KIM_WIFE_DEATH_CAUSE_EPIDEMIC(의미 조건부) mapping으로 대체.,VALID_CONDITIONAL_WORLD_CONSTRAINT
LC0073,TRANSITIVITY: (SAME_EC0007_EC0036 ∧ SAME_EC0036_EC0053) → SAME_EC0007_EC0053,KEPT [RC0275],동치관계 조건.,VALID_HARD_WORLD_CONSTRAINT
LC0074,TRANSITIVITY: (SAME_EC0007_EC0053 ∧ SAME_EC0036_EC0053) → SAME_EC0007_EC0036,KEPT [RC0276],동치관계 조건.,VALID_HARD_WORLD_CONSTRAINT
LC0075,TRANSITIVITY: (SAME_EC0007_EC0036 ∧ SAME_EC0007_EC0053) → SAME_EC0036_EC0053,KEPT [RC0277],동치관계 조건.,VALID_HARD_WORLD_CONSTRAINT
LC0076,TRANSITIVITY: (SAME_EC0107_EC0111 ∧ SAME_EC0111_EC0119) → SAME_EC0107_EC0119,KEPT [RC0278],동치관계 조건.,VALID_HARD_WORLD_CONSTRAINT
LC0077,TRANSITIVITY: (SAME_EC0107_EC0111 ∧ SAME_EC0111_EC0120) → SAME_EC0107_EC0120,KEPT [RC0279],동치관계 조건.,VALID_HARD_WORLD_CONSTRAINT
LC0078,TRANSITIVITY: (SAME_EC0107_EC0119 ∧ SAME_EC0111_EC0119) → SAME_EC0107_EC0111,KEPT [RC0280],동치관계 조건.,VALID_HARD_WORLD_CONSTRAINT
LC0079,TRANSITIVITY: (SAME_EC0107_EC0119 ∧ SAME_EC0119_EC0120) → SAME_EC0107_EC0120,KEPT [RC0281],동치관계 조건.,VALID_HARD_WORLD_CONSTRAINT
LC0080,TRANSITIVITY: (SAME_EC0107_EC0120 ∧ SAME_EC0111_EC0120) → SAME_EC0107_EC0111,KEPT [RC0282],동치관계 조건.,VALID_HARD_WORLD_CONSTRAINT
LC0081,TRANSITIVITY: (SAME_EC0107_EC0120 ∧ SAME_EC0119_EC0120) → SAME_EC0107_EC0119,KEPT [RC0283],동치관계 조건.,VALID_HARD_WORLD_CONSTRAINT
LC0082,TRANSITIVITY: (SAME_EC0107_EC0111 ∧ SAME_EC0107_EC0119) → SAME_EC0111_EC0119,KEPT [RC0284],동치관계 조건.,VALID_HARD_WORLD_CONSTRAINT
LC0083,TRANSITIVITY: (SAME_EC0107_EC0111 ∧ SAME_EC0107_EC0120) → SAME_EC0111_EC0120,KEPT [RC0285],동치관계 조건.,VALID_HARD_WORLD_CONSTRAINT
LC0084,TRANSITIVITY: (SAME_EC0111_EC0119 ∧ SAME_EC0119_EC0120) → SAME_EC0111_EC0120,KEPT [RC0286],동치관계 조건.,VALID_HARD_WORLD_CONSTRAINT
LC0085,TRANSITIVITY: (SAME_EC0111_EC0120 ∧ SAME_EC0119_EC0120) → SAME_EC0111_EC0119,KEPT [RC0287],동치관계 조건.,VALID_HARD_WORLD_CONSTRAINT
LC0086,TRANSITIVITY: (SAME_EC0107_EC0119 ∧ SAME_EC0107_EC0120) → SAME_EC0119_EC0120,KEPT [RC0288],동치관계 조건.,VALID_HARD_WORLD_CONSTRAINT
LC0087,TRANSITIVITY: (SAME_EC0111_EC0119 ∧ SAME_EC0111_EC0120) → SAME_EC0119_EC0120,KEPT [RC0289],동치관계 조건.,VALID_HARD_WORLD_CONSTRAINT
LC0088,SAME_CONSISTENCY: ¬SAME_EC0107_EC0111,DOWNGRADED_TO_CONDITIONAL [RC0290],불확실한 granularity 해석을 hard로 두지 않음.,REVIEW_REQUIRED
LC0089,SAME_CONSISTENCY: ¬SAME_EC0119_EC0120,DOWNGRADED_TO_CONDITIONAL [RC0291],불확실한 granularity 해석을 hard로 두지 않음.,REVIEW_REQUIRED
LC0090,SAME_CONSISTENCY: ¬SAME_EC0107_EC0120,DOWNGRADED_TO_CONDITIONAL [RC0292],불확실한 granularity 해석을 hard로 두지 않음.,REVIEW_REQUIRED
LC0091,SAME_CONSISTENCY: ¬SAME_EC0111_EC0119,DOWNGRADED_TO_CONDITIONAL [RC0293],불확실한 granularity 해석을 hard로 두지 않음.,REVIEW_REQUIRED
LC0092,IMPLICATION: SAME_EC0007_EC0036 → (E_EC0007 ↔ E_EC0036),REPLACED_BY_CLAIM_FACT_MAPPING,사망 claim 셋이 H_KIM_MYEONGSIN_DIED에 각각 정의되어 SAME 없이도 같은 명제로 연결(한 사람은 한 번 죽음). SAME 가설에서 truth equivalence를 끌어내지 않음.,VALID_CONDITIONAL_WORLD_CONSTRAINT
LC0093,IMPLICATION: SAME_EC0007_EC0053 → (E_EC0007 ↔ E_EC0053),REPLACED_BY_CLAIM_FACT_MAPPING,사망 claim 셋이 H_KIM_MYEONGSIN_DIED에 각각 정의되어 SAME 없이도 같은 명제로 연결(한 사람은 한 번 죽음). SAME 가설에서 truth equivalence를 끌어내지 않음.,VALID_CONDITIONAL_WORLD_CONSTRAINT
LC0094,IMPLICATION: SAME_EC0036_EC0053 → (E_EC0036 ↔ E_EC0053),REPLACED_BY_CLAIM_FACT_MAPPING,사망 claim 셋이 H_KIM_MYEONGSIN_DIED에 각각 정의되어 SAME 없이도 같은 명제로 연결(한 사람은 한 번 죽음). SAME 가설에서 truth equivalence를 끌어내지 않음.,VALID_CONDITIONAL_WORLD_CONSTRAINT
LC0095,IMPLICATION: SAME_EC0012_EC0030 → (E_EC0012 ↔ E_EC0030),MODIFIED: scope 조건 추가 [RC0294],same occurrence만으로 truth를 묶지 않음.,INVALID_SAME_OCCURRENCE_TRUTH_COUPLING
LC0097,TRANSITIVITY: (ID_HANBIJANG__HANGA ∧ ID_HANGA__HANJAEUK) → ID_HANBIJANG__HANJAEUK,KEPT [RC0295],동치관계 조건.,VALID_HARD_WORLD_CONSTRAINT
LC0098,TRANSITIVITY: (ID_HANBIJANG__HANJAEUK ∧ ID_HANGA__HANJAEUK) → ID_HANBIJANG__HANGA,KEPT [RC0296],동치관계 조건.,VALID_HARD_WORLD_CONSTRAINT
LC0099,TRANSITIVITY: (ID_HANBIJANG__HANJAEUK ∧ ID_HANBIJANG__HANGA) → ID_HANGA__HANJAEUK,KEPT [RC0297],동치관계 조건.,VALID_HARD_WORLD_CONSTRAINT
LC0100,MUTUAL_EXCLUSION: ¬(ID_HAGEUP_BOJOJA__HANJAEUK ∧ ID_HAGEUP_BOJOJA__YUJEHUI),KEPT [RC0298],구조 가설끼리의 배제(사료 내용 고정 아님).,VALID_HARD_WORLD_CONSTRAINT
LC0101,TEMPORAL_ANCHOR: E_EC0065 → T_EC0065 ∈ [1793-02-22 밤],DOWNGRADED_TO_CONDITIONAL [RC0299],날짜 귀속이 불확실.,REVIEW_REQUIRED
LC0102,TEMPORAL_ANCHOR: E_EC0066 → T_EC0066 ∈ [1793-02-22 밤],KEPT_AS_TEMPORAL_CONSTRAINT [RC0300],claimed date(CT_)와 historical time(T_)을 분리; 조건부 함의는 유지.,VALID_HARD_WORLD_CONSTRAINT
LC0103,TEMPORAL_ANCHOR: E_EC0067 → T_EC0067 ∈ [1793-02-22 밤],KEPT_AS_TEMPORAL_CONSTRAINT [RC0301],claimed date(CT_)와 historical time(T_)을 분리; 조건부 함의는 유지.,VALID_HARD_WORLD_CONSTRAINT
LC0104,TEMPORAL_ANCHOR: E_EC0068 → T_EC0068 ∈ [1793-02-22 밤],KEPT_AS_TEMPORAL_CONSTRAINT [RC0302],claimed date(CT_)와 historical time(T_)을 분리; 조건부 함의는 유지.,VALID_HARD_WORLD_CONSTRAINT
LC0105,TEMPORAL_ANCHOR: E_EC0069 → T_EC0069 ∈ [1793-02-22 밤],KEPT_AS_TEMPORAL_CONSTRAINT [RC0303],claimed date(CT_)와 historical time(T_)을 분리; 조건부 함의는 유지.,VALID_HARD_WORLD_CONSTRAINT
LC0106,TEMPORAL_ANCHOR: E_EC0070 → T_EC0070 ∈ [1793-02-22 밤],KEPT_AS_TEMPORAL_CONSTRAINT [RC0304],claimed date(CT_)와 historical time(T_)을 분리; 조건부 함의는 유지.,VALID_HARD_WORLD_CONSTRAINT
LC0107,TEMPORAL_ANCHOR: E_EC0072 → T_EC0072 ∈ [1793-02 초순],KEPT_AS_TEMPORAL_CONSTRAINT [RC0305],claimed date(CT_)와 historical time(T_)을 분리; 조건부 함의는 유지.,VALID_HARD_WORLD_CONSTRAINT
LC0108,TEMPORAL_ANCHOR: E_EC0073 → T_EC0073 ∈ [1793-02 초순 이후],KEPT_AS_TEMPORAL_CONSTRAINT [RC0306],claimed date(CT_)와 historical time(T_)을 분리; 조건부 함의는 유지.,VALID_HARD_WORLD_CONSTRAINT
LC0109,TEMPORAL_ANCHOR: E_EC0081 → T_EC0081 ∈ [1793-02-28 밤],KEPT_AS_TEMPORAL_CONSTRAINT [RC0307],claimed date(CT_)와 historical time(T_)을 분리; 조건부 함의는 유지.,VALID_HARD_WORLD_CONSTRAINT
LC0110,TEMPORAL_ANCHOR: E_EC0082 → T_EC0082 ∈ [1793-02-28 밤],KEPT_AS_TEMPORAL_CONSTRAINT [RC0308],claimed date(CT_)와 historical time(T_)을 분리; 조건부 함의는 유지.,VALID_HARD_WORLD_CONSTRAINT
LC0111,TEMPORAL_ANCHOR: E_EC0083 → T_EC0083 ∈ [1793-02-28 밤],KEPT_AS_TEMPORAL_CONSTRAINT [RC0309],claimed date(CT_)와 historical time(T_)을 분리; 조건부 함의는 유지.,VALID_HARD_WORLD_CONSTRAINT
LC0112,TEMPORAL_ANCHOR: E_EC0084 → T_EC0084 ∈ [1793-02-28 밤~29 새벽],KEPT_AS_TEMPORAL_CONSTRAINT [RC0310],claimed date(CT_)와 historical time(T_)을 분리; 조건부 함의는 유지.,VALID_HARD_WORLD_CONSTRAINT
LC0113,TEMPORAL_ANCHOR: E_EC0088 → T_EC0088 ∈ [1793-02-29],KEPT_AS_TEMPORAL_CONSTRAINT [RC0311],claimed date(CT_)와 historical time(T_)을 분리; 조건부 함의는 유지.,VALID_HARD_WORLD_CONSTRAINT
LC0114,TEMPORAL_ANCHOR: E_EC0089 → T_EC0089 ∈ [1793-02-29],KEPT_AS_TEMPORAL_CONSTRAINT [RC0312],claimed date(CT_)와 historical time(T_)을 분리; 조건부 함의는 유지.,VALID_HARD_WORLD_CONSTRAINT
LC0115,TEMPORAL_ANCHOR: E_EC0090 → T_EC0090 ∈ [1793-02-29],KEPT_AS_TEMPORAL_CONSTRAINT [RC0313],claimed date(CT_)와 historical time(T_)을 분리; 조건부 함의는 유지.,VALID_HARD_WORLD_CONSTRAINT
LC0116,TEMPORAL_ANCHOR: E_EC0093 → T_EC0093 ∈ [1793-02-29],KEPT_AS_TEMPORAL_CONSTRAINT [RC0314],claimed date(CT_)와 historical time(T_)을 분리; 조건부 함의는 유지.,VALID_HARD_WORLD_CONSTRAINT
LC0117,TEMPORAL_ANCHOR: E_EC0094 → T_EC0094 ∈ [1793-02-29],KEPT_AS_TEMPORAL_CONSTRAINT [RC0315],claimed date(CT_)와 historical time(T_)을 분리; 조건부 함의는 유지.,VALID_HARD_WORLD_CONSTRAINT
LC0118,TEMPORAL_ANCHOR: E_EC0095 → T_EC0095 ∈ [1793-02-29],KEPT_AS_TEMPORAL_CONSTRAINT [RC0316],claimed date(CT_)와 historical time(T_)을 분리; 조건부 함의는 유지.,VALID_HARD_WORLD_CONSTRAINT
LC0119,TEMPORAL_ANCHOR: E_EC0096 → T_EC0096 ∈ [1793-03-04],KEPT_AS_TEMPORAL_CONSTRAINT [RC0317],claimed date(CT_)와 historical time(T_)을 분리; 조건부 함의는 유지.,VALID_HARD_WORLD_CONSTRAINT
LC0120,TEMPORAL_ANCHOR: E_EC0097 → T_EC0097 ∈ [1793-03-04],KEPT_AS_TEMPORAL_CONSTRAINT [RC0318],claimed date(CT_)와 historical time(T_)을 분리; 조건부 함의는 유지.,VALID_HARD_WORLD_CONSTRAINT
LC0121,TEMPORAL_ANCHOR: E_EC0098 → T_EC0098 ∈ [1793-03-04],KEPT_AS_TEMPORAL_CONSTRAINT [RC0319],claimed date(CT_)와 historical time(T_)을 분리; 조건부 함의는 유지.,VALID_HARD_WORLD_CONSTRAINT
LC0122,TEMPORAL_ANCHOR: E_EC0099 → T_EC0099 ∈ [1793-03-04],KEPT_AS_TEMPORAL_CONSTRAINT [RC0320],claimed date(CT_)와 historical time(T_)을 분리; 조건부 함의는 유지.,VALID_HARD_WORLD_CONSTRAINT
LC0123,TEMPORAL_ANCHOR: E_EC0100 → T_EC0100 ∈ [1793-03-04],KEPT_AS_TEMPORAL_CONSTRAINT [RC0321],claimed date(CT_)와 historical time(T_)을 분리; 조건부 함의는 유지.,VALID_HARD_WORLD_CONSTRAINT
LC0124,TEMPORAL_ANCHOR: E_EC0101 → T_EC0101 ∈ [1793-03-04],KEPT_AS_TEMPORAL_CONSTRAINT [RC0322],claimed date(CT_)와 historical time(T_)을 분리; 조건부 함의는 유지.,VALID_HARD_WORLD_CONSTRAINT
LC0125,TEMPORAL_ANCHOR: E_EC0102 → T_EC0102 ∈ [1793-03-04],KEPT_AS_TEMPORAL_CONSTRAINT [RC0323],claimed date(CT_)와 historical time(T_)을 분리; 조건부 함의는 유지.,VALID_HARD_WORLD_CONSTRAINT
LC0126,TEMPORAL_ORDER: (E_EC0008 ∧ REF_EC0008_DETENTION__EC0004) → T_EC0004 < T_EC0007,KEPT [RC0324],referent 가설 조건부 시간 순서.,VALID_CONDITIONAL_WORLD_CONSTRAINT
LC0127,TEMPORAL_ORDER: (E_EC0008 ∧ REF_EC0008_INVESTIGATION__EC0005) → T_EC0005 < T_EC0007,KEPT [RC0325],referent 가설 조건부 시간 순서.,VALID_CONDITIONAL_WORLD_CONSTRAINT
LC0128,TEMPORAL_ORDER: (E_EC0040 ∧ REF_EC0040_KIMDEATH__EC0036) → T_EC0036 < T_EC0039,KEPT [RC0326],referent 가설 조건부 시간 순서.,VALID_CONDITIONAL_WORLD_CONSTRAINT
LC0129,TEMPORAL_ORDER: (E_EC0073 ∧ REF_EC0073_THEN__EC0072) → T_EC0072 < T_EC0073,KEPT [RC0327],referent 가설 조건부 시간 순서.,VALID_CONDITIONAL_WORLD_CONSTRAINT
LC0130,TEMPORAL_ORDER: (E_EC0103 ∧ REF_EC0103_ARREST__EC0104) → T_EC0103 < T_EC0104,KEPT [RC0328],referent 가설 조건부 시간 순서.,VALID_CONDITIONAL_WORLD_CONSTRAINT
LC0131,TEMPORAL_ORDER: (E_EC0106 ∧ REF_EC0106_INTERROGATION__EC0105) → T_EC0105 < T_EC0106,KEPT [RC0329],referent 가설 조건부 시간 순서.,VALID_CONDITIONAL_WORLD_CONSTRAINT
LC0132,TEMPORAL_ORDER: (E_EC0107 ∧ REF_EC0107_AFTER__EC0106) → T_EC0106 < T_EC0107,KEPT [RC0330],referent 가설 조건부 시간 순서.,VALID_CONDITIONAL_WORLD_CONSTRAINT
