rule_id,step,rule_type,world_variable,variable_level,affected_node_candidates,affected_edge_candidates,effect_if_true,effect_if_false,notes
MR_S1,STEP1,NODE_ACTIVATION,(all activation variables),,,,"36의 activation_condition이 W에서 TRUE인 node만 활성. H_* 사건 사실 → 그 사실을 표현하는 occurrence node, E_* → claim 고유 occurrence/act, J_* → 판단 act.",비활성(그 world에 없음). 미할당 변수는 UNDETERMINED로 두고 활성화하지 않음.,ATTRIBUTE_ONLY·REVIEW_REQUIRED는 어떤 world에서도 활성화하지 않음. H_* 자체는 node가 아님.
MR_S2,STEP2,IDENTITY_APPLICATION,ID_*,IDENTITY_HYPOTHESIS,,,"W에서 TRUE인 동일성만 적용: 행위자 label·actor chain 통합, CONDITIONAL_ON_IDENTITY edge 조건 충족.",적용하지 않음: surface form 그대로 별개 행위자.,"동일성만으로 node를 합치지 않음(합치기는 STEP3–4의 SAME으로만). DIRECTLY_IDENTIFIED(풍각 김생원=김명신, 흥덕 김생원=김갑득, 남편=재돌)만 template 서술에서 바로 사용."
MR_S3,STEP3,SAME_EQUIVALENCE_CLOSURE,SAME_*,SAME_OCCURRENCE_HYPOTHESIS,,,TRUE인 SAME 쌍으로 반사·대칭·추이 closure(union-find) 계산.,FALSE로 할당된 SAME 쌍이 closure 안에 들어가면 LOGICALLY_INVALID(RC0275–RC0289 추이성).,OCCURRENCE_GRANULARITY_ACT_LEVEL이 참이면 행위가 다른 SAME 쌍은 거짓이어야 함(RC0290–RC0293).
MR_S4,STEP4,COLLAPSE (CONDITIONAL_ON_SAME_OCCURRENCE),SAME_*,SAME_OCCURRENCE_HYPOTHESIS,,,"같은 class의 candidate node를 하나의 world occurrence node로 collapse. 구성원 중 하나라도 활성이면 활성. 시간 anchor는 교집합(같은 occurrence는 T 하나, RC0331–RC0348).",collapse 없음(각 referent가 별개 node).,anchor 교집합이 비면 TEMPORALLY_INVALID. 같은 사건 사실 템플릿의 referent가 SAME 없이 둘 이상 활성이면 TEMPLATE_SPLIT_REVIEW 표시(무효 처리는 하지 않음).
MR_S5,STEP5,EDGE_ACTIVATION,(edge condition variables),,,,두 endpoint(collapse 후)가 활성이고 조건이 TRUE인 edge만 활성. HARD는 node 존재 외 조건 없음. collapse된 endpoint로 다시 연결.,비활성. 조건이 미정이면 UNDETERMINED로 두고 활성화하지 않음.,EVIDENCE_ONLY·REVIEW_REQUIRED edge는 어떤 world에서도 활성화하지 않음.
MR_S6,STEP6,SELF_LOOP_REMOVAL,SAME_*,SAME_OCCURRENCE_HYPOTHESIS,,,collapse로 양 끝이 같은 node가 된 edge 제거.,,제거 목록은 materialize 결과에 기록.
MR_S7,STEP7,CYCLE_CHECK (POSSIBLE_WORLD_FILTER),(world + temporal assignment),,,,"선후 edge(BEFORE·PROCEDURAL)로 cycle이 생기면, DURING 포함과 선후가 충돌하면, 시간 할당이 활성 edge·anchor와 어긋나면 그 world + temporal assignment는 TEMPORALLY_INVALID.",,LOGICALLY_VALID이면서 TEMPORALLY_INVALID인 world가 있을 수 있으며 이 filter로 제거할 수 있음.
MR_S8,ALL,NO_EDGE_SEMANTICS,,,,,edge 없음 = 현재 자료로 선후를 모름.,,"동시성도, 누락 사건도 뜻하지 않음. 날짜쌍 edge는 전이적 축약을 하지 않음(중간 node가 없는 world가 있으므로)."
MR0001,STEP1,NODE_ACTIVATION,E_EC0002,CLAIM_CONTENT,DN_EC0002,,DN_EC0002 활성,해당 node 비활성,claim 고유 occurrence/act.
MR0002,STEP1,NODE_ACTIVATION,E_EC0003,CLAIM_CONTENT,DN_EC0003,,DN_EC0003 활성,해당 node 비활성,claim 고유 occurrence/act.
MR0003,STEP1,NODE_ACTIVATION,E_EC0005,CLAIM_CONTENT,DN_EC0005,,DN_EC0005 활성,해당 node 비활성,claim 고유 occurrence/act.
MR0004,STEP5,EDGE_CONDITION,E_EC0008,CLAIM_CONTENT,,TE0001|TE0002,edge 2개의 조건 충족(다른 조건도 참이어야 함),해당 edge 비활성(선후 모름),주장 날짜/상대시간 claim의 참.
MR0005,STEP1,NODE_ACTIVATION,E_EC0009,CLAIM_CONTENT,DN_EC0009,,DN_EC0009 활성,해당 node 비활성,claim 고유 occurrence/act.
MR0006,STEP1,NODE_ACTIVATION,E_EC0017,CLAIM_CONTENT,DN_EC0017,,DN_EC0017 활성,해당 node 비활성,claim 고유 occurrence/act.
MR0007,STEP1,NODE_ACTIVATION,E_EC0019,CLAIM_CONTENT,DN_EC0019,,DN_EC0019 활성,해당 node 비활성,claim 고유 occurrence/act.
MR0008,STEP1,NODE_ACTIVATION,E_EC0020,CLAIM_CONTENT,DN_EC0020,,DN_EC0020 활성,해당 node 비활성,claim 고유 occurrence/act.
MR0009,STEP1,NODE_ACTIVATION,E_EC0021,CLAIM_CONTENT,DN_EC0021,,DN_EC0021 활성,해당 node 비활성,claim 고유 occurrence/act.
MR0010,STEP1,NODE_ACTIVATION,E_EC0023,CLAIM_CONTENT,DN_EC0023,,DN_EC0023 활성,해당 node 비활성,claim 고유 occurrence/act.
MR0011,STEP1,NODE_ACTIVATION,E_EC0026,CLAIM_CONTENT,DN_EC0026,,DN_EC0026 활성,해당 node 비활성,claim 고유 occurrence/act.
MR0012,STEP1,NODE_ACTIVATION,E_EC0031,CLAIM_CONTENT,DN_EC0031,,DN_EC0031 활성,해당 node 비활성,claim 고유 occurrence/act.
MR0013,STEP1,NODE_ACTIVATION,E_EC0032,CLAIM_CONTENT,DN_EC0032,,DN_EC0032 활성,해당 node 비활성,claim 고유 occurrence/act.
MR0014,STEP1,NODE_ACTIVATION,E_EC0033,CLAIM_CONTENT,DN_EC0033,,DN_EC0033 활성,해당 node 비활성,claim 고유 occurrence/act.
MR0015,STEP1,NODE_ACTIVATION,E_EC0035,CLAIM_CONTENT,DN_EC0035,,DN_EC0035 활성,해당 node 비활성,claim 고유 occurrence/act.
MR0016,STEP5,EDGE_CONDITION,E_EC0040,CLAIM_CONTENT,,TE0003,edge 1개의 조건 충족(다른 조건도 참이어야 함),해당 edge 비활성(선후 모름),주장 날짜/상대시간 claim의 참.
MR0017,STEP1,NODE_ACTIVATION,E_EC0042,CLAIM_CONTENT,DN_EC0042,,DN_EC0042 활성,해당 node 비활성,claim 고유 occurrence/act.
MR0018,STEP1,NODE_ACTIVATION,E_EC0044,CLAIM_CONTENT,DN_EC0044,,DN_EC0044 활성,해당 node 비활성,claim 고유 occurrence/act.
MR0019,STEP1,NODE_ACTIVATION,E_EC0045,CLAIM_CONTENT,DN_EC0045,,DN_EC0045 활성,해당 node 비활성,claim 고유 occurrence/act.
MR0020,STEP1,NODE_ACTIVATION,E_EC0048,CLAIM_CONTENT,DN_EC0048,,DN_EC0048 활성,해당 node 비활성,claim 고유 occurrence/act.
MR0021,STEP5,EDGE_CONDITION,E_EC0048,CLAIM_CONTENT,,TE0015,edge 1개의 조건 충족(다른 조건도 참이어야 함),해당 edge 비활성(선후 모름),주장 날짜/상대시간 claim의 참.
MR0022,STEP1,NODE_ACTIVATION,E_EC0049,CLAIM_CONTENT,DN_EC0049,,DN_EC0049 활성,해당 node 비활성,claim 고유 occurrence/act.
MR0023,STEP5,EDGE_CONDITION,E_EC0049,CLAIM_CONTENT,,TE0016,edge 1개의 조건 충족(다른 조건도 참이어야 함),해당 edge 비활성(선후 모름),주장 날짜/상대시간 claim의 참.
MR0024,STEP1,NODE_ACTIVATION,E_EC0050,CLAIM_CONTENT,DN_EC0050,,DN_EC0050 활성,해당 node 비활성,claim 고유 occurrence/act.
MR0025,STEP1,NODE_ACTIVATION,E_EC0051,CLAIM_CONTENT,DN_EC0051,,DN_EC0051 활성,해당 node 비활성,claim 고유 occurrence/act.
MR0026,STEP1,NODE_ACTIVATION,E_EC0052,CLAIM_CONTENT,DN_EC0052,,DN_EC0052 활성,해당 node 비활성,claim 고유 occurrence/act.
MR0027,STEP1,NODE_ACTIVATION,E_EC0056,CLAIM_CONTENT,DN_EC0056,,DN_EC0056 활성,해당 node 비활성,claim 고유 occurrence/act.
MR0028,STEP1,NODE_ACTIVATION,E_EC0059,CLAIM_CONTENT,DN_EC0059,,DN_EC0059 활성,해당 node 비활성,claim 고유 occurrence/act.
MR0029,STEP5,EDGE_CONDITION,E_EC0060,CLAIM_CONTENT,,TE0013,edge 1개의 조건 충족(다른 조건도 참이어야 함),해당 edge 비활성(선후 모름),주장 날짜/상대시간 claim의 참.
MR0030,STEP1,NODE_ACTIVATION,E_EC0061,CLAIM_CONTENT,DN_EC0061,,DN_EC0061 활성,해당 node 비활성,claim 고유 occurrence/act.
MR0031,STEP1,NODE_ACTIVATION,E_EC0062,CLAIM_CONTENT,DN_EC0062,,DN_EC0062 활성,해당 node 비활성,claim 고유 occurrence/act.
MR0032,STEP1,NODE_ACTIVATION,E_EC0063,CLAIM_CONTENT,DN_EC0063,,DN_EC0063 활성,해당 node 비활성,claim 고유 occurrence/act.
MR0033,STEP5,EDGE_CONDITION,E_EC0063,CLAIM_CONTENT,,TE0015|TE0016|TE0017|TE0018|TE0019,edge 5개의 조건 충족(다른 조건도 참이어야 함),해당 edge 비활성(선후 모름),주장 날짜/상대시간 claim의 참.
MR0034,STEP1,NODE_ACTIVATION,E_EC0065,CLAIM_CONTENT,DN_EC0065,,DN_EC0065 활성,해당 node 비활성,claim 고유 occurrence/act.
MR0035,STEP5,EDGE_CONDITION,E_EC0065,CLAIM_CONTENT,,TE0065|TE0066|TE0067|TE0068|TE0069|TE0070|TE0071|TE0072|TE0073|TE0074|TE0075|TE0076|TE0077|TE0078|TE0079|TE0080|TE0081|TE0082|TE0083|TE0084|TE0085|TE0086|TE0087|TE0088|TE0089|TE0090|TE0091|TE0092|TE0093|TE0094|TE0095|TE0096|TE0097|TE0098|TE0099|TE0100|TE0101|TE0102|TE0103|TE0104|TE0105|TE0229,edge 42개의 조건 충족(다른 조건도 참이어야 함),해당 edge 비활성(선후 모름),주장 날짜/상대시간 claim의 참.
MR0036,STEP1,NODE_ACTIVATION,E_EC0066,CLAIM_CONTENT,DN_EC0066,,DN_EC0066 활성,해당 node 비활성,claim 고유 occurrence/act.
MR0037,STEP5,EDGE_CONDITION,E_EC0066,CLAIM_CONTENT,,TE0106|TE0107|TE0108|TE0109|TE0110|TE0111|TE0112|TE0113|TE0114|TE0115|TE0116|TE0117|TE0118|TE0119|TE0120|TE0121|TE0122|TE0123|TE0124|TE0125|TE0126|TE0127|TE0128|TE0129|TE0130|TE0131|TE0132|TE0133|TE0134|TE0135|TE0136|TE0137|TE0138|TE0139|TE0140|TE0141|TE0142|TE0143|TE0144|TE0145|TE0146|TE0230,edge 42개의 조건 충족(다른 조건도 참이어야 함),해당 edge 비활성(선후 모름),주장 날짜/상대시간 claim의 참.
MR0038,STEP1,NODE_ACTIVATION,E_EC0069,CLAIM_CONTENT,DN_EC0069,,DN_EC0069 활성,해당 node 비활성,claim 고유 occurrence/act.
MR0039,STEP5,EDGE_CONDITION,E_EC0069,CLAIM_CONTENT,,TE0147|TE0148|TE0149|TE0150|TE0151|TE0152|TE0153|TE0154|TE0155|TE0156|TE0157|TE0158|TE0159|TE0160|TE0161|TE0162|TE0163|TE0164|TE0165|TE0166|TE0167|TE0168|TE0169|TE0170|TE0171|TE0172|TE0173|TE0174|TE0175|TE0176|TE0177|TE0178|TE0179|TE0180|TE0181|TE0182|TE0183|TE0184|TE0185|TE0186|TE0187|TE0231,edge 42개의 조건 충족(다른 조건도 참이어야 함),해당 edge 비활성(선후 모름),주장 날짜/상대시간 claim의 참.
MR0040,STEP5,EDGE_CONDITION,E_EC0070,CLAIM_CONTENT,,TE0188|TE0189|TE0190|TE0191|TE0192|TE0193|TE0194|TE0195|TE0196|TE0197|TE0198|TE0199|TE0200|TE0201|TE0202|TE0203|TE0204|TE0205|TE0206|TE0207|TE0208|TE0209|TE0210|TE0211|TE0212|TE0213|TE0214|TE0215|TE0216|TE0217|TE0218|TE0219|TE0220|TE0221|TE0222|TE0223|TE0224|TE0225|TE0226|TE0227|TE0228|TE0232,edge 42개의 조건 충족(다른 조건도 참이어야 함),해당 edge 비활성(선후 모름),주장 날짜/상대시간 claim의 참.
MR0041,STEP1,NODE_ACTIVATION,E_EC0072,CLAIM_CONTENT,DN_EC0072,,DN_EC0072 활성,해당 node 비활성,claim 고유 occurrence/act.
MR0042,STEP5,EDGE_CONDITION,E_EC0072,CLAIM_CONTENT,,TE0229|TE0230|TE0231|TE0232|TE0233|TE0234|TE0235|TE0236|TE0237|TE0238|TE0239|TE0240|TE0241|TE0242|TE0243|TE0244|TE0245|TE0246|TE0247|TE0248|TE0249|TE0250|TE0251|TE0252|TE0253|TE0254|TE0255|TE0256|TE0257|TE0258|TE0259|TE0260|TE0261|TE0262|TE0263|TE0264|TE0265|TE0266|TE0267|TE0268|TE0269|TE0270|TE0271|TE0272|TE0273,edge 45개의 조건 충족(다른 조건도 참이어야 함),해당 edge 비활성(선후 모름),주장 날짜/상대시간 claim의 참.
MR0043,STEP1,NODE_ACTIVATION,E_EC0073,CLAIM_CONTENT,DN_EC0073,,DN_EC0073 활성,해당 node 비활성,claim 고유 occurrence/act.
MR0044,STEP5,EDGE_CONDITION,E_EC0073,CLAIM_CONTENT,,TE0004,edge 1개의 조건 충족(다른 조건도 참이어야 함),해당 edge 비활성(선후 모름),주장 날짜/상대시간 claim의 참.
MR0045,STEP1,NODE_ACTIVATION,E_EC0074,CLAIM_CONTENT,DN_EC0074,,DN_EC0074 활성,해당 node 비활성,claim 고유 occurrence/act.
MR0046,STEP5,EDGE_CONDITION,E_EC0074,CLAIM_CONTENT,,TE0011,edge 1개의 조건 충족(다른 조건도 참이어야 함),해당 edge 비활성(선후 모름),주장 날짜/상대시간 claim의 참.
MR0047,STEP1,NODE_ACTIVATION,E_EC0075,CLAIM_CONTENT,DN_EC0075,,DN_EC0075 활성,해당 node 비활성,claim 고유 occurrence/act.
MR0048,STEP5,EDGE_CONDITION,E_EC0075,CLAIM_CONTENT,,TE0011,edge 1개의 조건 충족(다른 조건도 참이어야 함),해당 edge 비활성(선후 모름),주장 날짜/상대시간 claim의 참.
MR0049,STEP1,NODE_ACTIVATION,E_EC0076,CLAIM_CONTENT,DN_EC0076,,DN_EC0076 활성,해당 node 비활성,claim 고유 occurrence/act.
MR0050,STEP1,NODE_ACTIVATION,E_EC0077,CLAIM_CONTENT,DN_EC0077,,DN_EC0077 활성,해당 node 비활성,claim 고유 occurrence/act.
MR0051,STEP5,EDGE_CONDITION,E_EC0077,CLAIM_CONTENT,,TE0008,edge 1개의 조건 충족(다른 조건도 참이어야 함),해당 edge 비활성(선후 모름),주장 날짜/상대시간 claim의 참.
MR0052,STEP1,NODE_ACTIVATION,E_EC0079,CLAIM_CONTENT,DN_EC0079,,DN_EC0079 활성,해당 node 비활성,claim 고유 occurrence/act.
MR0053,STEP5,EDGE_CONDITION,E_EC0079,CLAIM_CONTENT,,TE0008,edge 1개의 조건 충족(다른 조건도 참이어야 함),해당 edge 비활성(선후 모름),주장 날짜/상대시간 claim의 참.
MR0054,STEP1,NODE_ACTIVATION,E_EC0081,CLAIM_CONTENT,DN_EC0081,,DN_EC0081 활성,해당 node 비활성,claim 고유 occurrence/act.
MR0055,STEP5,EDGE_CONDITION,E_EC0081,CLAIM_CONTENT,,TE0065|TE0106|TE0147|TE0188|TE0233|TE0274|TE0275|TE0276|TE0277|TE0278|TE0279|TE0280|TE0281|TE0282|TE0283|TE0284|TE0285|TE0286|TE0287|TE0288|TE0289|TE0290|TE0291|TE0292|TE0293|TE0294|TE0295|TE0296|TE0297|TE0298|TE0299|TE0300|TE0301|TE0302|TE0303|TE0304|TE0305|TE0306|TE0307|TE0308|TE0309|TE0310,edge 42개의 조건 충족(다른 조건도 참이어야 함),해당 edge 비활성(선후 모름),주장 날짜/상대시간 claim의 참.
MR0056,STEP1,NODE_ACTIVATION,E_EC0082,CLAIM_CONTENT,DN_EC0082,,DN_EC0082 활성,해당 node 비활성,claim 고유 occurrence/act.
MR0057,STEP5,EDGE_CONDITION,E_EC0082,CLAIM_CONTENT,,TE0066|TE0107|TE0148|TE0189|TE0234|TE0311|TE0312|TE0313|TE0314|TE0315|TE0316|TE0317|TE0318|TE0319|TE0320|TE0321|TE0322|TE0323|TE0324|TE0325|TE0326|TE0327|TE0328|TE0329|TE0330|TE0331|TE0332|TE0333|TE0334|TE0335|TE0336|TE0337|TE0338|TE0339|TE0340|TE0341|TE0342|TE0343|TE0344|TE0345|TE0346|TE0347,edge 42개의 조건 충족(다른 조건도 참이어야 함),해당 edge 비활성(선후 모름),주장 날짜/상대시간 claim의 참.
MR0058,STEP1,NODE_ACTIVATION,E_EC0083,CLAIM_CONTENT,DN_EC0083,,DN_EC0083 활성,해당 node 비활성,claim 고유 occurrence/act.
MR0059,STEP5,EDGE_CONDITION,E_EC0083,CLAIM_CONTENT,,TE0067|TE0108|TE0149|TE0190|TE0235|TE0348|TE0349|TE0350|TE0351|TE0352|TE0353|TE0354|TE0355|TE0356|TE0357|TE0358|TE0359|TE0360|TE0361|TE0362|TE0363|TE0364|TE0365|TE0366|TE0367|TE0368|TE0369|TE0370|TE0371|TE0372|TE0373|TE0374|TE0375|TE0376|TE0377|TE0378|TE0379|TE0380|TE0381|TE0382|TE0383|TE0384,edge 42개의 조건 충족(다른 조건도 참이어야 함),해당 edge 비활성(선후 모름),주장 날짜/상대시간 claim의 참.
MR0060,STEP1,NODE_ACTIVATION,E_EC0084,CLAIM_CONTENT,DN_EC0084,,DN_EC0084 활성,해당 node 비활성,claim 고유 occurrence/act.
MR0061,STEP5,EDGE_CONDITION,E_EC0084,CLAIM_CONTENT,,TE0068|TE0109|TE0150|TE0191|TE0236|TE0385|TE0386|TE0387|TE0388|TE0389|TE0390|TE0391|TE0392|TE0393|TE0394|TE0395|TE0396|TE0397|TE0398|TE0399|TE0400|TE0401|TE0402|TE0403|TE0404|TE0405|TE0406|TE0407|TE0408|TE0409|TE0410|TE0411|TE0412|TE0413|TE0414|TE0415|TE0416|TE0417,edge 38개의 조건 충족(다른 조건도 참이어야 함),해당 edge 비활성(선후 모름),주장 날짜/상대시간 claim의 참.
MR0062,STEP1,NODE_ACTIVATION,E_EC0087,CLAIM_CONTENT,DN_EC0087,,DN_EC0087 활성,해당 node 비활성,claim 고유 occurrence/act.
MR0063,STEP1,NODE_ACTIVATION,E_EC0089,CLAIM_CONTENT,DN_EC0089,,DN_EC0089 활성,해당 node 비활성,claim 고유 occurrence/act.
MR0064,STEP5,EDGE_CONDITION,E_EC0089,CLAIM_CONTENT,,TE0069|TE0110|TE0151|TE0192|TE0237|TE0274|TE0311|TE0348|TE0418|TE0419|TE0420|TE0421|TE0422|TE0423|TE0424|TE0425|TE0426|TE0427|TE0428|TE0429|TE0430|TE0431|TE0432|TE0433|TE0434|TE0435|TE0436|TE0437|TE0438|TE0439|TE0440|TE0441|TE0442|TE0443|TE0444|TE0445|TE0446|TE0447|TE0448|TE0449|TE0450,edge 41개의 조건 충족(다른 조건도 참이어야 함),해당 edge 비활성(선후 모름),주장 날짜/상대시간 claim의 참.
MR0065,STEP1,NODE_ACTIVATION,E_EC0093,CLAIM_CONTENT,DN_EC0093,,DN_EC0093 활성,해당 node 비활성,claim 고유 occurrence/act.
MR0066,STEP5,EDGE_CONDITION,E_EC0093,CLAIM_CONTENT,,TE0070|TE0111|TE0152|TE0193|TE0238|TE0275|TE0312|TE0349|TE0451|TE0452|TE0453|TE0454|TE0455|TE0456|TE0457|TE0458|TE0459|TE0460|TE0461|TE0462|TE0463|TE0464|TE0465|TE0466|TE0467|TE0468|TE0469|TE0470|TE0471|TE0472|TE0473|TE0474|TE0475|TE0476|TE0477|TE0478|TE0479|TE0480|TE0481|TE0482|TE0483,edge 41개의 조건 충족(다른 조건도 참이어야 함),해당 edge 비활성(선후 모름),주장 날짜/상대시간 claim의 참.
MR0067,STEP1,NODE_ACTIVATION,E_EC0094,CLAIM_CONTENT,DN_EC0094,,DN_EC0094 활성,해당 node 비활성,claim 고유 occurrence/act.
MR0068,STEP5,EDGE_CONDITION,E_EC0094,CLAIM_CONTENT,,TE0071|TE0112|TE0153|TE0194|TE0239|TE0276|TE0313|TE0350|TE0484|TE0485|TE0486|TE0487|TE0488|TE0489|TE0490|TE0491|TE0492|TE0493|TE0494|TE0495|TE0496|TE0497|TE0498|TE0499|TE0500|TE0501|TE0502|TE0503|TE0504|TE0505|TE0506|TE0507|TE0508|TE0509|TE0510|TE0511|TE0512|TE0513|TE0514|TE0515|TE0516,edge 41개의 조건 충족(다른 조건도 참이어야 함),해당 edge 비활성(선후 모름),주장 날짜/상대시간 claim의 참.
MR0069,STEP1,NODE_ACTIVATION,E_EC0095,CLAIM_CONTENT,DN_EC0095,,DN_EC0095 활성,해당 node 비활성,claim 고유 occurrence/act.
MR0070,STEP5,EDGE_CONDITION,E_EC0095,CLAIM_CONTENT,,TE0072|TE0113|TE0154|TE0195|TE0240|TE0277|TE0314|TE0351|TE0517|TE0518|TE0519|TE0520|TE0521|TE0522|TE0523|TE0524|TE0525|TE0526|TE0527|TE0528|TE0529|TE0530|TE0531|TE0532|TE0533|TE0534|TE0535|TE0536|TE0537|TE0538|TE0539|TE0540|TE0541|TE0542|TE0543|TE0544|TE0545|TE0546|TE0547|TE0548|TE0549,edge 41개의 조건 충족(다른 조건도 참이어야 함),해당 edge 비활성(선후 모름),주장 날짜/상대시간 claim의 참.
MR0071,STEP1,NODE_ACTIVATION,E_EC0096,CLAIM_CONTENT,DN_EC0096,,DN_EC0096 활성,해당 node 비활성,claim 고유 occurrence/act.
MR0072,STEP5,EDGE_CONDITION,E_EC0096,CLAIM_CONTENT,,TE0010|TE0073|TE0114|TE0155|TE0196|TE0241|TE0278|TE0315|TE0352|TE0385|TE0418|TE0451|TE0484|TE0517|TE0550|TE0551|TE0552|TE0553|TE0554|TE0555|TE0556|TE0557|TE0558|TE0559|TE0560|TE0561|TE0562|TE0563|TE0564|TE0565|TE0566|TE0567|TE0568|TE0569|TE0570|TE0571|TE0572|TE0573|TE0574|TE0575,edge 40개의 조건 충족(다른 조건도 참이어야 함),해당 edge 비활성(선후 모름),주장 날짜/상대시간 claim의 참.
MR0073,STEP1,NODE_ACTIVATION,E_EC0097,CLAIM_CONTENT,DN_EC0097,,DN_EC0097 활성,해당 node 비활성,claim 고유 occurrence/act.
MR0074,STEP5,EDGE_CONDITION,E_EC0097,CLAIM_CONTENT,,TE0010|TE0074|TE0115|TE0156|TE0197|TE0242|TE0279|TE0316|TE0353|TE0386|TE0419|TE0452|TE0485|TE0518|TE0576|TE0577|TE0578|TE0579|TE0580|TE0581|TE0582|TE0583|TE0584|TE0585|TE0586|TE0587|TE0588|TE0589|TE0590|TE0591|TE0592|TE0593|TE0594|TE0595|TE0596|TE0597|TE0598|TE0599|TE0600|TE0601,edge 40개의 조건 충족(다른 조건도 참이어야 함),해당 edge 비활성(선후 모름),주장 날짜/상대시간 claim의 참.
MR0075,STEP1,NODE_ACTIVATION,E_EC0098,CLAIM_CONTENT,DN_EC0098,,DN_EC0098 활성,해당 node 비활성,claim 고유 occurrence/act.
MR0076,STEP5,EDGE_CONDITION,E_EC0098,CLAIM_CONTENT,,TE0075|TE0116|TE0157|TE0198|TE0243|TE0280|TE0317|TE0354|TE0387|TE0420|TE0453|TE0486|TE0519|TE0602|TE0603|TE0604|TE0605|TE0606|TE0607|TE0608|TE0609|TE0610|TE0611|TE0612|TE0613|TE0614|TE0615|TE0616|TE0617|TE0618|TE0619|TE0620|TE0621|TE0622|TE0623|TE0624|TE0625|TE0626|TE0627,edge 39개의 조건 충족(다른 조건도 참이어야 함),해당 edge 비활성(선후 모름),주장 날짜/상대시간 claim의 참.
MR0077,STEP1,NODE_ACTIVATION,E_EC0099,CLAIM_CONTENT,DN_EC0099,,DN_EC0099 활성,해당 node 비활성,claim 고유 occurrence/act.
MR0078,STEP5,EDGE_CONDITION,E_EC0099,CLAIM_CONTENT,,TE0076|TE0117|TE0158|TE0199|TE0244|TE0281|TE0318|TE0355|TE0388|TE0421|TE0454|TE0487|TE0520|TE0628|TE0629|TE0630|TE0631|TE0632|TE0633|TE0634|TE0635|TE0636|TE0637|TE0638|TE0639|TE0640|TE0641|TE0642|TE0643|TE0644|TE0645|TE0646|TE0647|TE0648|TE0649|TE0650|TE0651|TE0652|TE0653,edge 39개의 조건 충족(다른 조건도 참이어야 함),해당 edge 비활성(선후 모름),주장 날짜/상대시간 claim의 참.
MR0079,STEP1,NODE_ACTIVATION,E_EC0100,CLAIM_CONTENT,DN_EC0100,,DN_EC0100 활성,해당 node 비활성,claim 고유 occurrence/act.
MR0080,STEP5,EDGE_CONDITION,E_EC0100,CLAIM_CONTENT,,TE0077|TE0118|TE0159|TE0200|TE0245|TE0282|TE0319|TE0356|TE0389|TE0422|TE0455|TE0488|TE0521|TE0654|TE0655|TE0656|TE0657|TE0658|TE0659|TE0660|TE0661|TE0662|TE0663|TE0664|TE0665|TE0666|TE0667|TE0668|TE0669|TE0670|TE0671|TE0672|TE0673|TE0674|TE0675|TE0676|TE0677|TE0678|TE0679,edge 39개의 조건 충족(다른 조건도 참이어야 함),해당 edge 비활성(선후 모름),주장 날짜/상대시간 claim의 참.
MR0081,STEP1,NODE_ACTIVATION,E_EC0101,CLAIM_CONTENT,DN_EC0101,,DN_EC0101 활성,해당 node 비활성,claim 고유 occurrence/act.
MR0082,STEP5,EDGE_CONDITION,E_EC0101,CLAIM_CONTENT,,TE0078|TE0119|TE0160|TE0201|TE0246|TE0283|TE0320|TE0357|TE0390|TE0423|TE0456|TE0489|TE0522|TE0680|TE0681|TE0682|TE0683|TE0684|TE0685|TE0686|TE0687|TE0688|TE0689|TE0690|TE0691|TE0692|TE0693|TE0694|TE0695|TE0696|TE0697|TE0698|TE0699|TE0700|TE0701|TE0702|TE0703|TE0704|TE0705,edge 39개의 조건 충족(다른 조건도 참이어야 함),해당 edge 비활성(선후 모름),주장 날짜/상대시간 claim의 참.
MR0083,STEP1,NODE_ACTIVATION,E_EC0102,CLAIM_CONTENT,DN_EC0102,,DN_EC0102 활성,해당 node 비활성,claim 고유 occurrence/act.
MR0084,STEP5,EDGE_CONDITION,E_EC0102,CLAIM_CONTENT,,TE0079|TE0120|TE0161|TE0202|TE0247|TE0284|TE0321|TE0358|TE0391|TE0424|TE0457|TE0490|TE0523|TE0706|TE0707|TE0708|TE0709|TE0710|TE0711|TE0712|TE0713|TE0714|TE0715|TE0716|TE0717|TE0718|TE0719|TE0720|TE0721|TE0722|TE0723|TE0724|TE0725|TE0726|TE0727|TE0728|TE0729|TE0730|TE0731,edge 39개의 조건 충족(다른 조건도 참이어야 함),해당 edge 비활성(선후 모름),주장 날짜/상대시간 claim의 참.
MR0085,STEP1,NODE_ACTIVATION,E_EC0103,CLAIM_CONTENT,DN_EC0103,,DN_EC0103 활성,해당 node 비활성,claim 고유 occurrence/act.
MR0086,STEP5,EDGE_CONDITION,E_EC0103,CLAIM_CONTENT,,TE0005,edge 1개의 조건 충족(다른 조건도 참이어야 함),해당 edge 비활성(선후 모름),주장 날짜/상대시간 claim의 참.
MR0087,STEP1,NODE_ACTIVATION,E_EC0104,CLAIM_CONTENT,DN_EC0104,,DN_EC0104 활성,해당 node 비활성,claim 고유 occurrence/act.
MR0088,STEP1,NODE_ACTIVATION,E_EC0105,CLAIM_CONTENT,DN_EC0105,,DN_EC0105 활성,해당 node 비활성,claim 고유 occurrence/act.
MR0089,STEP1,NODE_ACTIVATION,E_EC0106,CLAIM_CONTENT,DN_EC0106,,DN_EC0106 활성,해당 node 비활성,claim 고유 occurrence/act.
MR0090,STEP5,EDGE_CONDITION,E_EC0106,CLAIM_CONTENT,,TE0006,edge 1개의 조건 충족(다른 조건도 참이어야 함),해당 edge 비활성(선후 모름),주장 날짜/상대시간 claim의 참.
MR0091,STEP1,NODE_ACTIVATION,E_EC0107,CLAIM_CONTENT,DN_EC0107,,DN_EC0107 활성,해당 node 비활성,claim 고유 occurrence/act.
MR0092,STEP5,EDGE_CONDITION,E_EC0107,CLAIM_CONTENT,,TE0007,edge 1개의 조건 충족(다른 조건도 참이어야 함),해당 edge 비활성(선후 모름),주장 날짜/상대시간 claim의 참.
MR0093,STEP1,NODE_ACTIVATION,E_EC0108,CLAIM_CONTENT,DN_EC0108,,DN_EC0108 활성,해당 node 비활성,claim 고유 occurrence/act.
MR0094,STEP1,NODE_ACTIVATION,E_EC0111,CLAIM_CONTENT,DN_EC0111,,DN_EC0111 활성,해당 node 비활성,claim 고유 occurrence/act.
MR0095,STEP1,NODE_ACTIVATION,E_EC0115,CLAIM_CONTENT,DN_EC0115,,DN_EC0115 활성,해당 node 비활성,claim 고유 occurrence/act.
MR0096,STEP1,NODE_ACTIVATION,E_EC0117,CLAIM_CONTENT,DN_EC0117,,DN_EC0117 활성,해당 node 비활성,claim 고유 occurrence/act.
MR0097,STEP1,NODE_ACTIVATION,E_EC0118,CLAIM_CONTENT,DN_EC0118,,DN_EC0118 활성,해당 node 비활성,claim 고유 occurrence/act.
MR0098,STEP1,NODE_ACTIVATION,E_EC0119,CLAIM_CONTENT,DN_EC0119,,DN_EC0119 활성,해당 node 비활성,claim 고유 occurrence/act.
MR0099,STEP1,NODE_ACTIVATION,E_EC0120,CLAIM_CONTENT,DN_EC0120,,DN_EC0120 활성,해당 node 비활성,claim 고유 occurrence/act.
MR0100,STEP1,NODE_ACTIVATION,E_EC0121,CLAIM_CONTENT,DN_EC0121,,DN_EC0121 활성,해당 node 비활성,claim 고유 occurrence/act.
MR0101,STEP1,NODE_ACTIVATION,E_EC0122,CLAIM_CONTENT,DN_EC0122,,DN_EC0122 활성,해당 node 비활성,claim 고유 occurrence/act.
MR0102,STEP5,EDGE_CONDITION,E_EC0122,CLAIM_CONTENT,,TE0012,edge 1개의 조건 충족(다른 조건도 참이어야 함),해당 edge 비활성(선후 모름),주장 날짜/상대시간 claim의 참.
MR0103,STEP1,NODE_ACTIVATION,E_EC0123,CLAIM_CONTENT,DN_EC0123,,DN_EC0123 활성,해당 node 비활성,claim 고유 occurrence/act.
MR0104,STEP5,EDGE_CONDITION,E_EC0123,CLAIM_CONTENT,,TE0012,edge 1개의 조건 충족(다른 조건도 참이어야 함),해당 edge 비활성(선후 모름),주장 날짜/상대시간 claim의 참.
MR0105,STEP5,EDGE_CONDITION,E_EC0124,CLAIM_CONTENT,,TE0012,edge 1개의 조건 충족(다른 조건도 참이어야 함),해당 edge 비활성(선후 모름),주장 날짜/상대시간 claim의 참.
MR0106,STEP1,NODE_ACTIVATION,E_EC0125,CLAIM_CONTENT,DN_EC0125,,DN_EC0125 활성,해당 node 비활성,claim 고유 occurrence/act.
MR0107,STEP1,NODE_ACTIVATION,E_EC0128,CLAIM_CONTENT,DN_EC0128,,DN_EC0128 활성,해당 node 비활성,claim 고유 occurrence/act.
MR0108,STEP1,NODE_ACTIVATION,E_EC0129,CLAIM_CONTENT,DN_EC0129,,DN_EC0129 활성,해당 node 비활성,claim 고유 occurrence/act.
MR0109,STEP1,NODE_ACTIVATION,E_EC0130,CLAIM_CONTENT,DN_EC0130,,DN_EC0130 활성,해당 node 비활성,claim 고유 occurrence/act.
MR0110,STEP1,NODE_ACTIVATION,E_EC0134,CLAIM_CONTENT,DN_EC0134,,DN_EC0134 활성,해당 node 비활성,claim 고유 occurrence/act.
MR0111,STEP1,NODE_ACTIVATION,E_EC0137,CLAIM_CONTENT,DN_EC0137,,DN_EC0137 활성,해당 node 비활성,claim 고유 occurrence/act.
MR0112,STEP1,NODE_ACTIVATION,E_EC0140,CLAIM_CONTENT,DN_EC0140,,DN_EC0140 활성,해당 node 비활성,claim 고유 occurrence/act.
MR0113,STEP1,NODE_ACTIVATION,E_EC0141,CLAIM_CONTENT,DN_EC0141,,DN_EC0141 활성,해당 node 비활성,claim 고유 occurrence/act.
MR0114,STEP5,EDGE_CONDITION,E_EC0141,CLAIM_CONTENT,,TE0014,edge 1개의 조건 충족(다른 조건도 참이어야 함),해당 edge 비활성(선후 모름),주장 날짜/상대시간 claim의 참.
MR0115,STEP1,NODE_ACTIVATION,E_EC0142,CLAIM_CONTENT,DN_EC0142,,DN_EC0142 활성,해당 node 비활성,claim 고유 occurrence/act.
MR0116,STEP5,EDGE_CONDITION,E_EC0142,CLAIM_CONTENT,,TE0014,edge 1개의 조건 충족(다른 조건도 참이어야 함),해당 edge 비활성(선후 모름),주장 날짜/상대시간 claim의 참.
MR0117,STEP1,NODE_ACTIVATION,E_EC0150,CLAIM_CONTENT,DN_EC0150,,DN_EC0150 활성,해당 node 비활성,claim 고유 occurrence/act.
MR0118,STEP1,NODE_ACTIVATION,E_EC0151,CLAIM_CONTENT,DN_EC0151,,DN_EC0151 활성,해당 node 비활성,claim 고유 occurrence/act.
MR0119,STEP1,NODE_ACTIVATION,E_EC0152,CLAIM_CONTENT,DN_EC0152,,DN_EC0152 활성,해당 node 비활성,claim 고유 occurrence/act.
MR0120,STEP1,NODE_ACTIVATION,E_EC0153,CLAIM_CONTENT,DN_EC0153,,DN_EC0153 활성,해당 node 비활성,claim 고유 occurrence/act.
MR0121,STEP1,NODE_ACTIVATION,E_EC0154,CLAIM_CONTENT,DN_EC0154,,DN_EC0154 활성,해당 node 비활성,claim 고유 occurrence/act.
MR0122,STEP1,NODE_ACTIVATION,E_EC0155,CLAIM_CONTENT,DN_EC0155,,DN_EC0155 활성,해당 node 비활성,claim 고유 occurrence/act.
MR0123,STEP1,NODE_ACTIVATION,H_GUSUN_THEFT_OCCURRED,HISTORICAL_STATE,DN_EC0070,,DN_EC0070 활성,해당 node 비활성,H_* = occurrence 존재 여부 변수(node 아님).
MR0124,STEP1,NODE_ACTIVATION,H_HANBIJANG_CONDITIONAL_RELEASE_OFFER,HISTORICAL_STATE,DN_EC0109,,DN_EC0109 활성,해당 node 비활성,H_* = occurrence 존재 여부 변수(node 아님).
MR0125,STEP1,NODE_ACTIVATION,H_HANBIJANG_DIRECTED_JAMIDEOK_FALSE_STATEMENT,HISTORICAL_STATE,DN_EC0114,,DN_EC0114 활성,해당 node 비활성,H_* = occurrence 존재 여부 변수(node 아님).
MR0126,STEP1,NODE_ACTIVATION,H_HAN_JAEUK_COAXED_BYEONGA_CHEO,HISTORICAL_STATE,DN_EC0058,,DN_EC0058 활성,해당 node 비활성,H_* = occurrence 존재 여부 변수(node 아님).
MR0127,STEP1,NODE_ACTIVATION,H_JAMIDEOK_FALSE_STATEMENT_AT_CONFRONTATION,HISTORICAL_STATE,DN_EC0113,,DN_EC0113 활성,해당 node 비활성,H_* = occurrence 존재 여부 변수(node 아님).
MR0128,STEP5,EDGE_CONDITION,H_JAMIDEOK_FALSE_STATEMENT_AT_CONFRONTATION,HISTORICAL_STATE,,TE0009,edge 1개의 조건 충족(다른 조건도 참이어야 함),해당 edge 비활성(선후 모름),
MR0129,STEP1,NODE_ACTIVATION,H_JAMIDEOK_IJIPGEO_CONFRONTATION,HISTORICAL_STATE,DN_EC0112,,DN_EC0112 활성,해당 node 비활성,H_* = occurrence 존재 여부 변수(node 아님).
MR0130,STEP1,NODE_ACTIVATION,H_KIM_DETAINED_BY_BYEONGYEONG,HISTORICAL_STATE,DN_EC0004,,DN_EC0004 활성,해당 node 비활성,H_* = occurrence 존재 여부 변수(node 아님).
MR0131,STEP1,NODE_ACTIVATION,H_KIM_MYEONGSIN_DIED,HISTORICAL_STATE,DN_EC0007|DN_EC0036|DN_EC0053,,"DN_EC0007, DN_EC0036, DN_EC0053 활성",해당 node 비활성,H_* = occurrence 존재 여부 변수(node 아님).
MR0132,STEP1,NODE_ACTIVATION,H_KIM_WIFE_DIED,HISTORICAL_STATE,DN_EC0039,,DN_EC0039 활성,해당 node 비활성,H_* = occurrence 존재 여부 변수(node 아님).
MR0133,STEP2,IDENTITY_EDGE_CONDITION,ID_BYEONGSA_SRC2_006__IGWANGSEOP,IDENTITY_HYPOTHESIS,,TE0010,edge 1개의 조건 충족(다른 조건도 참이어야 함),해당 edge 비활성(선후 모름),
MR0134,STEP5,EDGE_CONDITION,INTERP_EC0065_DATE_IS_TELLING_TIME,INTERPRETATION_HYPOTHESIS,,TE0065|TE0066|TE0067|TE0068|TE0069|TE0070|TE0071|TE0072|TE0073|TE0074|TE0075|TE0076|TE0077|TE0078|TE0079|TE0080|TE0081|TE0082|TE0083|TE0084|TE0085|TE0086|TE0087|TE0088|TE0089|TE0090|TE0091|TE0092|TE0093|TE0094|TE0095|TE0096|TE0097|TE0098|TE0099|TE0100|TE0101|TE0102|TE0103|TE0104|TE0105|TE0229,edge 42개의 조건 충족(다른 조건도 참이어야 함),해당 edge 비활성(선후 모름),
MR0135,STEP1,NODE_ACTIVATION,J_HANJAEUK_17930613_COACHING,JUDGMENT_STATE,DN_J_HANJAEUK_17930613_COACHING,,DN_J_HANJAEUK_17930613_COACHING 활성,해당 node 비활성,판단 act가 있었는지(내용의 참과 무관).
MR0136,STEP1,NODE_ACTIVATION,J_HONG_17930528_JISE,JUDGMENT_STATE,DN_J_HONG_17930528_JISE,,DN_J_HONG_17930528_JISE 활성,해당 node 비활성,판단 act가 있었는지(내용의 참과 무관).
MR0137,STEP1,NODE_ACTIVATION,J_HONG_17930613_JISE,JUDGMENT_STATE,DN_J_HONG_17930613_JISE,,DN_J_HONG_17930613_JISE 활성,해당 node 비활성,판단 act가 있었는지(내용의 참과 무관).
MR0138,STEP1,NODE_ACTIVATION,J_HONG_17930613_KIM_DEATH,JUDGMENT_STATE,DN_J_HONG_17930613_KIM_DEATH,,DN_J_HONG_17930613_KIM_DEATH 활성,해당 node 비활성,판단 act가 있었는지(내용의 참과 무관).
MR0139,STEP1,NODE_ACTIVATION,J_HONG_17930613_THEFT,JUDGMENT_STATE,DN_J_HONG_17930613_THEFT,,DN_J_HONG_17930613_THEFT 활성,해당 node 비활성,판단 act가 있었는지(내용의 참과 무관).
MR0140,STEP1,NODE_ACTIVATION,J_IJOWON_17930527_JISE,JUDGMENT_STATE,DN_J_IJOWON_17930527_JISE,,DN_J_IJOWON_17930527_JISE 활성,해당 node 비활성,판단 act가 있었는지(내용의 참과 무관).
MR0141,STEP1,NODE_ACTIVATION,J_IJOWON_17930527_KIM_DEATH,JUDGMENT_STATE,DN_J_IJOWON_17930527_KIM_DEATH,,DN_J_IJOWON_17930527_KIM_DEATH 활성,해당 node 비활성,판단 act가 있었는지(내용의 참과 무관).
MR0142,STEP1,NODE_ACTIVATION,J_IJOWON_17930527_THEFT,JUDGMENT_STATE,DN_J_IJOWON_17930527_THEFT,,DN_J_IJOWON_17930527_THEFT 활성,해당 node 비활성,판단 act가 있었는지(내용의 참과 무관).
MR0143,STEP1,NODE_ACTIVATION,J_JAMIDEOK_17930613_COACHING,JUDGMENT_STATE,DN_J_JAMIDEOK_17930613_COACHING,,DN_J_JAMIDEOK_17930613_COACHING 활성,해당 node 비활성,판단 act가 있었는지(내용의 참과 무관).
MR0144,STEP1,NODE_ACTIVATION,J_JEONGJO_17930512_THEFT,JUDGMENT_STATE,DN_J_JEONGJO_17930512_THEFT,,DN_J_JEONGJO_17930512_THEFT 활성,해당 node 비활성,판단 act가 있었는지(내용의 참과 무관).
MR0145,STEP1,NODE_ACTIVATION,J_JEONGJO_17930613_JISE,JUDGMENT_STATE,DN_J_JEONGJO_17930613_JISE,,DN_J_JEONGJO_17930613_JISE 활성,해당 node 비활성,판단 act가 있었는지(내용의 참과 무관).
MR0146,STEP1,NODE_ACTIVATION,J_JEONGJO_17930613_KIM_DEATH,JUDGMENT_STATE,DN_J_JEONGJO_17930613_KIM_DEATH,,DN_J_JEONGJO_17930613_KIM_DEATH 활성,해당 node 비활성,판단 act가 있었는지(내용의 참과 무관).
MR0147,STEP1,NODE_ACTIVATION,J_JEONGJO_17930613_THEFT,JUDGMENT_STATE,DN_J_JEONGJO_17930613_THEFT,,DN_J_JEONGJO_17930613_THEFT 활성,해당 node 비활성,판단 act가 있었는지(내용의 참과 무관).
MR0148,STEP1,NODE_ACTIVATION,J_LEEHYEONGWON_17930512_KIM_DEATH,JUDGMENT_STATE,DN_J_LEEHYEONGWON_17930512_KIM_DEATH,,DN_J_LEEHYEONGWON_17930512_KIM_DEATH 활성,해당 node 비활성,판단 act가 있었는지(내용의 참과 무관).
MR0149,STEP1,NODE_ACTIVATION,J_LEEHYEONGWON_17930512_THEFT,JUDGMENT_STATE,DN_J_LEEHYEONGWON_17930512_THEFT,,DN_J_LEEHYEONGWON_17930512_THEFT 활성,해당 node 비활성,판단 act가 있었는지(내용의 참과 무관).
MR0150,STEP1,NODE_ACTIVATION,J_YUNNODONG_17930611_COACHING,JUDGMENT_STATE,DN_J_YUNNODONG_17930611_COACHING,,DN_J_YUNNODONG_17930611_COACHING 활성,해당 node 비활성,판단 act가 있었는지(내용의 참과 무관).
MR0151,STEP1,NODE_ACTIVATION,J_YUNNODONG_17930611_KIM_DEATH,JUDGMENT_STATE,DN_J_YUNNODONG_17930611_KIM_DEATH,,DN_J_YUNNODONG_17930611_KIM_DEATH 활성,해당 node 비활성,판단 act가 있었는지(내용의 참과 무관).
MR0152,STEP5,EDGE_CONDITION,REF_EC0008_DETENTION__EC0004,SAME_OCCURRENCE_HYPOTHESIS,,TE0001,edge 1개의 조건 충족(다른 조건도 참이어야 함),해당 edge 비활성(선후 모름),상대시간 referent 가설.
MR0153,STEP5,EDGE_CONDITION,REF_EC0008_INVESTIGATION__EC0005,SAME_OCCURRENCE_HYPOTHESIS,,TE0002,edge 1개의 조건 충족(다른 조건도 참이어야 함),해당 edge 비활성(선후 모름),상대시간 referent 가설.
MR0154,STEP5,EDGE_CONDITION,REF_EC0040_KIMDEATH__EC0036,SAME_OCCURRENCE_HYPOTHESIS,,TE0003,edge 1개의 조건 충족(다른 조건도 참이어야 함),해당 edge 비활성(선후 모름),상대시간 referent 가설.
MR0155,STEP5,EDGE_CONDITION,REF_EC0073_THEN__EC0072,SAME_OCCURRENCE_HYPOTHESIS,,TE0004,edge 1개의 조건 충족(다른 조건도 참이어야 함),해당 edge 비활성(선후 모름),상대시간 referent 가설.
MR0156,STEP5,EDGE_CONDITION,REF_EC0103_ARREST__EC0104,SAME_OCCURRENCE_HYPOTHESIS,,TE0005,edge 1개의 조건 충족(다른 조건도 참이어야 함),해당 edge 비활성(선후 모름),상대시간 referent 가설.
MR0157,STEP5,EDGE_CONDITION,REF_EC0106_INTERROGATION__EC0105,SAME_OCCURRENCE_HYPOTHESIS,,TE0006,edge 1개의 조건 충족(다른 조건도 참이어야 함),해당 edge 비활성(선후 모름),상대시간 referent 가설.
MR0158,STEP5,EDGE_CONDITION,REF_EC0107_AFTER__EC0106,SAME_OCCURRENCE_HYPOTHESIS,,TE0007,edge 1개의 조건 충족(다른 조건도 참이어야 함),해당 edge 비활성(선후 모름),상대시간 referent 가설.
MR0159,STEP3-4,COLLAPSE,SAME_EC0003_EC0097,SAME_OCCURRENCE_HYPOTHESIS,DN_EC0003|DN_EC0097,,"DN_EC0003·DN_EC0097 같은 class(추이 closure 포함) → 하나의 world node로 collapse, 실제 시점 공유",별개 occurrence로 유지(선후는 edge가 있을 때만),
MR0160,STEP3-4,COLLAPSE,SAME_EC0007_EC0036,SAME_OCCURRENCE_HYPOTHESIS,DN_EC0007|DN_EC0036,,"DN_EC0007·DN_EC0036 같은 class(추이 closure 포함) → 하나의 world node로 collapse, 실제 시점 공유",별개 occurrence로 유지(선후는 edge가 있을 때만),
MR0161,STEP3-4,COLLAPSE,SAME_EC0007_EC0053,SAME_OCCURRENCE_HYPOTHESIS,DN_EC0007|DN_EC0053,,"DN_EC0007·DN_EC0053 같은 class(추이 closure 포함) → 하나의 world node로 collapse, 실제 시점 공유",별개 occurrence로 유지(선후는 edge가 있을 때만),
MR0162,STEP3-4,COLLAPSE,SAME_EC0009_EC0056,SAME_OCCURRENCE_HYPOTHESIS,DN_EC0009|DN_EC0056,,"DN_EC0009·DN_EC0056 같은 class(추이 closure 포함) → 하나의 world node로 collapse, 실제 시점 공유",별개 occurrence로 유지(선후는 edge가 있을 때만),
MR0163,STEP3-4,COLLAPSE,SAME_EC0012_EC0030,SAME_OCCURRENCE_HYPOTHESIS,DN_EC0012|DN_EC0030,,효과 없음(두 referent 모두 node가 아님),별개 occurrence로 유지(선후는 edge가 있을 때만),두 referent가 모두 node가 아니라(REVIEW) collapse 효과 없음.
MR0164,STEP3-4,COLLAPSE,SAME_EC0026_EC0072,SAME_OCCURRENCE_HYPOTHESIS,DN_EC0026|DN_EC0072,,"DN_EC0026·DN_EC0072 같은 class(추이 closure 포함) → 하나의 world node로 collapse, 실제 시점 공유",별개 occurrence로 유지(선후는 edge가 있을 때만),
MR0165,STEP3-4,COLLAPSE,SAME_EC0036_EC0053,SAME_OCCURRENCE_HYPOTHESIS,DN_EC0036|DN_EC0053,,"DN_EC0036·DN_EC0053 같은 class(추이 closure 포함) → 하나의 world node로 collapse, 실제 시점 공유",별개 occurrence로 유지(선후는 edge가 있을 때만),
MR0166,STEP3-4,COLLAPSE,SAME_EC0050_EC0070,SAME_OCCURRENCE_HYPOTHESIS,DN_EC0050|DN_EC0070,,"DN_EC0050·DN_EC0070 같은 class(추이 closure 포함) → 하나의 world node로 collapse, 실제 시점 공유",별개 occurrence로 유지(선후는 edge가 있을 때만),
MR0167,STEP3-4,COLLAPSE,SAME_EC0076_EC0098,SAME_OCCURRENCE_HYPOTHESIS,DN_EC0076|DN_EC0098,,"DN_EC0076·DN_EC0098 같은 class(추이 closure 포함) → 하나의 world node로 collapse, 실제 시점 공유",별개 occurrence로 유지(선후는 edge가 있을 때만),전제: ID_JANGGYO_1MYEONG__JOGYEWAN가 참이어야 함(거짓이면 LOGICALLY_INVALID). 
MR0168,STEP3-4,COLLAPSE,SAME_EC0089_EC0104,SAME_OCCURRENCE_HYPOTHESIS,DN_EC0089|DN_EC0104,,"DN_EC0089·DN_EC0104 같은 class(추이 closure 포함) → 하나의 world node로 collapse, 실제 시점 공유",별개 occurrence로 유지(선후는 edge가 있을 때만),
MR0169,STEP3-4,COLLAPSE,SAME_EC0107_EC0111,SAME_OCCURRENCE_HYPOTHESIS,DN_EC0107|DN_EC0111,,"DN_EC0107·DN_EC0111 같은 class(추이 closure 포함) → 하나의 world node로 collapse, 실제 시점 공유",별개 occurrence로 유지(선후는 edge가 있을 때만),OCCURRENCE_GRANULARITY_ACT_LEVEL이 참이면 거짓이어야 함. 
MR0170,STEP3-4,COLLAPSE,SAME_EC0107_EC0119,SAME_OCCURRENCE_HYPOTHESIS,DN_EC0107|DN_EC0119,,"DN_EC0107·DN_EC0119 같은 class(추이 closure 포함) → 하나의 world node로 collapse, 실제 시점 공유",별개 occurrence로 유지(선후는 edge가 있을 때만),전제: ID_HANBIJANG__HANJAEUK가 참이어야 함(거짓이면 LOGICALLY_INVALID). 
MR0171,STEP3-4,COLLAPSE,SAME_EC0107_EC0120,SAME_OCCURRENCE_HYPOTHESIS,DN_EC0107|DN_EC0120,,"DN_EC0107·DN_EC0120 같은 class(추이 closure 포함) → 하나의 world node로 collapse, 실제 시점 공유",별개 occurrence로 유지(선후는 edge가 있을 때만),전제: ID_HANBIJANG__HANJAEUK가 참이어야 함(거짓이면 LOGICALLY_INVALID). OCCURRENCE_GRANULARITY_ACT_LEVEL이 참이면 거짓이어야 함. 
MR0172,STEP3-4,COLLAPSE,SAME_EC0111_EC0119,SAME_OCCURRENCE_HYPOTHESIS,DN_EC0111|DN_EC0119,,"DN_EC0111·DN_EC0119 같은 class(추이 closure 포함) → 하나의 world node로 collapse, 실제 시점 공유",별개 occurrence로 유지(선후는 edge가 있을 때만),전제: ID_HANBIJANG__HANJAEUK가 참이어야 함(거짓이면 LOGICALLY_INVALID). OCCURRENCE_GRANULARITY_ACT_LEVEL이 참이면 거짓이어야 함. 
MR0173,STEP3-4,COLLAPSE,SAME_EC0111_EC0120,SAME_OCCURRENCE_HYPOTHESIS,DN_EC0111|DN_EC0120,,"DN_EC0111·DN_EC0120 같은 class(추이 closure 포함) → 하나의 world node로 collapse, 실제 시점 공유",별개 occurrence로 유지(선후는 edge가 있을 때만),전제: ID_HANBIJANG__HANJAEUK가 참이어야 함(거짓이면 LOGICALLY_INVALID). 
MR0174,STEP3-4,COLLAPSE,SAME_EC0117_EC0130,SAME_OCCURRENCE_HYPOTHESIS,DN_EC0117|DN_EC0130,,"DN_EC0117·DN_EC0130 같은 class(추이 closure 포함) → 하나의 world node로 collapse, 실제 시점 공유",별개 occurrence로 유지(선후는 edge가 있을 때만),
MR0175,STEP3-4,COLLAPSE,SAME_EC0119_EC0120,SAME_OCCURRENCE_HYPOTHESIS,DN_EC0119|DN_EC0120,,"DN_EC0119·DN_EC0120 같은 class(추이 closure 포함) → 하나의 world node로 collapse, 실제 시점 공유",별개 occurrence로 유지(선후는 edge가 있을 때만),OCCURRENCE_GRANULARITY_ACT_LEVEL이 참이면 거짓이어야 함. 
MR0176,STEP3-4,COLLAPSE,SAME_EC0150_EC0151,SAME_OCCURRENCE_HYPOTHESIS,DN_EC0150|DN_EC0151,,"DN_EC0150·DN_EC0151 같은 class(추이 closure 포함) → 하나의 world node로 collapse, 실제 시점 공유",별개 occurrence로 유지(선후는 edge가 있을 때만),
MR0177,STEP2,IDENTITY_APPLICATION,ID_BIJANG_P0103__HANGA,IDENTITY_HYPOTHESIS,DN_EC0141,,행위자 '병영 비장' → '한가' 통합(actor chain),행위자 '병영 비장' 별개로 유지,동일성만으로 node를 합치지 않음.
MR0178,STEP2,IDENTITY_APPLICATION,ID_BYEONGA_CHEO__JAMIDEOK,IDENTITY_HYPOTHESIS,DN_EC0059,,행위자 '변가의 처' → '자미덕' 통합(actor chain),행위자 '변가의 처' 별개로 유지,동일성만으로 node를 합치지 않음.
MR0179,STEP2,IDENTITY_APPLICATION,ID_BYEONGSA_SRC2_006__IGWANGSEOP,IDENTITY_HYPOTHESIS,DN_EC0042,,행위자 '병사' → '이광섭' 통합(actor chain),행위자 '병사' 별개로 유지,동일성만으로 node를 합치지 않음.
MR0180,STEP2,IDENTITY_APPLICATION,ID_HANBIJANG__HANGA,IDENTITY_HYPOTHESIS,DN_EC0107|DN_EC0108|DN_EC0109|DN_EC0111|DN_EC0114,,행위자 '한 비장' → '한가' 통합(actor chain),행위자 '한 비장' 별개로 유지,동일성만으로 node를 합치지 않음.
MR0181,STEP2,IDENTITY_APPLICATION,ID_HANBIJANG__HANJAEUK,IDENTITY_HYPOTHESIS,DN_EC0107|DN_EC0108|DN_EC0109|DN_EC0111|DN_EC0114,,행위자 '한 비장' → '한재욱' 통합(actor chain),행위자 '한 비장' 별개로 유지,"이 동일성이 거짓이면 SAME_EC0107_EC0119, SAME_EC0107_EC0120, SAME_EC0111_EC0119, SAME_EC0111_EC0120는 거짓이어야 함(SAME→ID 전제). 동일성만으로 node를 합치지 않음."
MR0182,STEP2,IDENTITY_APPLICATION,ID_HANGA__HANJAEUK,IDENTITY_HYPOTHESIS,,,행위자 '한가' → '한재욱' 통합(actor chain),행위자 '한가' 별개로 유지,동일성만으로 node를 합치지 않음.
MR0183,STEP3,GRANULARITY,OCCURRENCE_GRANULARITY_ACT_LEVEL,INTERPRETATION_HYPOTHESIS,DN_EC0107|DN_EC0111|DN_EC0119|DN_EC0120,,행위 단위 개별화: 부르기·음식 주기 같은 다른 행위의 SAME은 거짓(RC0290–RC0293),장면 단위 collapse 허용,
