metric,value,notes
node_candidate_rows,172,event candidate 155 + judgment act 17
dag_node_candidates(A–D),111,ATTRIBUTE_ONLY·REVIEW 제외
class:MATERIAL_EVENT_NODE,37,
class:INVESTIGATIVE_EVENT_NODE,14,
class:SPEECH_OR_JUDGMENT_EVENT_NODE,43,
class:ORDER_EVENT_NODE,17,
class:ATTRIBUTE_ONLY,59,
class:REVIEW_REQUIRED,2,
edge_candidates,969,"명시 근거 edge 64, 날짜쌍만 근거 905"
kind:HARD_TEMPORAL,265,
kind:CONDITIONAL_TEMPORAL,685,
kind:CONDITIONAL_ON_IDENTITY,1,
kind:CONDITIONAL_ON_SAME_OCCURRENCE,0,
kind:EVIDENCE_ONLY,2,
kind:REVIEW_REQUIRED,16,
kind:CONDITIONAL(합계),686,CONDITIONAL_TEMPORAL+ON_IDENTITY+ON_SAME
type:TEMPORAL_BEFORE,930,
type:TEMPORAL_AFTER,0,
type:TEMPORAL_DURING,3,
type:PROCEDURAL_PRECEDES,29,
type:PROCEDURAL_TRIGGER_IF_EXPLICIT,7,
basis:ANAPHORIC_REFERENCE,1,
basis:CLAIMED_DATE_ORDER,147,
basis:CLAIMED_VS_COURT_DATE_ORDER,520,
basis:COURT_ENTRY_DATE_ORDER,238,
basis:COURT_ENTRY_DATE_ORDER+JUDGMENT_REVISION,2,
basis:COURT_ENTRY_DATE_ORDER+PROCEDURAL_EXPLICIT,10,
basis:ORDER_EXECUTION_EXPLICIT,3,
basis:PROCEDURAL_EXPLICIT,22,
basis:REFERENT_NOT_IN_OWN_SOURCE,2,
basis:RELATIVE_TIME_TEXT,9,
basis:REPLY_REFERENCE,2,
basis:ROLE_LINK_WITHOUT_TIME_WORD,4,
basis:SAME_DAY_COURT_SEQUENCE,3,
basis:SERIAL_CONNECTIVE,6,
court_act_nodes(기사일 anchor),26,DN_EC0020|DN_EC0021|DN_EC0023|DN_EC0044|DN_EC0045|DN_EC0048|DN_EC0049|DN_EC0061|DN_EC0062|DN_EC0150|DN_EC0151|DN_EC0152|DN_EC0153|DN_EC0154|DN_EC0155|DN_J_HONG_17930528_JISE|DN_J_HONG_17930613_JISE|DN_J_HONG_17930613_KIM_DEATH|DN_J_HONG_17930613_THEFT|DN_J_IJOWON_17930527_JISE|DN_J_IJOWON_17930527_KIM_DEATH|DN_J_IJOWON_17930527_THEFT|DN_J_JEONGJO_17930512_THEFT|DN_J_JEONGJO_17930613_JISE|DN_J_JEONGJO_17930613_KIM_DEATH|DN_J_JEONGJO_17930613_THEFT
claimed_date_nodes,21,DN_EC0065|DN_EC0066|DN_EC0069|DN_EC0070|DN_EC0072|DN_EC0073|DN_EC0081|DN_EC0082|DN_EC0083|DN_EC0084|DN_EC0089|DN_EC0093|DN_EC0094|DN_EC0095|DN_EC0096|DN_EC0097|DN_EC0098|DN_EC0099|DN_EC0100|DN_EC0101|DN_EC0102
order_nodes_with_execution_record,3,DN_EC0048|DN_EC0049|DN_EC0096
order_nodes_without_execution(명령 node만),14,DN_EC0021|DN_EC0023|DN_EC0044|DN_EC0045|DN_EC0062|DN_EC0075|DN_EC0082|DN_EC0083|DN_EC0150|DN_EC0151|DN_EC0152|DN_EC0153|DN_EC0154|DN_EC0155
materialization_rules,191,STEP 8행 + 변수별 행
all_true_template_cycles,0,"모든 node·조건 참, collapse 없음"
review_atomic_props_without_nodes,AP0002|AP0047|AP0126,node를 만들지 않음(AP0126 '정소된 뒤'는 상대시간이지만 candidate 없음)
test_world:TW01_KIM_DEATH,VALID/VALID,"active nodes 14, world nodes 11, edges 13, collapsed [['DN_EC0003', 'DN_EC0097'], ['DN_EC0007', 'DN_EC0036', 'DN_EC0053']], cycles 0, self-loops 0, flags []"
test_world:TW02_KIM_DEATH_AFTER_FALSE,VALID/VALID,"active nodes 14, world nodes 11, edges 11, collapsed [['DN_EC0003', 'DN_EC0097'], ['DN_EC0007', 'DN_EC0036', 'DN_EC0053']], cycles 0, self-loops 0, flags []"
test_world:TW03_SAME_TRANSITIVE,VALID/VALID,"active nodes 3, world nodes 1, edges 0, collapsed [['DN_EC0007', 'DN_EC0036', 'DN_EC0053']], cycles 0, self-loops 0, flags []"
test_world:TW04_SAME_TRANSITIVITY_VIOLATED,INVALID/VALID,"active nodes 3, world nodes 1, edges 0, collapsed [['DN_EC0007', 'DN_EC0036', 'DN_EC0053']], cycles 0, self-loops 0, flags ['SAME_TRANSITIVITY_VIOLATION:SAME_EC0007_EC0053']"
test_world:TW05_THEFT_TRUE,VALID/VALID,"active nodes 19, world nodes 18, edges 111, collapsed [['DN_EC0150', 'DN_EC0151']], cycles 0, self-loops 0, flags []"
test_world:TW06_THEFT_FALSE,VALID/VALID,"active nodes 16, world nodes 15, edges 75, collapsed [['DN_EC0150', 'DN_EC0151']], cycles 0, self-loops 0, flags []"
test_world:TW07_JAMIDEOK_ID_TRUE,VALID/VALID,"active nodes 23, world nodes 20, edges 12, collapsed [['DN_EC0089', 'DN_EC0104'], ['DN_EC0107', 'DN_EC0119'], ['DN_EC0111', 'DN_EC0120']], cycles 0, self-loops 0, flags []"
test_world:TW08_JAMIDEOK_ID_FALSE,VALID/VALID,"active nodes 23, world nodes 22, edges 12, collapsed [['DN_EC0089', 'DN_EC0104']], cycles 0, self-loops 0, flags []"
test_world:TW09_ID_FALSE_SAME_TRUE,INVALID/VALID,"active nodes 23, world nodes 21, edges 12, collapsed [['DN_EC0089', 'DN_EC0104'], ['DN_EC0107', 'DN_EC0119']], cycles 0, self-loops 0, flags []"
test_world:TW10_TEMPORAL_ASSIGNMENT_CYCLE,VALID/INVALID,"active nodes 14, world nodes 11, edges 13, collapsed [['DN_EC0003', 'DN_EC0097'], ['DN_EC0007', 'DN_EC0036', 'DN_EC0053']], cycles 0, self-loops 0, flags []"
raw_sha256,UNCHANGED,
validation_error,0,
validation_warning,0,
