raw_proposition_id,source_record_id,raw_text_or_normalized_text,atomic_ids,event_candidate_ids,historical_fact_ids,judgment_state_ids,dag_node_ids,edge_ids,coverage_status,actor_fidelity,target_fidelity,predicate_fidelity,polarity_fidelity,scope_fidelity,temporal_fidelity,epistemic_fidelity,open_set_fidelity,final_verdict,severity,notes
P0001,SRC2_001,[이형원/OFFICIAL_REPORT] 구순 | 거주 | 청주 덕평,AP0001,EC0001,,,DN_EC0001(ATTRIBUTE_ONLY),,FULL,OK,OK,OK,OK,OK,OK,OK,OK,PRESERVED_AS_ATTRIBUTE,NO_ISSUE,
P0002,SRC2_001,[이형원/OFFICIAL_REPORT] 구순 | 도난 피해를 입었다고 보고됨 | ,AP0002,,,J_LEEHYEONGWON_17930512_THEFT,,,PARTIAL,OK,OK,OK,OK,OK,OK,OK,OK,REVIEW_REQUIRED,NO_ISSUE,"REVIEW: 05 수동검토 대상: '보고됨'이 이형원 자신의 판단인지 구순 측 피해 주장의 전달인지 불명. 같은 장계를 근거로 정조가 '도난 자체가 없었다는 방향'을 받아들인 기록(AP0024)이 있어, OFFICIAL_FINDING으로 구조화하면 의미가 뒤집힐 수 있음."
P0003,SRC2_001,[이형원/OFFICIAL_REPORT] 구순 | 김명신을 도적 괴수라고 말했다고 보고됨 | 김명신,AP0003,EC0002,,,DN_EC0002(SPEECH_OR_JUDGMENT_EVENT_NODE),,FULL,OK,OK,OK,OK,OK,OK,OK,OK,PRESERVED,NO_ISSUE,
P0004,SRC2_001,[이형원/OFFICIAL_REPORT] 충청병영 | 김명신을 잡아 달포 이상 구금·조사했다고 보고됨 | 김명신,AP0004|AP0005|AP0006,EC0003|EC0004|EC0005,H_KIM_DETAINED_BY_BYEONGYEONG,J_LEEHYEONGWON_17930512_KIM_DEATH,DN_EC0003(MATERIAL_EVENT_NODE)|DN_EC0004(MATERIAL_EVENT_NODE)|DN_EC0005(INVESTIGATIVE_EVENT_NODE),TE0001|TE0002|TE0047|TE0048|TE0049|TE0050,FULL,OK,OK,OK,OK,OK,OK,OK,OK,PRESERVED,NO_ISSUE,
P0005,SRC2_001,[이형원/OFFICIAL_REPORT] 수사 | 확실한 장물을 찾지 못했다고 보고됨 | ,AP0007,EC0006,,,DN_EC0006(ATTRIBUTE_ONLY),,FULL,OK,OK,OK,OK,OK,OK,OK,OK,PRESERVED_AS_ATTRIBUTE,NO_ISSUE,
P0006,SRC2_001,[이형원/OFFICIAL_REPORT] 김명신 | 구금·조사 뒤 사망했다고 보고됨 | ,AP0008|AP0009,EC0007|EC0008,H_KIM_DEATH_AFTER_DETENTION|H_KIM_MYEONGSIN_DIED,J_LEEHYEONGWON_17930512_KIM_DEATH,DN_EC0007(MATERIAL_EVENT_NODE)|DN_EC0008(ATTRIBUTE_ONLY),TE0001|TE0002,FULL,OK,OK,OK,OK,OK,OK,OK,OK,PRESERVED,NO_ISSUE,
P0007,SRC2_001,[이형원/OFFICIAL_REPORT] 무고한 평민들 | 모진 형벌을 받았다고 보고됨 | ,AP0010|AP0011,EC0009|EC0010,,,DN_EC0009(MATERIAL_EVENT_NODE)|DN_EC0010(ATTRIBUTE_ONLY),,DISTORTED,CRITICAL(CONFIRMED): ACTOR_INVERSION,OK,OK,OK,OK,OK,OK,OK,REVIEW_REQUIRED,CRITICAL,"[CRITICAL/CONFIRMED] P0007 '무고한 평민들이 모진 형벌을 받았다'(피동). EC0009는 '모진 형벌을 받음'으로 맞지만 DAG node(36)는 subject_surface=평민들, action='형벌 가함(평민들)'이라 형벌을 받은 쪽이 행위 주체 칸에 놓임(materialize의 actor=subject). 가한 쪽은 원문에 없음. EC/AP 층은 정상, DAG 층에서만 actor/target이 뒤집힘."
P0008,SRC2_001,[이형원/OFFICIAL_REPORT] 회동 조사 응답자들 | 구순과 김명신 사이에 원한이 있었다고 진술했다고 보고됨 | ,AP0012,EC0011,,,DN_EC0011(ATTRIBUTE_ONLY),,PARTIAL,OK,OK,OK,OK,OK,OK,MINOR(CONFIRMED): NESTED_INNER,OK,PRESERVED_AS_ATTRIBUTE,MINOR,"[MINOR/CONFIRMED] 이형원 > 회동 조사 응답자들 > (원한). AP0012 depth 2·embedded_speaker 보존. CONTENT projection이라 EC0011은 내용(원한) 자체이고 '응답자들이 그렇게 진술했다'(INNER)는 world 변수·DAG node가 없음. 세 층이 합쳐지지는 않음(ATT 고정, E 자유)."
P0009,SRC2_001,[이형원/OFFICIAL_REPORT] 회동 조사 응답자들 | 구순이 도난 상황을 꾸몄다고 진술했다고 보고됨 | ,AP0013,EC0012,H_GUSUN_THEFT_OCCURRED,J_LEEHYEONGWON_17930512_THEFT,DN_EC0012(REVIEW_REQUIRED),,PARTIAL,OK,OK,OK,OK,OK,OK,MINOR(CONFIRMED): NESTED_INNER,OK,REVIEW_REQUIRED,MINOR,[MINOR/CONFIRMED] P0008과 같은 구조(AP0013 → EC0012).
P0010,SRC2_001,[이형원/OFFICIAL_REPORT] 회동 조사 응답자들 | 구순이 행랑 하인과 교졸을 통해 김명신에게 도적 괴수 누명을 씌웠다고 진술했다고 보고됨 | ,AP0014|AP0015|AP0016,EC0013|EC0014|EC0015,,J_LEEHYEONGWON_17930512_THEFT,DN_EC0013(ATTRIBUTE_ONLY)|DN_EC0014(ATTRIBUTE_ONLY)|DN_EC0015(ATTRIBUTE_ONLY),,PARTIAL,OK,OK,OK,OK,OK,OK,MINOR(CONFIRMED): NESTED_INNER,OK,PRESERVED_AS_ATTRIBUTE,MINOR,[MINOR/CONFIRMED] P0008과 같은 구조(AP0014–AP0016 → EC0013–EC0015).
P0011,SRC2_001,[이형원/OFFICIAL_REPORT] 전후 체포자들 | 구순 집에서 미워하던 사람들이었다고 진술됐다고 보고됨 | ,AP0017,EC0016,,,DN_EC0016(ATTRIBUTE_ONLY),,PARTIAL,OK,OK,OK,OK,OK,OK,MINOR(CONFIRMED): NESTED_INNER,OK,PRESERVED_AS_ATTRIBUTE,MINOR,[MINOR/CONFIRMED] 이형원 > 진술 주체 미상 > (체포자들 = 미워하던 사람들). AP0017 → EC0016 내용만.
P0012,SRC2_001,[이형원/OFFICIAL_EVALUATION] 이문협 | 수사를 병영 비장에게 전적으로 맡기고 방관했다고 평가됨 | ,AP0018|AP0019,EC0017,,,DN_EC0017(INVESTIGATIVE_EVENT_NODE),,FULL,OK,OK,OK,OK,OK,OK,OK,OK,PRESERVED,NO_ISSUE,
P0013,SRC2_001,[이형원/OFFICIAL_EVALUATION] 이광섭 | 허황한 말을 믿고 무고한 사람을 잘못 잡았다고 평가됨 | ,AP0020|AP0021,EC0018|EC0019,,,DN_EC0018(ATTRIBUTE_ONLY)|DN_EC0019(MATERIAL_EVENT_NODE),,FULL,OK,OK,OK,OK,OK,OK,OK,OK,PRESERVED,NO_ISSUE,
P0014,SRC2_001,[비변사/MINISTERIAL_PROPOSAL] 비변사 | 이광섭 파직·나문·엄한 감죄를 청함 | 이광섭,AP0022,EC0020,,,DN_EC0020(SPEECH_OR_JUDGMENT_EVENT_NODE),TE0024 (+date-only 42),FULL,OK,OK,OK,OK,OK,OK,OK,OK,PRESERVED,NO_ISSUE,
P0015,SRC2_001,[정조/ROYAL_ORDER] 정조 | 이광섭 처분 요청을 윤허함 | 이광섭,AP0023,EC0021,,,DN_EC0021(ORDER_EVENT_NODE),TE0024 (+date-only 42),FULL,OK,OK,OK,OK,OK,OK,OK,OK,PRESERVED,NO_ISSUE,
P0016,SRC2_001,[정조/ROYAL_JUDGMENT] 정조 | 당시 장계·조사에 따라 도난 자체가 없었다는 방향을 받아들임 | ,AP0024,EC0022,H_GUSUN_THEFT_OCCURRED,J_JEONGJO_17930512_THEFT,DN_EC0022(ATTRIBUTE_ONLY),,DISTORTED,OK,OK,OK,OK,MAJOR(CONFIRMED): LEXICON; SCOPE_IFF,OK,OK,OK,REVIEW_REQUIRED,MAJOR,"[MAJOR/CONFIRMED] J_JEONGJO_17930512_THEFT label과 같은 문제(DAG node action_core에 복사됨). / [MAJOR/CONFIRMED] P0016 원문은 '당시 장계·조사에 따라 도난 자체가 없었다는 방향을 받아들임'. judgment_states·DAG node·repaired_world_variables 설명(label)은 '이형원 장계·조사 결과(도난 조작 방향) 수용'으로, 응답자들(P0009)·이조원(P0021)의 '구순이 꾸몄다'를 정조 판단 내용에 옮김('도난 없음 방향' → '구순이 조작했다는 방향'). label만의 문제: 논리층(EC0022 ↔ ¬H, stance ACCEPTS/INTERMEDIATE, '종결된 판단이 아님')은 원문과 맞음. / [MAJOR/CONFIRMED] J_JEONGJO_17930512_THEFT label과 같은 문제(repaired_world_variables notes에 복사됨). / [MINOR/CONFIRMED] AP0024 '…도난 자체가 없었다는 방향을 받아들임' → EC0022 'STATE NEGATED 도난 자체 있었음', RC E_EC0022 ↔ ¬H. '방향'(중간 판단)이 EC 술어에서 빠짐. projection reason·claim_scope('방향·중간 판단')·J stance INTERMEDIATE에 보존."
P0017,SRC2_001,[정조/ROYAL_ORDER] 정조 | 구순을 의금부에 잡아 가두고 엄히 조사하도록 명함 | 구순,AP0025,EC0023,,J_JEONGJO_17930512_THEFT,DN_EC0023(ORDER_EVENT_NODE), (+date-only 42),FULL,OK,OK,OK,OK,OK,OK,OK,OK,PRESERVED,NO_ISSUE,
P0018,SRC2_002,[이조원/INSPECTOR_REPORT] 이조원 | 구순 집에 화적이 들었다는 설명이 이치에 맞지 않는다고 판단 | ,AP0026,EC0024,H_GUSUN_LARGE_ARMED_BAND_INTRUDED,J_IJOWON_17930527_THEFT,DN_EC0024(ATTRIBUTE_ONLY),,PARTIAL,OK,OK,OK,OK,OK,OK,MINOR(CONFIRMED): J_STRENGTH,OK,PRESERVED_AS_ATTRIBUTE,MINOR,"[MINOR/CONFIRMED] J_IJOWON_17930527_THEFT stance=REJECTS/STRONG이 EC0024(DOUBTED: '이치에 맞지 않는다'), EC0046('도난이 없었다는 방향'), EC0030('꾸몄다고 주장')을 한 판단으로 묶음. 요약 강도가 의심·방향 표현보다 강함. claim 층(EC0024 DOUBTS·evidence only, EC0046 notes '방향')에는 원래 강도가 남아 있고 J는 world 제약이 없음."
P0019,SRC2_002,[이조원/INSPECTOR_REPORT] 김명신 | 구순의 이웃으로 살며 구순의 행실을 비판했다고 보고 | ,AP0027|AP0028,EC0025|EC0026,,,DN_EC0025(ATTRIBUTE_ONLY)|DN_EC0026(SPEECH_OR_JUDGMENT_EVENT_NODE),,FULL,OK,OK,OK,OK,OK,OK,OK,OK,PRESERVED,NO_ISSUE,
P0020,SRC2_002,[이조원/INSPECTOR_REPORT] 구순 | 김명신의 비판 때문에 앙심을 품고 모함하려 했다고 주장 | 김명신,AP0029|AP0030|AP0031,EC0027|EC0028|EC0029,,,DN_EC0027(ATTRIBUTE_ONLY)|DN_EC0028(ATTRIBUTE_ONLY)|DN_EC0029(ATTRIBUTE_ONLY),,FULL,OK,OK,OK,OK,OK,OK,OK,OK,PRESERVED_AS_ATTRIBUTE,NO_ISSUE,
P0021,SRC2_002,[이조원/INSPECTOR_REPORT] 구순 | 도난 상황을 꾸몄다고 주장 | ,AP0032,EC0030,H_GUSUN_THEFT_OCCURRED,J_IJOWON_17930527_THEFT,DN_EC0030(REVIEW_REQUIRED),,FULL,OK,OK,OK,OK,OK,OK,OK,OK,REVIEW_REQUIRED,NO_ISSUE,REVIEW: DAG DN_EC0030=REVIEW_REQUIRED: FABSCOPE_EC0030: EC0012와 같은 이유로 node/attribute 결정 보류. [사실] 이 속성·내용이 다루는 사실 H_GUSUN_THEFT_OCCURRED(H_ 자체는 node도 활성 조건도 아님
P0022,SRC2_002,[이조원/INSPECTOR_REPORT] 구순 | 지세랑이라는 말을 만들어 퍼뜨렸다고 주장 | ,AP0033|AP0034,EC0031|EC0032,H_JISE_TERM_COINED_BY_GUSUN,J_IJOWON_17930527_JISE,DN_EC0031(MATERIAL_EVENT_NODE)|DN_EC0032(SPEECH_OR_JUDGMENT_EVENT_NODE),,FULL,OK,OK,OK,OK,OK,OK,OK,OK,PRESERVED,NO_ISSUE,
P0023,SRC2_002,[이조원/INSPECTOR_REPORT] 구순 | 작은 궤짝의 돈을 도둑맞았다고 꾸몄다고 주장 | ,AP0035,EC0033,,,DN_EC0033(MATERIAL_EVENT_NODE),,FULL,OK,OK,OK,OK,OK,OK,OK,OK,PRESERVED,NO_ISSUE,
P0024,SRC2_002,[이조원/INSPECTOR_REPORT] 구순 | 하인의 부스럼 흔적을 창상으로 꾸몄다고 주장 | ,AP0036|AP0037,EC0034|EC0035,,,DN_EC0034(ATTRIBUTE_ONLY)|DN_EC0035(MATERIAL_EVENT_NODE),,FULL,OK,OK,OK,OK,OK,OK,OK,OK,PRESERVED,NO_ISSUE,
P0025,SRC2_002,[이조원/INSPECTOR_REPORT] 김명신 | 구순이 구성한 죄안으로 병영 옥에서 원통하게 죽었다고 주장 | ,AP0038|AP0039|AP0040|AP0041,EC0036|EC0037|EC0038,H_KIM_DEATH_DIRECT_CAUSE_CHARGE_NOT_DISEASE|H_KIM_DEATH_IN_BYEONGYEONG_PRISON|H_KIM_DEATH_RESPONSIBILITY_WRONGFUL_CHARGE|H_KIM_MYEONGSIN_DIED,J_IJOWON_17930527_KIM_DEATH,DN_EC0036(MATERIAL_EVENT_NODE)|DN_EC0037(ATTRIBUTE_ONLY)|DN_EC0038(ATTRIBUTE_ONLY),TE0003,PARTIAL,OK,OK,OK,OK,MINOR(REVIEW): LEXICON,OK,OK,OK,PRESERVED,MINOR,[MINOR/REVIEW] CAUSELEVEL_EC0038=DIRECT_CAUSE 해석일 때 E_EC0038 ↔ H('직접 사인이 질병(전염병 포함)이 아니라 죄안에 따른 처우 자체'). P0025는 질병을 배제한다고 말하지 않음 — '직접 사인은 하나'라는 해석을 더해야 질병 배제가 나옴. 해석 가설 분기 안에서만 작동하고 RESPONSIBILITY 해석이 따로 있어 원인/책임 구분 자체는 보존됨.
P0026,SRC2_002,[이조원/INSPECTOR_REPORT] 김명신의 아내 | 김명신이 죽은 뒤 따라 죽었다고 보고 | ,AP0042|AP0043,EC0039|EC0040,H_KIM_WIFE_DEATH_CAUSE_EPIDEMIC|H_KIM_WIFE_DIED|H_KIM_WIFE_DIED_AFTER_KIM,J_IJOWON_17930527_KIM_DEATH,DN_EC0039(MATERIAL_EVENT_NODE)|DN_EC0040(ATTRIBUTE_ONLY),TE0003,PARTIAL,OK,OK,OK,OK,MINOR(REVIEW): LEXICON,OK,OK,OK,PRESERVED,MINOR,[MINOR/REVIEW] RC0229 SENSE_EC0040=CAUSAL_FOLLOWING_EXCLUDING_EPIDEMIC일 때 E_EC0040 → ¬H(아내 사인 전염병). P0026 '김명신이 죽은 뒤 따라 죽었다'는 전염병을 배제한다고 말하지 않음 — '따라'를 '전염병 아닌 원인으로 뒤따름'으로 읽는 해석 분기에서만 배제가 생김. SEQUENCE_ONLY 분기가 따로 있어 원문 의미 자체는 열려 있음.
P0027,SRC2_002,[이조원/INSPECTOR_REPORT] 병사 | 사건을 자세히 조사하지 않고 하급 보조자에게 맡겼다고 주장 | ,AP0044|AP0045,EC0041|EC0042,,,DN_EC0041(ATTRIBUTE_ONLY)|DN_EC0042(INVESTIGATIVE_EVENT_NODE),,FULL,OK,OK,OK,OK,OK,OK,OK,OK,PRESERVED,NO_ISSUE,
P0028,SRC2_002,[이조원/INSPECTOR_REPORT] 병영의 하급 보조자 | 구순의 가객이었다고 주장 | ,AP0046,EC0043,H_HAN_JAEUK_ACQUAINTED_WITH_GUSUN,,DN_EC0043(ATTRIBUTE_ONLY),,FULL,OK,OK,OK,OK,OK,OK,OK,OK,PRESERVED_AS_ATTRIBUTE,NO_ISSUE,
P0029,SRC2_002,[정조/비변사 당상/COURT_DISCUSSION] 이조원 | 도난 진위와 중대 사실을 현장에서 직접 안핵하지 않은 점을 비판받음 | ,AP0047,,,,,,PARTIAL,OK,OK,OK,OK,OK,OK,OK,OK,REVIEW_REQUIRED,NO_ISSUE,REVIEW: 부모 P0029가 AMBIGUOUS/REVIEW: 발화 주체(정조/비변사 당상) 미확정.
P0030,SRC2_002,[정조/ROYAL_ORDER] 정조 | 이조원을 파직하도록 명함 | 이조원,AP0048,EC0044,,,DN_EC0044(ORDER_EVENT_NODE),TE0062 (+date-only 41),FULL,OK,OK,OK,OK,OK,OK,OK,OK,PRESERVED,NO_ISSUE,
P0031,SRC2_002,[정조/ROYAL_ORDER] 정조 | 구순을 의금부에 엄히 가두고 반복 신문하도록 명함 | 구순,AP0049,EC0045,,,DN_EC0045(ORDER_EVENT_NODE),TE0063 (+date-only 41),FULL,OK,OK,OK,OK,OK,OK,OK,OK,PRESERVED,NO_ISSUE,
P0032,SRC2_003,[이조원/INSPECTOR_REPORT] 이조원 | 구순 사건에 대해 도난이 없었다는 방향의 판단을 보고 | ,AP0050,EC0046,H_GUSUN_THEFT_OCCURRED,J_IJOWON_17930527_THEFT,DN_EC0046(ATTRIBUTE_ONLY),,PARTIAL,OK,OK,OK,OK,MINOR(CONFIRMED): SCOPE_IFF,OK,MINOR(CONFIRMED): J_STRENGTH,OK,PRESERVED_AS_ATTRIBUTE,MINOR,"[MINOR/CONFIRMED] J_IJOWON_17930527_THEFT stance=REJECTS/STRONG이 EC0024(DOUBTED: '이치에 맞지 않는다'), EC0046('도난이 없었다는 방향'), EC0030('꾸몄다고 주장')을 한 판단으로 묶음. 요약 강도가 의심·방향 표현보다 강함. claim 층(EC0024 DOUBTS·evidence only, EC0046 notes '방향')에는 원래 강도가 남아 있고 J는 world 제약이 없음. / [MINOR/CONFIRMED] AP0050 '도난이 없었다는 방향의 판단을 보고' → EC0046 'NEGATED 구순 사건의 도난 있었음', E ↔ ¬H. '방향'이 EC 술어에서 빠짐. projection reason·claim_scope에 보존."
P0033,SRC2_003,[정조/ROYAL_JUDGMENT] 정조 | 이조원이 직접 안핵하지 않고 전해 들은 말을 서계에 붙인 점을 문제 삼음 | ,AP0051|AP0052,,,,,,FULL,OK,OK,OK,OK,OK,OK,OK,OK,PRESERVED_AS_META_PROCEDURAL,NO_ISSUE,
P0034,SRC2_004,[정조/ROYAL_DISCUSSION] 정조 | 구순 사건과 지세랑 호칭을 홍대협에게 물음 | ,AP0053,,,,,,FULL,OK,OK,OK,OK,OK,OK,OK,OK,PRESERVED_AS_META_PROCEDURAL,NO_ISSUE,
P0035,SRC2_004,[홍대협/DIRECT_STATEMENT] 홍대협 | 귀로에 사건 개요를 조금 들었다고 말함 | ,AP0054,,,,,,FULL,OK,OK,OK,OK,OK,OK,OK,OK,PRESERVED_AS_META_PROCEDURAL,NO_ISSUE,
P0036,SRC2_004,[홍대협/DIRECT_STATEMENT] 홍대협 | 지세랑 호칭은 예전 호중 화적도 사용한 적이 있어 이번에 처음 생긴 말이 아닌 듯하다고 말함 | ,AP0055|AP0056,EC0047,H_JISE_TERM_PRIOR_USE,J_HONG_17930528_JISE,DN_EC0047(ATTRIBUTE_ONLY),,PARTIAL,OK,OK,MINOR(CONFIRMED): CLAUSE,OK,OK,MINOR(REVIEW): REVISION_NOT_IN_RAW,OK,OK,PRESERVED_AS_ATTRIBUTE,MINOR,"[MINOR/CONFIRMED] '예전 호중 화적도 사용한 적이 있어 이번에 처음 생긴 말이 아닌 듯' — 근거→추론(이유 연결) 구조가 AP0055(근거)·AP0056(추론, ATTESTATION_ONLY)로 나뉘고 연결은 shared_utterance_group UG_P0036과 projection reason에만 남음. / [MINOR/REVIEW] JR002(홍대협 5/28 → 6/13 지세) REVISED_BY는 원문에 '수정' 표현이 없음(P0036 유보 추론, P0100 기원 미확정). 날짜 순서 자체는 기사일로 맞고, JR002 notes가 '수정인지 정밀화인지 REVIEW'로 표시."
P0037,SRC2_004,[정조/ROYAL_ORDER] 정조 | 홍대협에게 내려가 자세히 조사해 오라고 명함 | 홍대협,AP0057,EC0048,,,DN_EC0048(ORDER_EVENT_NODE),TE0015|TE0027|TE0033|TE0039 (+date-only 40),PARTIAL,OK,OK,OK,OK,OK,MINOR(REVIEW): TRIGGER_NOT_EXPLICIT,OK,OK,PRESERVED,MINOR,"[MINOR/REVIEW] PROCEDURAL_TRIGGER_IF_EXPLICIT인데 근거 문구('내려가 자세히 조사해 오라', '안핵어사 홍대협 복명')에 '~에 따라' 같은 연결어가 없음. 선후(명령 5/28 → 안핵 신문)는 직함으로 지지되지만 edge 유형이 원문보다 강함. 37에서 manual_review_required=YES."
P0038,SRC2_004,[정조/ROYAL_ORDER] 정조 | 홍대협을 충청도 공주 안핵어사로 차하함 | 홍대협,AP0058,EC0049,,,DN_EC0049(ORDER_EVENT_NODE),TE0016|TE0028|TE0034|TE0040 (+date-only 40),PARTIAL,OK,OK,OK,OK,OK,MINOR(REVIEW): TRIGGER_NOT_EXPLICIT,OK,OK,PRESERVED,MINOR,[MINOR/REVIEW] TE0015와 같음('안핵어사').
P0039,SRC2_005,[윤노동/INSPECTOR_REPORT] 구순 | 도적을 만났다고 말하고 영교를 불러 김명신 등의 이름을 써 주었다고 주장 | ,AP0059|AP0060|AP0061,EC0050|EC0051|EC0052,H_GUSUN_THEFT_OCCURRED,,DN_EC0050(MATERIAL_EVENT_NODE)|DN_EC0051(MATERIAL_EVENT_NODE)|DN_EC0052(MATERIAL_EVENT_NODE),TE0051,PARTIAL,OK,OK,OK,OK,OK,OK,MINOR(CONFIRMED): NESTED_INNER,OK,PRESERVED,MINOR,"[MINOR/CONFIRMED] 윤노동 > 구순('도적을 만났다'). AP0059 → EC0050 '구순 도적을 만남'(내용, INTERP_EC0050). 구순이 그렇게 말한 발화 행위는 node·변수가 없음(같은 구조의 P0003은 SPEECH_EVENT EC0002로 보존됨)."
P0040,SRC2_005,[윤노동/INSPECTOR_REPORT] 김명신 | 체포·구금 뒤 병들어 죽었다고 보고 | ,AP0062|AP0063|AP0064,EC0053|EC0054|EC0055,H_KIM_DEATH_AFTER_DETENTION|H_KIM_DEATH_CAUSE_DISEASE|H_KIM_MYEONGSIN_DIED,J_YUNNODONG_17930611_KIM_DEATH,DN_EC0053(MATERIAL_EVENT_NODE)|DN_EC0054(ATTRIBUTE_ONLY)|DN_EC0055(ATTRIBUTE_ONLY),TE0047|TE0048,FULL,OK,OK,OK,OK,OK,OK,OK,OK,PRESERVED,NO_ISSUE,
P0041,SRC2_005,[윤노동/INSPECTOR_REPORT] 여러 죄수 | 참혹한 형벌을 받았다고 보고 | ,AP0065,EC0056,,,DN_EC0056(MATERIAL_EVENT_NODE),,DISTORTED,CRITICAL(CONFIRMED): ACTOR_INVERSION,OK,OK,OK,OK,OK,OK,OK,REVIEW_REQUIRED,CRITICAL,"[CRITICAL/CONFIRMED] P0041 '여러 죄수가 참혹한 형벌을 받았다'(피동). DAG node는 subject=여러 죄수, action='형벌 가함(여러 죄수)'. EC0056은 정상. DN_EC0009와 같은 유형."
P0042,SRC2_005,[윤노동/INSPECTOR_REPORT] 수사 | 진정한 장물을 얻지 못했다고 보고 | ,AP0066,EC0057,,,DN_EC0057(ATTRIBUTE_ONLY),,FULL,OK,OK,OK,OK,OK,OK,OK,OK,PRESERVED_AS_ATTRIBUTE,NO_ISSUE,
P0043,SRC2_005,[윤노동/INSPECTOR_REPORT] 한재욱 | 변가의 처를 꾀어 김명신이 도적 괴수라는 취지의 공초를 내게 했다고 주장 | ,AP0067|AP0068|AP0069,EC0058|EC0059|EC0060,H_HAN_JAEUK_COAXED_BYEONGA_CHEO,J_YUNNODONG_17930611_COACHING,DN_EC0058(MATERIAL_EVENT_NODE)|DN_EC0059(SPEECH_OR_JUDGMENT_EVENT_NODE)|DN_EC0060(ATTRIBUTE_ONLY),TE0013,FULL,OK,OK,OK,OK,OK,OK,OK,OK,PRESERVED,NO_ISSUE,
P0044,SRC2_005,[비변사/MINISTERIAL_PROPOSAL] 비변사 | 홍대협의 안핵 복명 전이므로 윤노동 별단의 구순 사건 처리를 보류할 것을 청함 | ,AP0070,EC0061,,,DN_EC0061(SPEECH_OR_JUDGMENT_EVENT_NODE),TE0022|TE0023|TE0025|TE0026|TE0032|TE0038 (+date-only 41),FULL,OK,OK,OK,OK,OK,OK,OK,OK,PRESERVED,NO_ISSUE,
P0045,SRC2_005,[정조/ROYAL_ORDER] 정조 | 비변사의 보류 요청을 윤허함 | ,AP0071,EC0062,,,DN_EC0062(ORDER_EVENT_NODE),TE0025 (+date-only 44),FULL,OK,OK,OK,OK,OK,OK,OK,OK,PRESERVED,NO_ISSUE,
P0046,SRC2_006,[홍대협/OFFICIAL_REPORT] 홍대협 | 공주목에 도착해 관련자들을 차례로 신문함 | ,AP0072,EC0063,,,DN_EC0063(INVESTIGATIVE_EVENT_NODE),TE0015|TE0016|TE0017|TE0018|TE0019|TE0060|TE0061,FULL,OK,OK,OK,OK,OK,OK,OK,OK,PRESERVED,NO_ISSUE,
P0047,SRC2_006,[명업/TESTIMONY] 명업 | 구순 집 계집종의 남편이며 바깥사랑에 거주했다고 진술 | ,AP0073,EC0064,,,DN_EC0064(ATTRIBUTE_ONLY),,FULL,OK,OK,OK,OK,OK,OK,OK,OK,PRESERVED_AS_ATTRIBUTE,NO_ISSUE,
P0048,SRC2_006,[명업/TESTIMONY] 나복 | 2월 22일 밤 명업에게 도적이 들었다고 알렸다고 진술됨 | ,AP0074,EC0065,H_GUSUN_THEFT_OCCURRED,,DN_EC0065(SPEECH_OR_JUDGMENT_EVENT_NODE), (+date-only 42),FULL,OK,OK,OK,OK,OK,OK,OK,OK,PRESERVED,NO_ISSUE,
P0049,SRC2_006,[명업/TESTIMONY] 나복 | 도적 30여 명이 횃불을 들고 들어와 지세대감이라 자칭하고 돈과 물품을 훔쳤다고 말했다고 진술됨 | ,AP0075|AP0076|AP0077|AP0078|AP0079,EC0066|EC0067|EC0068|EC0069|EC0070,H_GUSUN_LARGE_ARMED_BAND_INTRUDED|H_GUSUN_THEFT_OCCURRED,,DN_EC0066(MATERIAL_EVENT_NODE)|DN_EC0067(ATTRIBUTE_ONLY)|DN_EC0068(ATTRIBUTE_ONLY)|DN_EC0069(SPEECH_OR_JUDGMENT_EVENT_NODE)|DN_EC0070(MATERIAL_EVENT_NODE), (+date-only 126),DISTORTED,OK,OK,OK,OK,MAJOR(REVIEW): LEXICON,OK,MINOR(CONFIRMED): NESTED_INNER,OK,REVIEW_REQUIRED,MAJOR,"[MAJOR/REVIEW] RC0212 E_EC0067 → H_GUSUN_LARGE_ARMED_BAND_INTRUDED. P0049(나복→명업)는 '도적 30여 명'만 말함. H의 술어는 '큰 무리의 화적(도적떼)이 들었음'으로 규모(30여 명)와 성격(화적: 이조원 P0018·홍대협 P0099의 표현)을 한 사실에 합침. 규모 claim만 참이어도 '화적'까지 참이 되도록 함의가 걸림. historical_facts.manual_review_required=YES로 이미 표시됨. / [MINOR/CONFIRMED] 명업 > 나복 > (도적 30여 명·횃불·지세대감 자칭·돈과 물품). AP0075–AP0079 depth 2–3 보존, EC0066–EC0070은 내용. '명업의 진술 존재'(ATT 고정) ≠ '나복이 그렇게 말함'(변수 없음; 알림 행위 EC0065만 별도) ≠ '실제 30여 명'(E_EC0067 자유). 합쳐지지는 않으나 INNER 층은 attestation에만 남음."
P0050,SRC2_006,[명업/TESTIMONY] 김명신 | 본래 구순과 친숙하여 날마다 왕래했다고 진술 | ,AP0080,EC0071,,,DN_EC0071(ATTRIBUTE_ONLY),,FULL,OK,OK,OK,OK,OK,OK,OK,OK,PRESERVED_AS_ATTRIBUTE,NO_ISSUE,
P0051,SRC2_006,[명업/TESTIMONY] 김명신 | 2월 초 박거사 일로 구순에게 편지를 보내 힐책했다고 진술 | ,AP0081,EC0072,,,DN_EC0072(MATERIAL_EVENT_NODE),TE0004 (+date-only 45),FULL,OK,OK,OK,OK,OK,OK,OK,OK,PRESERVED,NO_ISSUE,
P0052,SRC2_006,[명업/TESTIMONY] 구순·김명신 | 그 뒤 왕래가 끊겼다고 진술 | ,AP0082,EC0073,,,DN_EC0073(MATERIAL_EVENT_NODE),TE0004,FULL,OK,OK,OK,OK,OK,OK,OK,OK,PRESERVED,NO_ISSUE,
P0053,SRC2_006,[명업/TESTIMONY] 구순 | 소장을 올려 체포령이 내려졌다고 진술 | ,AP0083|AP0084,EC0074|EC0075,,,DN_EC0074(SPEECH_OR_JUDGMENT_EVENT_NODE)|DN_EC0075(ORDER_EVENT_NODE),TE0011,FULL,OK,OK,OK,OK,OK,OK,OK,OK,PRESERVED,NO_ISSUE,
P0054,SRC2_006,[명업/TESTIMONY] 구순 | 찾아온 장교 한 명을 안행랑으로 불러 조용히 대화했다고 진술 | 장교 1명,AP0085,EC0076,,,DN_EC0076(MATERIAL_EVENT_NODE),,FULL,OK,OK,OK,OK,OK,OK,OK,OK,PRESERVED,NO_ISSUE,
P0055,SRC2_006,[명업/TESTIMONY] 명업 | 병영 뜰 공초에서 처음에는 사실대로 말했으나 위협이 두려워 도적이 없었다는 취지로 바꾸었다고 진술 | ,AP0086|AP0087|AP0088|AP0089,EC0077|EC0078|EC0079|EC0080,H_GUSUN_THEFT_OCCURRED,,DN_EC0077(SPEECH_OR_JUDGMENT_EVENT_NODE)|DN_EC0078(ATTRIBUTE_ONLY)|DN_EC0079(SPEECH_OR_JUDGMENT_EVENT_NODE)|DN_EC0080(ATTRIBUTE_ONLY),TE0008,FULL,OK,OK,OK,OK,OK,OK,OK,OK,PRESERVED,NO_ISSUE,
P0056,SRC2_006,[이진욱/TESTIMONY] 병영 | 2월 28일 밤 이진욱을 비장청으로 부름 | 이진욱,AP0090,EC0081,,,DN_EC0081(MATERIAL_EVENT_NODE), (+date-only 42),FULL,OK,OK,OK,OK,OK,OK,OK,OK,PRESERVED,NO_ISSUE,
P0057,SRC2_006,[이진욱/TESTIMONY] 한재욱 | 이진욱·조계완 등에게 덕평으로 가도록 지시했다고 진술 | 이진욱·조계완 등,AP0091,EC0082,,,DN_EC0082(ORDER_EVENT_NODE), (+date-only 42),FULL,OK,OK,OK,OK,OK,OK,OK,OK,PRESERVED,NO_ISSUE,
P0058,SRC2_006,[이진욱/TESTIMONY] 한재욱 | 변지돌과 정원돌을 잡아오라고 지시했다고 진술 | 변지돌·정원돌,AP0092,EC0083,,,DN_EC0083(ORDER_EVENT_NODE), (+date-only 42),FULL,OK,OK,OK,OK,OK,OK,OK,OK,PRESERVED,NO_ISSUE,
P0059,SRC2_006,[이진욱/TESTIMONY] 한재욱 | 철편 네 개를 만들어 주었다고 진술 | 철편 4개,AP0093,EC0084,,,DN_EC0084(MATERIAL_EVENT_NODE), (+date-only 38),FULL,OK,OK,OK,OK,OK,OK,OK,OK,PRESERVED,NO_ISSUE,
P0060,SRC2_006,[이진욱/TESTIMONY] 한재욱 | 변지돌과 정원돌이 처남매부 사이이며 변지돌이 힘이 세니 조심하라고 말했다고 진술 | ,AP0094|AP0095|AP0096,EC0085|EC0086|EC0087,,,DN_EC0085(ATTRIBUTE_ONLY)|DN_EC0086(ATTRIBUTE_ONLY)|DN_EC0087(SPEECH_OR_JUDGMENT_EVENT_NODE),,PARTIAL,OK,OK,MINOR(CONFIRMED): CLAUSE,OK,OK,OK,MINOR(CONFIRMED): NESTED_INNER,OK,PRESERVED,MINOR,"[MINOR/CONFIRMED] '변지돌이 힘이 세니 조심하라' — 이유 연결이 AP0095·AP0096 분리 후 UG_P0060에만 남음. / [MINOR/CONFIRMED] 이진욱 > 한재욱('처남매부', '힘이 세다'). AP0094·AP0095 → EC0085·EC0086 내용만. 경고 발언(EC0087)은 별도 SPEECH."
P0061,SRC2_006,[이진욱/TESTIMONY] 변지돌 | 이미 공주진에서 잡혀간 상태였다고 진술 | ,AP0097,EC0088,,,DN_EC0088(ATTRIBUTE_ONLY),,FULL,OK,OK,OK,OK,OK,OK,OK,OK,PRESERVED_AS_ATTRIBUTE,NO_ISSUE,
P0062,SRC2_006,[이진욱/TESTIMONY] 이진욱 등 장교 | 변지돌의 아우 재돌의 처 자미덕만 잡았다고 진술 | 자미덕,AP0098|AP0099|AP0100|AP0101,EC0089|EC0090|EC0091|EC0092,,,DN_EC0089(MATERIAL_EVENT_NODE)|DN_EC0090(ATTRIBUTE_ONLY)|DN_EC0091(ATTRIBUTE_ONLY)|DN_EC0092(ATTRIBUTE_ONLY),TE0055 (+date-only 41),FULL,OK,OK,OK,OK,OK,OK,OK,OK,PRESERVED,NO_ISSUE,
P0063,SRC2_006,[이진욱/TESTIMONY] 장교 일행 | 자미덕을 데리고 구순 집으로 가 도난 상황을 물었다고 진술 | 구순,AP0102,EC0093,,,DN_EC0093(INVESTIGATIVE_EVENT_NODE),TE0055 (+date-only 41),FULL,OK,OK,OK,OK,OK,OK,OK,OK,PRESERVED,NO_ISSUE,
P0064,SRC2_006,[이진욱/TESTIMONY] 구순 | 잃은 물건들을 열거했다고 진술됨 | ,AP0103,EC0094,H_GUSUN_THEFT_OCCURRED,,DN_EC0094(SPEECH_OR_JUDGMENT_EVENT_NODE), (+date-only 41),FULL,OK,OK,OK,OK,OK,OK,OK,OK,PRESERVED,NO_ISSUE,
P0065,SRC2_006,[이진욱/TESTIMONY] 구순 | 도적이 스스로 지세대사라고 자칭했다고 말했다고 진술됨 | ,AP0104,EC0095,,,DN_EC0095(SPEECH_OR_JUDGMENT_EVENT_NODE), (+date-only 41),FULL,OK,OK,OK,OK,OK,OK,OK,OK,PRESERVED,NO_ISSUE,
P0066,SRC2_006,[이진욱/TESTIMONY] 병사 이광섭 | 3월 4일 풍각 김생원과 흥덕 김생원을 잡아오라고 지시했다고 진술 | 김명신·김갑득,AP0105,EC0096,,,DN_EC0096(ORDER_EVENT_NODE),TE0010 (+date-only 39),FULL,OK,OK,OK,OK,OK,OK,OK,OK,PRESERVED,NO_ISSUE,
P0067,SRC2_006,[이진욱/TESTIMONY] 풍각 김생원 | 김명신으로 식별됨 | ,AP0106,,,,,,FULL,OK,OK,OK,OK,OK,OK,OK,OK,PRESERVED_AS_META_PROCEDURAL,NO_ISSUE,
P0068,SRC2_006,[이진욱/TESTIMONY] 흥덕 김생원 | 김갑득으로 식별됨 | ,AP0107,,,,,,FULL,OK,OK,OK,OK,OK,OK,OK,OK,PRESERVED_AS_META_PROCEDURAL,NO_ISSUE,
P0069,SRC2_006,[이진욱/TESTIMONY] 장교 일행 | 병사 분부에 따라 김명신과 김갑득을 잡아왔다고 진술 | 김명신·김갑득,AP0108,EC0097,,,DN_EC0097(MATERIAL_EVENT_NODE),TE0010|TE0057 (+date-only 39),DISTORTED,OK,MAJOR(REVIEW): IDENTITY_IN_EDGE,OK,OK,OK,OK,OK,OK,REVIEW_REQUIRED,MAJOR,"[MAJOR/REVIEW] TE0010 지시(EC0096: '풍각 김생원·흥덕 김생원' 체포) → 체포(EC0097: '김명신·김갑득', '병사 분부에 따라'). 두 node를 잇는 근거는 '분부'의 referent가 EC0096이라는 것과 풍각 김생원=김명신·흥덕 김생원=김갑득 동일성인데, 활성 조건에는 ID_BYEONGSA_SRC2_006__IGWANGSEOP만 있고 ID_PUNGGAK_KIMSAENGWON__KIMMYEONGSIN·ID_HEUNGDEOK_KIMSAENGWON__KIMGAPDEUK(둘 다 FREE 가설)는 없음 → 동일성 가설이 이 edge에서는 확정처럼 쓰임. 원문 직접 식별(P0067·P0068, HIGH)이라 위험은 낮지만 ERROR 후보로 보고."
P0070,SRC2_006,[조계완/TESTIMONY] 조계완 | 풍각 김생원을 잡으러 가는 길에 구순 집에 들렀다고 진술 | ,AP0109,EC0098,,,DN_EC0098(MATERIAL_EVENT_NODE),TE0057 (+date-only 39),FULL,OK,OK,OK,OK,OK,OK,OK,OK,PRESERVED,NO_ISSUE,
P0071,SRC2_006,[조계완/TESTIMONY] 구순 | 왜 다시 왔는지 물었다고 진술됨 | 조계완,AP0110,EC0099,,,DN_EC0099(SPEECH_OR_JUDGMENT_EVENT_NODE),TE0053 (+date-only 39),FULL,OK,OK,OK,OK,OK,OK,OK,OK,PRESERVED,NO_ISSUE,
P0072,SRC2_006,[조계완/TESTIMONY] 조계완 | 풍각의 상주를 잡으러 왔다고 답했다고 진술 | ,AP0111,EC0100,,,DN_EC0100(SPEECH_OR_JUDGMENT_EVENT_NODE),TE0053 (+date-only 39),FULL,OK,OK,OK,OK,OK,OK,OK,OK,PRESERVED,NO_ISSUE,
P0073,SRC2_006,[조계완/TESTIMONY] 구순 | 이제야 도적 다스리는 일이 바른 길을 얻었다는 취지로 말했다고 진술됨 | ,AP0112,EC0101,,,DN_EC0101(SPEECH_OR_JUDGMENT_EVENT_NODE), (+date-only 39),FULL,OK,OK,OK,OK,OK,OK,OK,OK,PRESERVED,NO_ISSUE,
P0074,SRC2_006,[조계완/TESTIMONY] 구순 | 서찰 한 장을 건네며 병사에게 전해달라고 요구했다고 진술됨 | 조계완,AP0113,EC0102,,,DN_EC0102(MATERIAL_EVENT_NODE), (+date-only 39),FULL,OK,OK,OK,OK,OK,OK,OK,OK,PRESERVED,NO_ISSUE,
P0075,SRC2_006,[자미덕/TESTIMONY] 재돌 | 아산에 나가 있었다고 진술 | ,AP0114,EC0103,,,DN_EC0103(MATERIAL_EVENT_NODE),TE0005,DISTORTED,OK,OK,OK,OK,OK,MAJOR(CONFIRMED): STATE_STRICT_EDGE,OK,OK,REVIEW_REQUIRED,MAJOR,[MAJOR/CONFIRMED] P0075 '(자미덕 체포 전) 재돌은 아산에 나가 있었다'. TE0005는 체류 상태(EC0103) TEMPORAL_BEFORE 체포(EC0104)이고 v2_09의 선후 edge 의미는 'a가 끝난 뒤 b 시작'. 원문은 체포 무렵(전) 재돌이 아산에 있었다는 뜻이며 체류가 체포 전에 끝났다는 뜻이 아님(체포 때도 아산에 있었을 가능성이 높음) → 시간 의미가 강해짐.
P0076,SRC2_006,[자미덕/TESTIMONY] 병영 장교 | 자미덕을 병영으로 붙잡아 갔다고 진술 | 자미덕,AP0115,EC0104,,,DN_EC0104(MATERIAL_EVENT_NODE),TE0005,FULL,OK,OK,OK,OK,OK,OK,OK,OK,PRESERVED,NO_ISSUE,
P0077,SRC2_006,[자미덕/TESTIMONY] 병영 | 자미덕을 도적이라고 하며 한 차례 신문했다고 진술 | 자미덕,AP0116,EC0105,,,DN_EC0105(INVESTIGATIVE_EVENT_NODE),TE0006,FULL,OK,OK,OK,OK,OK,OK,OK,OK,PRESERVED,NO_ISSUE,
P0078,SRC2_006,[자미덕/TESTIMONY] 자미덕 | 신문 뒤 비장청 다모방에 구류되었다고 진술 | ,AP0117,EC0106,,,DN_EC0106(MATERIAL_EVENT_NODE),TE0006|TE0007,FULL,OK,OK,OK,OK,OK,OK,OK,OK,PRESERVED,NO_ISSUE,
P0079,SRC2_006,[자미덕/TESTIMONY] 한 비장 | 그 후 매일 자미덕을 방안으로 불러들였다고 진술 | 자미덕,AP0118,EC0107,H_HAN_JAEUK_INSTIGATED_JAMIDEOK,J_JAMIDEOK_17930613_COACHING,DN_EC0107(MATERIAL_EVENT_NODE),TE0007,DISTORTED,OK,OK,OK,OK,OK,MAJOR(CONFIRMED): STATE_STRICT_EDGE,OK,OK,REVIEW_REQUIRED,MAJOR,[MAJOR/CONFIRMED] P0079 '그 후 매일 자미덕을 방안으로 불러들였다'. TE0007은 구류 상태(EC0106) TEMPORAL_BEFORE 호출(EC0107) = '구류가 끝난 뒤 호출 시작'. 원문 흐름(다모방 구류 중 매일 방으로 불러들임)은 호출이 구류 기간 안이라는 뜻 → 원문과 충돌할 수 있는 강화. '그 후'의 기준점은 구류 시작.
P0080,SRC2_006,[자미덕/TESTIMONY] 한 비장 | 자미덕의 남편 재돌이 이미 체포되었다고 말했다고 진술 | ,AP0119,EC0108,H_HAN_JAEUK_INSTIGATED_JAMIDEOK,J_JAMIDEOK_17930613_COACHING,DN_EC0108(SPEECH_OR_JUDGMENT_EVENT_NODE),,FULL,OK,OK,OK,OK,OK,OK,OK,OK,PRESERVED,NO_ISSUE,
P0081,SRC2_006,[자미덕/TESTIMONY] 한 비장 | 정원돌·이집거·김갑득·김성손·김흥득 등을 큰 도적들이라고 말하면 자미덕과 남편을 다음 날 석방하겠다고 말했다고 진술 | ,AP0120|AP0121,EC0109|EC0110,H_HANBIJANG_CONDITIONAL_RELEASE_OFFER,J_JAMIDEOK_17930613_COACHING,DN_EC0109(SPEECH_OR_JUDGMENT_EVENT_NODE)|DN_EC0110(ATTRIBUTE_ONLY),,FULL,OK,OK,OK,OK,OK,OK,OK,OK,PRESERVED,NO_ISSUE,
P0082,SRC2_006,[자미덕/TESTIMONY] 한 비장 | 자미덕에게 떡과 밥을 주었다고 진술 | 자미덕,AP0122,EC0111,H_HAN_JAEUK_INSTIGATED_JAMIDEOK,J_JAMIDEOK_17930613_COACHING,DN_EC0111(MATERIAL_EVENT_NODE),,FULL,OK,OK,OK,OK,OK,OK,OK,OK,PRESERVED,NO_ISSUE,
P0083,SRC2_006,[자미덕/TESTIMONY] 자미덕·이집거 | 서로 대질했다고 진술 | ,AP0123,EC0112,H_JAMIDEOK_IJIPGEO_CONFRONTATION,J_JAMIDEOK_17930613_COACHING,DN_EC0112(MATERIAL_EVENT_NODE),TE0009,FULL,OK,OK,OK,OK,OK,OK,OK,OK,PRESERVED,NO_ISSUE,
P0084,SRC2_006,[자미덕/TESTIMONY] 자미덕 | 이집거와 대질할 때 한 비장의 지휘에 따라 거짓으로 꾸며 말했다고 진술 | ,AP0124|AP0125,EC0113|EC0114,H_HANBIJANG_DIRECTED_JAMIDEOK_FALSE_STATEMENT|H_JAMIDEOK_FALSE_STATEMENT_AT_CONFRONTATION,J_JAMIDEOK_17930613_COACHING,DN_EC0113(SPEECH_OR_JUDGMENT_EVENT_NODE)|DN_EC0114(MATERIAL_EVENT_NODE),TE0009|TE0056,FULL,OK,OK,OK,OK,OK,OK,OK,OK,PRESERVED,NO_ISSUE,
P0085,SRC2_006,[한재욱/TESTIMONY] 구순 | 구순 집 도난이 진영에 정소된 뒤였다고 진술 | ,AP0126,,,,,,PARTIAL,OK,OK,OK,OK,OK,OK,OK,OK,REVIEW_REQUIRED,NO_ISSUE,REVIEW: 부모 P0085가 AMBIGUOUS/REVIEW: 종속절('~정소된 뒤였다')만 있어 주절이 무엇인지 미상.
P0086,SRC2_006,[한재욱/TESTIMONY] 한재욱 | 도적 진상을 탐지하려고 병영 아전 유제희를 내보냈다고 진술 | 유제희,AP0127|AP0128,EC0115|EC0116,,,DN_EC0115(INVESTIGATIVE_EVENT_NODE)|DN_EC0116(ATTRIBUTE_ONLY),TE0059,FULL,OK,OK,OK,OK,OK,OK,OK,OK,PRESERVED,NO_ISSUE,
P0087,SRC2_006,[한재욱/TESTIMONY] 유제희 | 변지돌·변재돌·정원돌·김명신·김성손·김흥득·김흥길 등의 성명을 적어왔다고 진술됨 | ,AP0129,EC0117,,,DN_EC0117(INVESTIGATIVE_EVENT_NODE),,FULL,OK,OK,OK,OK,OK,OK,OK,OK,PRESERVED,NO_ISSUE,
P0088,SRC2_006,[한재욱/TESTIMONY] 유제희 | 그 이름들을 자신이 직접 염탐해 알아냈다고 말했다고 진술됨 | ,AP0130,EC0118,,,DN_EC0118(INVESTIGATIVE_EVENT_NODE),,PARTIAL,OK,OK,OK,OK,OK,OK,MINOR(CONFIRMED): NESTED_INNER,OK,PRESERVED,MINOR,[MINOR/CONFIRMED] 한재욱 > 유제희('직접 염탐해 알아냈다'). AP0130 → EC0118 '염탐' 행위(내용). 유제희의 그 말은 변수가 없음.
P0089,SRC2_006,[한재욱/TESTIMONY] 한재욱 | 자미덕을 방안으로 불러 남은 밥을 주었다고 인정 | 자미덕,AP0131|AP0132,EC0119|EC0120,H_HAN_JAEUK_INSTIGATED_JAMIDEOK,J_HANJAEUK_17930613_COACHING,DN_EC0119(MATERIAL_EVENT_NODE)|DN_EC0120(MATERIAL_EVENT_NODE),TE0052,FULL,OK,OK,OK,OK,OK,OK,OK,OK,PRESERVED,NO_ISSUE,
P0090,SRC2_006,[한재욱/TESTIMONY] 유제희 | 석단 공초에서 김명신이 도적 괴수라고 했으니 자미덕에게 다시 물어보라고 말했다고 진술됨 | ,AP0133|AP0134,EC0121|EC0122,,,DN_EC0121(SPEECH_OR_JUDGMENT_EVENT_NODE)|DN_EC0122(SPEECH_OR_JUDGMENT_EVENT_NODE),TE0012,PARTIAL,OK,OK,MINOR(CONFIRMED): CLAUSE,OK,OK,OK,OK,OK,PRESERVED,MINOR,[MINOR/CONFIRMED] '석단 공초에서 김명신이 도적 괴수라고 했으니 자미덕에게 다시 물어보라' — 이유 연결이 AP0133·AP0134 분리 후 UG_P0090에만 남음.
P0091,SRC2_006,[한재욱/TESTIMONY] 한재욱 | 유제희 말에 따라 자미덕에게 다시 물었다고 진술 | 자미덕,AP0135|AP0136,EC0123|EC0124,,,DN_EC0123(INVESTIGATIVE_EVENT_NODE)|DN_EC0124(ATTRIBUTE_ONLY),TE0012|TE0054,FULL,OK,OK,OK,OK,OK,OK,OK,OK,PRESERVED,NO_ISSUE,
P0092,SRC2_006,[한재욱/TESTIMONY] 자미덕 | 재질문에 모른다고 답했다고 진술됨 | ,AP0137,EC0125,,,DN_EC0125(SPEECH_OR_JUDGMENT_EVENT_NODE),TE0054,FULL,OK,OK,OK,OK,OK,OK,OK,OK,PRESERVED,NO_ISSUE,
P0093,SRC2_006,[한재욱/TESTIMONY] 한재욱 | 자미덕을 은밀히 사주한 일이 없다고 진술 | ,AP0138,EC0126,H_HAN_JAEUK_INSTIGATED_JAMIDEOK,J_HANJAEUK_17930613_COACHING,DN_EC0126(ATTRIBUTE_ONLY),,DISTORTED,OK,OK,OK,OK,MAJOR(CONFIRMED): SCOPE_IFF,OK,OK,OK,REVIEW_REQUIRED,MAJOR,[MAJOR/CONFIRMED] P0093 한재욱 '자미덕을 은밀히 사주한 일이 없다'. RC0235 E_EC0126 ↔ ¬H_HAN_JAEUK_INSTIGATED_JAMIDEOK인데 H의 술어는 '자미덕을 사주함'(은밀히 없음). 부인이 참이고(은밀한 사주는 없음) 공개적 사주는 있었던 world가 논리적으로 배제됨 → 부인 범위가 원문보다 넓어짐. 맞는 형태는 ¬H → E_EC0126 방향뿐. RC0235·RC0259–RC0261 reason에 '은밀히 범위 검토 필요'가 적혀 있으나 식은 IFF.
P0094,SRC2_006,[한재욱/TESTIMONY] 한재욱 | 구순과 평생 모르는 사이라고 진술 | ,AP0139,EC0127,H_HAN_JAEUK_ACQUAINTED_WITH_GUSUN,J_HANJAEUK_17930613_COACHING,DN_EC0127(ATTRIBUTE_ONLY),,FULL,OK,OK,OK,OK,OK,OK,OK,OK,PRESERVED_AS_ATTRIBUTE,NO_ISSUE,
P0095,SRC2_006,[유제희/TESTIMONY] 유제희 | 당초 현지에 가서 탐문했다고 진술 | ,AP0140,EC0128,,,DN_EC0128(INVESTIGATIVE_EVENT_NODE),TE0059,FULL,OK,OK,OK,OK,OK,OK,OK,OK,PRESERVED,NO_ISSUE,
P0096,SRC2_006,[유제희/TESTIMONY] 구순 | 풍각 김상제도 극히 수상하다고 말했다고 진술됨 | 김명신,AP0141,EC0129,,,DN_EC0129(SPEECH_OR_JUDGMENT_EVENT_NODE),TE0058,FULL,OK,OK,OK,OK,OK,OK,OK,OK,PRESERVED,NO_ISSUE,
P0097,SRC2_006,[유제희/TESTIMONY] 유제희 | 그 말을 원돌 등의 이름과 함께 기록해 올렸다고 진술 | ,AP0142,EC0130,,,DN_EC0130(INVESTIGATIVE_EVENT_NODE),TE0058,FULL,OK,OK,OK,OK,OK,OK,OK,OK,PRESERVED,NO_ISSUE,
P0098,SRC2_006,[홍대협/OFFICIAL_FINDING] 홍대협 | 약간의 도난은 실제였다고 판단 | ,AP0143,EC0131,H_GUSUN_THEFT_OCCURRED,J_HONG_17930613_THEFT,DN_EC0131(ATTRIBUTE_ONLY),,FULL,OK,OK,OK,OK,OK,OK,OK,OK,PRESERVED_AS_ATTRIBUTE,NO_ISSUE,
P0099,SRC2_006,[홍대협/OFFICIAL_FINDING] 홍대협 | 도난은 큰 화적 사건이 아니라 보통 좀도둑 수준이었다고 평가 | ,AP0144,EC0132,H_GUSUN_LARGE_ARMED_BAND_INTRUDED|H_GUSUN_THEFT_OCCURRED,J_HONG_17930613_THEFT,DN_EC0132(ATTRIBUTE_ONLY),,FULL,OK,OK,OK,OK,OK,OK,OK,OK,PRESERVED_AS_ATTRIBUTE,NO_ISSUE,
P0100,SRC2_006,[홍대협/OFFICIAL_FINDING] 지세 호칭 조사 | 여러 차례 조사와 별도 탐문에도 기원을 확정하지 못함 | ,AP0145,,,J_HONG_17930613_JISE,,,PARTIAL,OK,OK,OK,OK,OK,MINOR(REVIEW): REVISION_NOT_IN_RAW,OK,OK,PRESERVED_AS_META_PROCEDURAL,MINOR,"[MINOR/REVIEW] JR002(홍대협 5/28 → 6/13 지세) REVISED_BY는 원문에 '수정' 표현이 없음(P0036 유보 추론, P0100 기원 미확정). 날짜 순서 자체는 기사일로 맞고, JR002 notes가 '수정인지 정밀화인지 REVIEW'로 표시."
P0101,SRC2_006,[홍대협/OFFICIAL_EVALUATION] 이광섭 | 구순의 과장과 아전의 거짓 보고를 믿고 장물 없이 큰 도적으로 판단했다고 평가 | ,AP0146|AP0147|AP0148|AP0149|AP0150,EC0133|EC0134|EC0135|EC0136|EC0137,,,DN_EC0133(ATTRIBUTE_ONLY)|DN_EC0134(SPEECH_OR_JUDGMENT_EVENT_NODE)|DN_EC0135(ATTRIBUTE_ONLY)|DN_EC0136(ATTRIBUTE_ONLY)|DN_EC0137(SPEECH_OR_JUDGMENT_EVENT_NODE),,FULL,OK,OK,OK,OK,OK,OK,OK,OK,PRESERVED,NO_ISSUE,
P0102,SRC2_006,[홍대협/OFFICIAL_EVALUATION] 김명신 | 죽음은 질병 때문이었다고 평가 | ,AP0151,EC0138,H_KIM_DEATH_CAUSE_DISEASE,J_HONG_17930613_KIM_DEATH,DN_EC0138(ATTRIBUTE_ONLY),,FULL,OK,OK,OK,OK,OK,OK,OK,OK,PRESERVED_AS_ATTRIBUTE,NO_ISSUE,
P0103,SRC2_006,[홍대협/OFFICIAL_EVALUATION] 이문협 | 장물부터 확보하지 않고 장교·나졸을 풀어 평민을 잡고 병영 비장 지휘대로 죄를 얽었다고 평가 | ,AP0152|AP0153|AP0154|AP0155,EC0139|EC0140|EC0141|EC0142,,,DN_EC0139(ATTRIBUTE_ONLY)|DN_EC0140(MATERIAL_EVENT_NODE)|DN_EC0141(INVESTIGATIVE_EVENT_NODE)|DN_EC0142(INVESTIGATIVE_EVENT_NODE),TE0014,FULL,OK,OK,OK,OK,OK,OK,OK,OK,PRESERVED,NO_ISSUE,
P0104,SRC2_006,[정조/ROYAL_JUDGMENT] 정조 | 공주목 안핵의 핵심을 도난 여부·김명신 사망 원인·지세 호칭 날조 여부의 세 의안으로 분리 | ,AP0156,,,,,,FULL,OK,OK,OK,OK,OK,OK,OK,OK,PRESERVED_AS_META_PROCEDURAL,NO_ISSUE,
P0105,SRC2_006,[정조/ROYAL_JUDGMENT] 정조 | 도난은 실제로 있었다고 판단 | ,AP0157,EC0143,H_GUSUN_THEFT_OCCURRED,J_JEONGJO_17930613_THEFT,DN_EC0143(ATTRIBUTE_ONLY),,FULL,OK,OK,OK,OK,OK,OK,OK,OK,PRESERVED_AS_ATTRIBUTE,NO_ISSUE,
P0106,SRC2_006,[정조/ROYAL_JUDGMENT] 정조 | 김명신 부처가 전염병에 걸려 죽은 것으로 판단 | ,AP0158|AP0159,EC0144|EC0145,H_KIM_DEATH_CAUSE_EPIDEMIC|H_KIM_WIFE_DEATH_CAUSE_EPIDEMIC,J_JEONGJO_17930613_KIM_DEATH,DN_EC0144(ATTRIBUTE_ONLY)|DN_EC0145(ATTRIBUTE_ONLY),,FULL,OK,OK,OK,OK,OK,OK,OK,OK,PRESERVED_AS_ATTRIBUTE,NO_ISSUE,
P0107,SRC2_006,[정조/ROYAL_JUDGMENT] 정조 | 김명신이 곤장을 맞지 않았고 평범한 신문도 받지 않았다고 판단 | ,AP0160|AP0161,EC0146|EC0147,,,DN_EC0146(ATTRIBUTE_ONLY)|DN_EC0147(ATTRIBUTE_ONLY),,FULL,OK,OK,OK,OK,OK,OK,OK,OK,PRESERVED_AS_ATTRIBUTE,NO_ISSUE,
P0108,SRC2_006,[정조/ROYAL_JUDGMENT] 정조 | 지세대감·지세대사·지세랑 호칭은 예전 무식한 좀도둑들도 쓰던 말이라고 판단 | ,AP0162,EC0148,H_JISE_TERM_PRIOR_USE,J_JEONGJO_17930613_JISE,DN_EC0148(ATTRIBUTE_ONLY),,FULL,OK,OK,OK,OK,OK,OK,OK,OK,PRESERVED_AS_ATTRIBUTE,NO_ISSUE,
P0109,SRC2_006,[정조/ROYAL_JUDGMENT] 정조 | 구순이 지세 호칭을 스스로 만들어냈다는 죄는 면하게 됐다고 판단 | ,AP0163,EC0149,H_JISE_TERM_COINED_BY_GUSUN,J_JEONGJO_17930613_JISE,DN_EC0149(ATTRIBUTE_ONLY),,PARTIAL,OK,OK,OK,OK,OK,OK,MINOR(CONFIRMED): EC_POLARITY_LABEL,OK,PRESERVED_AS_ATTRIBUTE,MINOR,[MINOR/CONFIRMED] P0109 '구순이 지세 호칭을 스스로 만들어냈다는 죄는 면하게 됐다고 판단'. EC0149는 'ACTION NEGATED 지세 호칭을 스스로 만들어냄'(사실 부정처럼 읽힘). 법적 면죄인지 사실 부정인지는 SENSE_EC0149(FACTUAL_NEGATION/LEGAL_CLEARANCE)로 보존되고 ¬H 연결은 FACTUAL_NEGATION일 때만.
P0110,SRC2_006,[정조/ROYAL_ORDER] 정조 | 구순을 사형에서 감해 외딴 섬으로 정배하도록 명함 | 구순,AP0164,EC0150,,,DN_EC0150(ORDER_EVENT_NODE),TE0064 (+date-only 35),FULL,OK,OK,OK,OK,OK,OK,OK,OK,PRESERVED,NO_ISSUE,
P0111,SRC2_006,[정조/ROYAL_ORDER] 정조 | 구순을 신지도에 정배함 | 구순,AP0165,EC0151,,,DN_EC0151(ORDER_EVENT_NODE), (+date-only 35),FULL,OK,OK,OK,OK,OK,OK,OK,OK,PRESERVED,NO_ISSUE,
P0112,SRC2_006,[정조/ROYAL_ORDER] 정조 | 이광섭을 영동현에 유배함 | 이광섭,AP0166,EC0152,,,DN_EC0152(ORDER_EVENT_NODE), (+date-only 35),FULL,OK,OK,OK,OK,OK,OK,OK,OK,PRESERVED,NO_ISSUE,
P0113,SRC2_006,[정조/ROYAL_ORDER] 정조 | 병영 비장 한가를 도백이 엄히 세 차례 형장 친 뒤 먼 섬의 종으로 보내도록 명함 | 한가,AP0167,EC0153,,,DN_EC0153(ORDER_EVENT_NODE), (+date-only 35),FULL,OK,OK,OK,OK,OK,OK,OK,OK,PRESERVED,NO_ISSUE,
P0114,SRC2_006,[정조/ROYAL_ORDER] 정조 | 충청도 관찰사 이형원을 파직하도록 명함 | 이형원,AP0168,EC0154,,,DN_EC0154(ORDER_EVENT_NODE),TE0046 (+date-only 34),FULL,OK,OK,OK,OK,OK,OK,OK,OK,PRESERVED,NO_ISSUE,
P0115,SRC2_007,[정조/ROYAL_ORDER] 정조 | 전 충청도 관찰사 이형원을 유임함 | 이형원,AP0169,EC0155,,,DN_EC0155(ORDER_EVENT_NODE),TE0046 (+date-only 44),FULL,OK,OK,OK,OK,OK,OK,OK,OK,PRESERVED,NO_ISSUE,
P0116,SRC2_008,[한국민족문화대백과사전/SECONDARY_REFERENCE] 홍대협 | 1750년 출생의 문신으로 1793년에 호서안핵어사를 지냈다고 서술 | ,AP0170,,,,,,FULL,OK,OK,OK,OK,OK,OK,OK,OK,INTENTIONALLY_DEFERRED,NO_ISSUE,"2차 배경 자료(S3_BACKGROUND): META로 보존, 사건 사실 생성에는 쓰지 않음(provenance 유지)."
P0117,SRC2_009,[한국민족문화대백과사전/SECONDARY_REFERENCE] 이형원 | 1739~1798년 문신으로 관찰사·비변사제조 등을 역임한 인물로 서술 | ,AP0171,,,,,,FULL,OK,OK,OK,OK,OK,OK,OK,OK,INTENTIONALLY_DEFERRED,NO_ISSUE,"2차 배경 자료(S3_BACKGROUND): META로 보존, 사건 사실 생성에는 쓰지 않음(provenance 유지)."
