relation_id,relation_layer,relation_type,confidence,from_event_id,to_event_id,basis_or_rationale,from_proposition,to_proposition,classification,added_element,finding,severity
REL0001,TEMPORAL_PROCEDURAL,SAME_DOCUMENT_CONTENT_ORDER,HIGH,AT0070,AT0071,편지 송부와 그 내용,명업은 2월 초 김명신이 구순에게 편지를 보냈다고 진술했다.,명업은 그 편지에서 김명신이 박거사 관련 일로 구순을 힐책했다고 진술했다.,SAFE_SUMMARY,,편지와 그 내용. 새 정보 없음.,INFO
REL0002,TEMPORAL_PROCEDURAL,BEFORE,HIGH,AT0071,AT0072,명업은 그 편지 이후 왕래 단절이라고 진술,명업은 그 편지에서 김명신이 박거사 관련 일로 구순을 힐책했다고 진술했다.,명업은 그 편지 이후 두 사람이 다시 왕래하지 않았다고 진술했다.,SAME_MEANING,,ATT0072 '그 편지 이후'.,INFO
REL0003,TEMPORAL_PROCEDURAL,BEFORE,HIGH,AT0065,AT0066,나복이 찾아와 부른 뒤 도적이 들었다고 알림,명업은 2월 22일 밤 나복이 찾아와 자신을 불렀다고 진술했다.,명업은 나복이 도적이 들었다고 말했다고 진술했다.,MORE_SPECIFIC_THAN_SOURCE,선후(서술 순서만 근거),ATT0065/0066 어디에도 '부른 뒤 알렸다'는 순서 표지 없음. 진술 서술 순서를 선후로 바꿈.,LOW_REVIEW
REL0004,TEMPORAL_PROCEDURAL,BEFORE,HIGH,AT0066,AT0067,명업은 나복의 말을 듣고 집 안으로 들어감,명업은 나복이 도적이 들었다고 말했다고 진술했다.,명업은 나복의 말을 듣고 집 안으로 들어갔다고 진술했다.,SAME_MEANING,,ATT0067 '나복의 말을 듣고'.,INFO
REL0005,TEMPORAL_PROCEDURAL,BEFORE,HIGH,AT0073,AT0074,명업 공초: 소장 제출 뒤 체포령,명업은 구순이 소장을 올렸다고 진술했다.,명업의 공초는 구순의 소장 제출 뒤 체포령이 내려졌다고 전한다.,SAME_MEANING,,ATT0074 '소장 제출 뒤 체포령'.,INFO
REL0006,TEMPORAL_PROCEDURAL,BEFORE,HIGH,AT0074,AT0075,체포령 뒤 장교·나졸 도착,명업의 공초는 구순의 소장 제출 뒤 체포령이 내려졌다고 전한다.,명업은 체포령 뒤 장교와 나졸들이 구순 집에 왔다고 진술했다.,SAME_MEANING,,ATT0075 '체포령 뒤'.,INFO
REL0007,TEMPORAL_PROCEDURAL,BEFORE,HIGH,AT0075,AT0076,장교 도착 뒤 구순이 장교 한 명을 불러들임,명업은 체포령 뒤 장교와 나졸들이 구순 집에 왔다고 진술했다.,명업은 구순이 장교 한 명을 안행랑으로 불러들였다고 진술했다.,MORE_SPECIFIC_THAN_SOURCE,선후(서술 순서만 근거); 동일성(불러들인 장교=도착한 장교 중 1명),ATT0076에 순서 표지 없음.,LOW_REVIEW
REL0008,TEMPORAL_PROCEDURAL,BEFORE,HIGH,AT0076,AT0077,안행랑으로 부른 뒤 조용히 대화,명업은 구순이 장교 한 명을 안행랑으로 불러들였다고 진술했다.,명업은 구순과 장교가 조용히 이야기했으나 내용은 듣지 못했다고 진술했다.,MORE_SPECIFIC_THAN_SOURCE,선후(서술 순서만 근거),ATT0077에 순서 표지 없음.,LOW_REVIEW
REL0009,TEMPORAL_PROCEDURAL,BEFORE,HIGH,AT0120,AT0121,한재욱 공초: 정소 뒤 유제희를 탐문에 보냄,한재욱은 구순 집 도난이 진영에 정소된 뒤라고 진술했다.,한재욱은 도적의 진상을 탐지하려고 병영 아전 유제희를 내보냈다고 진술했다.,SAME_MEANING,,ATT0120 '정소된 뒤라고 진술'.,INFO
REL0010,TEMPORAL_PROCEDURAL,EXECUTION_OF_ORDER,HIGH,AT0121,AT0133,유제희가 실제 현지 탐문을 수행,한재욱은 도적의 진상을 탐지하려고 병영 아전 유제희를 내보냈다고 진술했다.,유제희는 당초 현지에 가서 탐문했다고 진술했다.,MORE_SPECIFIC_THAN_SOURCE,동일성·집행(파견=실제 수행),"ATT0133(유제희)은 누가 보냈는지 말하지 않음. COREFERENCE 층에서는 같은 쌍을 SAME_EPISODE_CANDIDATE(REL0074)로 두었는데, TEMPORAL 층에서는 HIGH 'EXECUTION_OF_ORDER'·basis '실제 … 수행'으로 확정함.",MEDIUM_REVIEW
REL0011,TEMPORAL_PROCEDURAL,DURING,HIGH,AT0133,AT0134,유제희는 탐문 중 구순 발언을 들음,유제희는 당초 현지에 가서 탐문했다고 진술했다.,유제희는 탐문 중 구순이 풍각 김상제가 매우 수상하다고 말했다고 진술했다.,SAME_MEANING,,ATT0134 '탐문 중'.,INFO
REL0012,TEMPORAL_PROCEDURAL,BEFORE,HIGH,AT0134,AT0135,구순 말을 듣고 김명신 이름을 기록,유제희는 탐문 중 구순이 풍각 김상제가 매우 수상하다고 말했다고 진술했다.,유제희는 구순의 말을 듣고 김명신을 원돌 등의 이름과 함께 기록했다고 진술했다.,SAME_MEANING,,ATT0135 '구순의 말을 듣고'.,INFO
REL0013,TEMPORAL_PROCEDURAL,BEFORE,HIGH,AT0135,AT0136,기록 후 상신,유제희는 구순의 말을 듣고 김명신을 원돌 등의 이름과 함께 기록했다고 진술했다.,유제희는 기록한 이름들을 위에 올렸다고 진술했다.,SAME_MEANING,,ATT0136 '기록한 이름들을 위에 올렸다'.,INFO
REL0014,TEMPORAL_PROCEDURAL,BEFORE,HIGH,AT0081,AT0082,병영 호출 뒤 한재욱이 방 안으로 부름,이진욱은 2월 28일 밤 병영에서 자신을 비장청으로 불렀다고 진술했다.,이진욱은 한재욱이 자신을 비장청 방안으로 불러들였다고 진술했다.,MORE_SPECIFIC_THAN_SOURCE,선후(서술 순서만 근거),ATT0081/0082에 순서 표지 없음.,LOW_REVIEW
REL0015,TEMPORAL_PROCEDURAL,BEFORE,HIGH,AT0082,AT0083,방 안 호출 뒤 출동/체포 지시,이진욱은 한재욱이 자신을 비장청 방안으로 불러들였다고 진술했다.,이진욱은 한재욱이 자신과 조계완 등에게 덕평으로 가라고 지시했다고 진술했다.,MORE_SPECIFIC_THAN_SOURCE,선후(서술 순서만 근거),ATT0083에 순서 표지 없음.,LOW_REVIEW
REL0016,TEMPORAL_PROCEDURAL,BEFORE,HIGH,AT0082,AT0084,방 안 호출 뒤 출동/체포 지시,이진욱은 한재욱이 자신을 비장청 방안으로 불러들였다고 진술했다.,이진욱은 한재욱이 변지돌을 잡아오라고 지시했다고 진술했다.,MORE_SPECIFIC_THAN_SOURCE,선후(서술 순서만 근거),ATT0084에 순서 표지 없음.,LOW_REVIEW
REL0017,TEMPORAL_PROCEDURAL,BEFORE,HIGH,AT0082,AT0085,방 안 호출 뒤 출동/체포 지시,이진욱은 한재욱이 자신을 비장청 방안으로 불러들였다고 진술했다.,이진욱은 한재욱이 정원돌을 잡아오라고 지시했다고 진술했다.,MORE_SPECIFIC_THAN_SOURCE,선후(서술 순서만 근거),ATT0085에 순서 표지 없음.,LOW_REVIEW
REL0018,TEMPORAL_PROCEDURAL,BEFORE,MEDIUM,AT0083,AT0086,체포작전 지시 후 철편 준비,이진욱은 한재욱이 자신과 조계완 등에게 덕평으로 가라고 지시했다고 진술했다.,이진욱은 체포 작전을 위해 철편 네 개가 만들어졌다고 진술했다.,MORE_SPECIFIC_THAN_SOURCE,선후(서술 순서만 근거),ATT0086 '체포 작전을 위해'는 목적만 말함. confidence=MEDIUM으로 이미 낮춤.,LOW_REVIEW
REL0019,TEMPORAL_PROCEDURAL,BEFORE,HIGH,AT0086,AT0087,철편 제작 뒤 제공,이진욱은 체포 작전을 위해 철편 네 개가 만들어졌다고 진술했다.,이진욱은 체포 작전을 위해 철편 네 개가 제공됐다고 진술했다.,SAFE_SUMMARY,,만든 뒤 제공(논리적 선후).,INFO
REL0020,TEMPORAL_PROCEDURAL,BEFORE,HIGH,AT0087,AT0089,철편 준비 사이 날이 밝아 새벽 대기,이진욱은 체포 작전을 위해 철편 네 개가 제공됐다고 진술했다.,이진욱은 날이 밝아 새벽을 기다렸다고 진술했다.,MORE_SPECIFIC_THAN_SOURCE,선후 + '철편 준비 사이'(동시성 정보),"basis '철편 준비 사이 날이 밝아'는 두 행 명제 어디에도 없고, '사이'(겹침)는 relation_type BEFORE와도 맞지 않음.",MEDIUM_REVIEW
REL0021,TEMPORAL_PROCEDURAL,BEFORE,HIGH,AT0089,AT0090,새벽까지 기다린 뒤 출발,이진욱은 날이 밝아 새벽을 기다렸다고 진술했다.,이진욱은 새벽에 일행이 나갔다고 진술했다.,SAFE_SUMMARY,,기다린 뒤 출발(ATT0090 '새벽에').,INFO
REL0022,TEMPORAL_PROCEDURAL,BEFORE,HIGH,AT0090,AT0091,출동 뒤 변지돌의 기존 체포 상태 확인,이진욱은 새벽에 일행이 나갔다고 진술했다.,이진욱은 현장에 나갔을 때 변지돌이 이미 공주진에 붙잡혀 있었다고 진술했다.,AMBIGUOUS,선후(상태의 시작 시점),ATT0091 '이미 붙잡혀 있었다' = 출발 전에 시작된 상태. BEFORE(출발→상태)는 상태를 '확인 행위'로 바꿔 읽어야 성립(basis '확인'). event 행은 확인이 아니라 상태.,MEDIUM_REVIEW
REL0023,TEMPORAL_PROCEDURAL,BEFORE,HIGH,AT0091,AT0092,이진욱 공초의 서술 순서,이진욱은 현장에 나갔을 때 변지돌이 이미 공주진에 붙잡혀 있었다고 진술했다.,이진욱은 변지돌 대신 재돌의 처 자미덕만을 잡았다고 진술했다.,MORE_SPECIFIC_THAN_SOURCE,선후(서술 순서 → 사건 순서),basis 스스로 '서술 순서'라고 밝힘. relation_type BEFORE는 사건 순서를 주장.,LOW_REVIEW
REL0024,TEMPORAL_PROCEDURAL,BEFORE,HIGH,AT0092,AT0093,자미덕 체포 뒤 구순 집으로 이동,이진욱은 변지돌 대신 재돌의 처 자미덕만을 잡았다고 진술했다.,이진욱은 자미덕을 잡은 뒤 그대로 구순 집으로 갔다고 진술했다.,SAME_MEANING,,ATT0093 '자미덕을 잡은 뒤'.,INFO
REL0025,TEMPORAL_PROCEDURAL,BEFORE,HIGH,AT0093,AT0094,구순 집 도착 뒤 질문,이진욱은 자미덕을 잡은 뒤 그대로 구순 집으로 갔다고 진술했다.,이진욱은 구순 집에서 도적맞은 상황을 물었다고 진술했다.,SAFE_SUMMARY,,구순 집으로 간 뒤 그 집에서 질문.,INFO
REL0026,TEMPORAL_PROCEDURAL,QUESTION_RESPONSE,HIGH,AT0094,AT0095,질문 뒤 잃은 물건 열거,이진욱은 구순 집에서 도적맞은 상황을 물었다고 진술했다.,이진욱은 구순이 잃은 물건들을 낱낱이 말했다고 진술했다.,SAFE_SUMMARY,,질문-응답(유형상 선후).,INFO
REL0027,TEMPORAL_PROCEDURAL,QUESTION_RESPONSE,HIGH,AT0094,AT0096,질문 뒤 지세대사 관련 응답,이진욱은 구순 집에서 도적맞은 상황을 물었다고 진술했다.,이진욱은 구순이 도적들이 스스로 지세대사라고 했다고 말했다고 진술했다.,SAFE_SUMMARY,,질문-응답.,INFO
REL0028,TEMPORAL_PROCEDURAL,BEFORE,HIGH,AT0110,AT0111,자미덕 공초: 붙잡아 병영으로 데려감,자미덕은 병영 장교가 갑자기 찾아와 자신을 붙잡았다고 진술했다.,자미덕은 병영 장교가 자신을 병영으로 데려갔다고 진술했다.,SAFE_SUMMARY,,붙잡은 뒤 데려감.,INFO
REL0029,TEMPORAL_PROCEDURAL,BEFORE,HIGH,AT0111,AT0112,병영 이송 뒤 신문,자미덕은 병영 장교가 자신을 병영으로 데려갔다고 진술했다.,자미덕은 도적 혐의로 한 차례 신문을 받았다고 진술했다.,MORE_SPECIFIC_THAN_SOURCE,선후(서술 순서만 근거),ATT0112에 순서·장소 표지 없음.,LOW_REVIEW
REL0030,TEMPORAL_PROCEDURAL,BEFORE,HIGH,AT0112,AT0113,신문 뒤 다모방 구류,자미덕은 도적 혐의로 한 차례 신문을 받았다고 진술했다.,자미덕은 신문 뒤 비장청 다모방에 구류되었다고 진술했다.,SAME_MEANING,,ATT0113 '신문 뒤'.,INFO
REL0031,TEMPORAL_PROCEDURAL,BEFORE_OR_DURING_INTERVAL,MEDIUM,AT0113,AT0114,구류 이후 매일 불려갔다는 자미덕 진술,자미덕은 신문 뒤 비장청 다모방에 구류되었다고 진술했다.,자미덕은 한재욱이 이후 매일 자신을 방안으로 불러들였다고 진술했다.,SAME_MEANING,,ATT0114 '이후 매일'.,INFO
REL0032,TEMPORAL_PROCEDURAL,DURING,HIGH,AT0118,AT0119,대질 때 거짓 지목을 했다는 자미덕 설명,자미덕은 이집거와 대질했다고 진술했다.,자미덕은 이집거와 대질할 때 한재욱의 지휘에 따라 거짓으로 말했다고 진술했다.,NEW_INFORMATION_ADDED,발화 내용·지목 행위('거짓 지목'),"ATT0119는 '거짓으로 말했다'만 진술. basis '거짓 지목'은 거짓말의 내용을 '지목'으로 특정함(누구를 지목했는지는 없지만, 지목이라는 행위 자체가 원문에 없음). 또한 DURING이 '경위 설명' 행(AT0119)에 붙음.",HIGH_REVIEW
REL0033,TEMPORAL_PROCEDURAL,BEFORE,HIGH,AT0127,AT0128,석단 공초 내용 전달 뒤 재확인 요청,한재욱은 유제희가 석단 공초에서 김명신이 도적 괴수라고 했다는 내용을 전했다고 진술했다.,한재욱은 유제희가 자미덕에게 다시 확인해 보라고 말했다고 진술했다.,SAFE_SUMMARY,,ATT0128 '다시 확인해 보라'.,INFO
REL0034,TEMPORAL_PROCEDURAL,BEFORE,HIGH,AT0128,AT0129,유제희 요청 뒤 한재욱 재질문,한재욱은 유제희가 자미덕에게 다시 확인해 보라고 말했다고 진술했다.,한재욱은 유제희의 말을 따라 자미덕에게 다시 물었다고 진술했다.,SAME_MEANING,,ATT0129 '유제희의 말을 따라'.,INFO
REL0035,TEMPORAL_PROCEDURAL,QUESTION_RESPONSE,HIGH,AT0129,AT0130,재질문에 자미덕이 모른다고 답했다고 한재욱 진술,한재욱은 유제희의 말을 따라 자미덕에게 다시 물었다고 진술했다.,한재욱은 재질문에 자미덕이 모른다고 답했다고 진술했다.,SAME_MEANING,,ATT0130 '재질문에'.,INFO
REL0036,TEMPORAL_PROCEDURAL,ORDER_BEFORE_EXECUTION,HIGH,AT0097,AT0101,김명신 체포 명령 뒤 잡아옴,이진욱은 3월 4일 병사가 풍각 김생원을 잡아오라고 명했다고 진술했다.,이진욱은 병사의 분부에 따라 장교 일행이 김명신을 잡아왔다고 진술했다.,SAME_MEANING,,ATT0101 '병사의 분부에 따라'.,INFO
REL0037,TEMPORAL_PROCEDURAL,ORDER_BEFORE_EXECUTION,HIGH,AT0098,AT0102,김갑득 체포 명령 뒤 잡아옴,이진욱은 3월 4일 병사가 흥덕 김생원을 잡아오라고 명했다고 진술했다.,이진욱은 병사의 분부에 따라 장교 일행이 김갑득을 잡아왔다고 진술했다.,SAME_MEANING,,ATT0102 '병사의 분부에 따라'.,INFO
REL0038,TEMPORAL_PROCEDURAL,BEFORE,HIGH,AT0103,AT0104,구순 집에 들른 뒤 구순 질문,조계완은 김명신을 잡으러 가는 길에 구순 집에 들렀다고 진술했다.,조계완은 구순이 왜 다시 왔느냐고 물었다고 진술했다.,SAFE_SUMMARY,,들른 뒤 '왜 다시 왔느냐'.,INFO
REL0039,TEMPORAL_PROCEDURAL,QUESTION_RESPONSE,HIGH,AT0104,AT0105,구순 질문에 조계완 답변,조계완은 구순이 왜 다시 왔느냐고 물었다고 진술했다.,조계완은 풍각의 상주를 잡으러 왔다고 구순에게 답했다고 진술했다.,SAME_MEANING,,ATT0105 '구순에게 답했다'.,INFO
REL0040,TEMPORAL_PROCEDURAL,BEFORE,HIGH,AT0105,AT0106,조계완 답변 뒤 구순 반응,조계완은 풍각의 상주를 잡으러 왔다고 구순에게 답했다고 진술했다.,조계완은 구순이 수사가 이제야 바른 길을 얻었다는 취지로 말했다고 진술했다.,MORE_SPECIFIC_THAN_SOURCE,선후(서술 순서만 근거); 반응(응답 관계),basis '구순 반응'은 ATT0106을 조계완 답변에 대한 반응으로 규정. 원문에 그런 연결 표지 없음.,LOW_REVIEW
REL0041,TEMPORAL_PROCEDURAL,BEFORE,HIGH,AT0106,AT0107,구순 반응 뒤 서찰 건넴,조계완은 구순이 수사가 이제야 바른 길을 얻었다는 취지로 말했다고 진술했다.,조계완은 구순이 서찰 한 장을 꺼내 자신에게 건넸다고 진술했다.,MORE_SPECIFIC_THAN_SOURCE,선후(서술 순서만 근거),ATT0107에 순서 표지 없음.,LOW_REVIEW
REL0042,TEMPORAL_PROCEDURAL,BEFORE,HIGH,AT0107,AT0108,서찰 건넨 뒤 병사 전달 요청,조계완은 구순이 서찰 한 장을 꺼내 자신에게 건넸다고 진술했다.,조계완은 구순이 그 서찰을 병사에게 전해 달라고 요청했다고 진술했다.,SAFE_SUMMARY,,ATT0108 '그 서찰을'.,INFO
REL0043,TEMPORAL_PROCEDURAL,PROPOSAL_RESPONSE,HIGH,AT0020,AT0023,비변사 요청에 정조 윤허,비변사는 이광섭을 파직하자고 청했다.,정조는 이광섭 파직 요청을 윤허했다.,SAME_MEANING,,ATT0023 '파직 요청을 윤허'.,INFO
REL0044,TEMPORAL_PROCEDURAL,PROPOSAL_RESPONSE,HIGH,AT0021,AT0024,비변사 요청에 정조 윤허,비변사는 이광섭을 잡아다 신문하자고 청했다.,정조는 이광섭 나문 요청을 윤허했다.,SAME_MEANING,,ATT0024 '나문 요청을 윤허'.,INFO
REL0045,TEMPORAL_PROCEDURAL,PROPOSAL_RESPONSE,HIGH,AT0022,AT0025,비변사 요청에 정조 윤허,비변사는 이광섭을 엄히 감죄하자고 청했다.,정조는 이광섭 엄한 감죄 요청을 윤허했다.,SAME_MEANING,,ATT0025 '감죄 요청을 윤허'.,INFO
REL0046,TEMPORAL_PROCEDURAL,JUDGMENT_BEFORE_ORDER,HIGH,AT0026,AT0027,당시 판단 뒤 구순 체포 명령,정조는 당시 도 장계와 조사 문건을 근거로 구순이 도난을 꾸몄다는 방향을 받아들였다.,정조는 구순을 의금부로 잡아오라고 명했다.,MORE_SPECIFIC_THAN_SOURCE,선후 + 판단→명령 연결(근거 암시),ATT0027에 판단을 근거로 했다는 표지 없음.,LOW_REVIEW
REL0047,TEMPORAL_PROCEDURAL,ORDER_SEQUENCE,HIGH,AT0027,AT0028,잡아온 뒤 수금,정조는 구순을 의금부로 잡아오라고 명했다.,정조는 구순을 수금하라고 명했다.,MORE_SPECIFIC_THAN_SOURCE,명령을 집행으로 서술('잡아온 뒤'),두 행은 모두 '명령'. basis는 체포가 실제 집행된 것처럼 씀.,LOW_REVIEW
REL0048,TEMPORAL_PROCEDURAL,ORDER_SEQUENCE,HIGH,AT0028,AT0029,수금 뒤 엄한 조사,정조는 구순을 수금하라고 명했다.,정조는 구순을 엄히 조사하라고 명했다.,MORE_SPECIFIC_THAN_SOURCE,명령을 집행으로 서술('수금 뒤'),두 행 모두 명령.,LOW_REVIEW
REL0049,TEMPORAL_PROCEDURAL,BEFORE,HIGH,AT0030,AT0031,입시 뒤 보고,충청도 암행어사 이조원은 비변사 당상들과 함께 입시했다.,이조원은 입시 자리에서 구순 사건을 보고했다.,SAFE_SUMMARY,,ATT0031 '입시 자리에서'.,INFO
REL0050,TEMPORAL_PROCEDURAL,PROPOSAL_RESPONSE,HIGH,AT0047,AT0049,이조원 파직 건의와 정조 파직 명령,비변사 당상들은 이조원을 파직하자고 건의했다.,정조는 이조원을 파직하도록 했다.,MORE_SPECIFIC_THAN_SOURCE,응답 관계(건의→명령),ATT0049 '파직하도록 했다'는 건의에 대한 응답이라고 말하지 않음.,LOW_REVIEW
REL0051,TEMPORAL_PROCEDURAL,JUDGMENT_BEFORE_ORDER,HIGH,AT0048,AT0049,조사방식 비판 뒤 파직,정조는 이조원이 중대한 사안을 직접 조사하지 않고 전해 들은 말을 보고한 조사 방식을 비판했다.,정조는 이조원을 파직하도록 했다.,MORE_SPECIFIC_THAN_SOURCE,근거 관계(비판→파직),ATT0049에 근거 표지 없음. 같은 명령에 REL0050과 두 개의 선행 근거가 붙음.,LOW_REVIEW
REL0052,TEMPORAL_PROCEDURAL,QUESTION_RESPONSE,HIGH,AT0053,AT0054,정조 질문과 홍대협 답변,정조는 홍대협에게 구순 사건을 들었는지 물었다.,홍대협은 돌아오는 길에 구순 사건의 대강을 조금 들었다고 답했다.,SAME_MEANING,,질문-답변.,INFO
REL0053,TEMPORAL_PROCEDURAL,EVIDENCE_TO_INFERENCE,HIGH,AT0055,AT0056,전년 호서 화적 전언을 토대로 홍대협 의견,홍대협은 전년 호서 화적들이 지세랑 호칭을 쓴 적이 있다고 들었다고 답했다.,홍대협은 지세랑 호칭이 이번 사건에서 처음 생긴 말은 아닌 듯하다고 의견을 밝혔다.,MORE_SPECIFIC_THAN_SOURCE,추론 근거('토대로'),ATT0056은 의견만 말함. 그것이 ATT0055의 전언을 토대로 했다는 진술은 없음(원인/근거 추가).,MEDIUM_REVIEW
REL0054,TEMPORAL_PROCEDURAL,APPOINTMENT_BEFORE_FIELDWORK,HIGH,AT0060,AT0061,안핵어사 차하 뒤 공주목 도착,정조는 홍대협을 충청도 공주 안핵어사로 차하했다.,홍대협은 공주목에 도착했다고 서계했다.,SAFE_SUMMARY,,임명 뒤 도착(날짜로 뒷받침).,INFO
REL0055,TEMPORAL_PROCEDURAL,BEFORE,HIGH,AT0061,AT0062,공주목 도착 뒤 순차 신문,홍대협은 공주목에 도착했다고 서계했다.,홍대협은 응당 신문할 사람들을 차례로 신문했다고 서계했다.,SAFE_SUMMARY,,"같은 서계, 도착 뒤 신문.",INFO
REL0056,TEMPORAL_PROCEDURAL,DURING,HIGH,AT0137,AT0138,내려가는 길 탐문에서 도난 없음 전언,홍대협은 내려가는 길에 사건에 대해 널리 탐문했다고 서계했다.,홍대협은 이동 중 탐문에서는 사람들이 애당초 도적을 맞지 않았다고 말했다고 보고했다.,SAME_MEANING,,ATT0138 '이동 중 탐문에서는'.,INFO
REL0057,TEMPORAL_PROCEDURAL,INVESTIGATION_BEFORE_FINDING,MEDIUM,AT0062,AT0139,정식 재신문 뒤 실제 도난 판단,홍대협은 응당 신문할 사람들을 차례로 신문했다고 서계했다.,홍대협은 정식 조사 결과 약간의 도난은 실제였다고 판단했다.,MORE_SPECIFIC_THAN_SOURCE,'재'신문,ATT0062는 '차례로 신문'. '재신문'(앞선 신문 전제)은 원문에 없음.,LOW_REVIEW
REL0058,TEMPORAL_PROCEDURAL,SEARCH_RESULT,HIGH,AT0142,AT0143,반복 조사 뒤 단서 미확보,홍대협은 지세 호칭의 기원을 여러 차례 조사했다고 보고했다.,홍대협은 지세 호칭의 기원에 대해 끝내 단서를 얻지 못했다고 보고했다.,SAME_MEANING,,ATT0143 '끝내 단서를 얻지 못했다'.,INFO
REL0059,TEMPORAL_PROCEDURAL,SEARCH_RESULT,HIGH,AT0144,AT0145,별도 채탐 뒤 말들이 서로 다름,홍대협은 지세 호칭에 대해 별도의 채탐도 실시했다고 보고했다.,홍대협은 별도 채탐에서 나온 말들이 서로 달랐다고 보고했다.,SAME_MEANING,,ATT0145 '별도 채탐에서 나온 말들'.,INFO
REL0060,TEMPORAL_PROCEDURAL,ISSUE_TO_JUDGMENT,HIGH,AT0149,AT0150,도난 여부 의안의 최종 판단,정조는 공주목 안핵의 핵심을 세 가지 의안으로 분리했다.,정조는 안핵 서계를 토대로 도난이 실제로 있었다고 판단했다.,MORE_SPECIFIC_THAN_SOURCE,의안 이름('도난 여부 의안'),ATT0149는 '세 가지 의안'만 말하고 의안 이름이 없음.,MEDIUM_REVIEW
REL0061,TEMPORAL_PROCEDURAL,ISSUE_TO_JUDGMENT,HIGH,AT0149,AT0151,사망원인 의안의 최종 판단,정조는 공주목 안핵의 핵심을 세 가지 의안으로 분리했다.,정조는 김명신이 전염병에 걸려 죽은 것으로 판단했다.,MORE_SPECIFIC_THAN_SOURCE,의안 이름('사망원인 의안'),같음.,MEDIUM_REVIEW
REL0062,TEMPORAL_PROCEDURAL,ISSUE_TO_JUDGMENT,HIGH,AT0149,AT0155,지세 호칭 의안의 최종 판단,정조는 공주목 안핵의 핵심을 세 가지 의안으로 분리했다.,정조는 지세 계열 호칭이 이전부터 무식한 좀도둑들이 쓰던 말이라고 판단했다.,MORE_SPECIFIC_THAN_SOURCE,의안 이름('지세 호칭 의안'),같음. AT0149 target은 이 의안을 '날조 여부'로 적었는데 연결된 AT0155는 '호칭의 기원' 판단.,MEDIUM_REVIEW
REL0063,TEMPORAL_PROCEDURAL,JUDGMENT_BEFORE_ORDER,MEDIUM,AT0150,AT0160,최종 심리 뒤 구순 처분,정조는 안핵 서계를 토대로 도난이 실제로 있었다고 판단했다.,정조는 구순을 감하여 외딴 섬에 정배하라고 명했다.,MORE_SPECIFIC_THAN_SOURCE,처분의 근거 선택(AT0150),ATT0160 '감하여 정배'는 어느 판단에 근거했는지 말하지 않음. 같은 날 판단 행(AT0150~AT0159) 중 AT0150을 근거로 고름.,MEDIUM_REVIEW
REL0064,TEMPORAL_PROCEDURAL,JUDGMENT_BEFORE_ORDER,MEDIUM,AT0166,AT0167,이광섭 책임 평가 뒤 정배,정조는 이광섭이 비장에게 일을 맡겼다고 평가했다.,정조는 이광섭을 먼 곳에 무기한 정배하라고 명했다.,MORE_SPECIFIC_THAN_SOURCE,처분의 근거 선택(AT0166),ATT0167은 근거를 말하지 않음. AT0162~AT0166 중 AT0166만 연결.,MEDIUM_REVIEW
REL0065,TEMPORAL_PROCEDURAL,JUDGMENT_BEFORE_ORDER,HIGH,AT0171,AT0172,도신 장계 오류 평가 뒤 이형원 파직,정조는 구순의 도난 여부에 관해 도신 장계와 어사 보고가 크게 달랐다고 지적했다.,정조는 충청도 관찰사 이형원을 파직했다.,MORE_SPECIFIC_THAN_SOURCE,평가 강화('달랐다'→'오류') + 처분 근거,ATT0171은 장계와 어사 보고가 '크게 달랐다'고만 함. basis '도신 장계 오류 평가'는 잘못의 귀속을 추가.,MEDIUM_REVIEW
REL0066,TEMPORAL_PROCEDURAL,BEFORE,HIGH,AT0068,AT0081,확정 음력 날짜: 2/22 < 2/28,"명업은 나복이 30여 명의 도적, 횃불, 지세대감 자칭, 금품 절취를 말했다고 진술했다.",이진욱은 2월 28일 밤 병영에서 자신을 비장청으로 불렀다고 진술했다.,MORE_SPECIFIC_THAN_SOURCE,'확정' 날짜,AT0068의 날짜(2/22)는 ATT0068에 없음(Audit E AMBIGUOUS). 선후 자체는 AT0065 기준으로 성립 가능.,LOW_REVIEW
REL0067,TEMPORAL_PROCEDURAL,BEFORE,HIGH,AT0092,AT0097,확정 음력 날짜: 2/29 < 3/4,이진욱은 변지돌 대신 재돌의 처 자미덕만을 잡았다고 진술했다.,이진욱은 3월 4일 병사가 풍각 김생원을 잡아오라고 명했다고 진술했다.,MORE_SPECIFIC_THAN_SOURCE,'확정' 날짜,AT0092의 2/29는 relation 사슬과 날짜 계산으로 얻은 값이며 ATT0092에 없음.,LOW_REVIEW
REL0068,TEMPORAL_PROCEDURAL,BEFORE,HIGH,AT0101,AT0020,확정 음력 날짜: 3/4 < 5/12,이진욱은 병사의 분부에 따라 장교 일행이 김명신을 잡아왔다고 진술했다.,비변사는 이광섭을 파직하자고 청했다.,MORE_SPECIFIC_THAN_SOURCE,'확정' 날짜,AT0101의 3/4는 명령 날짜이며 ATT0101에 집행 날짜 없음. 선후 자체는 성립.,LOW_REVIEW
REL0069,TEMPORAL_PROCEDURAL,BEFORE,HIGH,AT0023,AT0030,확정 음력 날짜: 5/12 < 5/27,정조는 이광섭 파직 요청을 윤허했다.,충청도 암행어사 이조원은 비변사 당상들과 함께 입시했다.,SAME_MEANING,,두 기록일.,INFO
REL0070,TEMPORAL_PROCEDURAL,BEFORE,HIGH,AT0049,AT0053,확정 음력 날짜: 5/27 < 5/28,정조는 이조원을 파직하도록 했다.,정조는 홍대협에게 구순 사건을 들었는지 물었다.,SAME_MEANING,,두 기록일.,INFO
REL0071,TEMPORAL_PROCEDURAL,BEFORE,HIGH,AT0060,AT0149,확정 음력 날짜: 5/28 < 6/13,정조는 홍대협을 충청도 공주 안핵어사로 차하했다.,정조는 공주목 안핵의 핵심을 세 가지 의안으로 분리했다.,SAME_MEANING,,두 기록일.,INFO
REL0072,COREFERENCE_OR_ACCOUNT_LINK,SAME_STATE_CANDIDATE,HIGH,AT0002,AT0034,이형원 장계와 이조원 보고가 모두 김명신을 구순의 이웃으로 서술.,이형원 장계는 김명신을 구순 집 이웃에 사는 반족으로 적었다.,이조원은 김명신이 구순과 이웃하여 살았다고 보고했다.,SAME_MEANING,,두 보고 모두 이웃이라고 함.,INFO
REL0073,COREFERENCE_OR_ACCOUNT_LINK,SAME_EVENT_CANDIDATE,HIGH,AT0073,AT0120,명업과 한재욱이 모두 구순의 진영 정소/소장 제출을 회고.,명업은 구순이 소장을 올렸다고 진술했다.,한재욱은 구순 집 도난이 진영에 정소된 뒤라고 진술했다.,MORE_SPECIFIC_THAN_SOURCE,세부 결합('구순의 진영 정소'),"명업(ATT0073)은 진영을, 한재욱(ATT0120)은 정소 주체를 말하지 않음. basis는 두 진술의 세부를 합쳐 둘 다 '구순의 진영 정소'를 회고했다고 씀.",MEDIUM_REVIEW
REL0074,COREFERENCE_OR_ACCOUNT_LINK,SAME_EPISODE_CANDIDATE,HIGH,AT0121,AT0133,"한재욱은 유제희 파견을, 유제희는 현지 탐문 수행을 진술.",한재욱은 도적의 진상을 탐지하려고 병영 아전 유제희를 내보냈다고 진술했다.,유제희는 당초 현지에 가서 탐문했다고 진술했다.,SAME_MEANING,,두 진술을 각각 정확히 요약.,INFO
REL0075,COREFERENCE_OR_ACCOUNT_LINK,SAME_EPISODE_CANDIDATE,HIGH,AT0122,AT0135,한재욱 회고와 유제희 본인이 동일한 명단 작성 episode를 가리킬 가능성이 높음.,한재욱은 유제희가 여러 사람의 이름을 적었다고 진술했다.,유제희는 구순의 말을 듣고 김명신을 원돌 등의 이름과 함께 기록했다고 진술했다.,SAFE_SUMMARY,,'가능성이 높음'으로 유보.,INFO
REL0076,COREFERENCE_OR_ACCOUNT_LINK,SAME_EPISODE_CANDIDATE,MEDIUM,AT0123,AT0136,병영 귀환과 상신은 같은 보고 episode의 인접 행위일 가능성.,한재욱은 유제희가 여러 사람의 이름을 적어 병영으로 돌아왔다고 진술했다.,유제희는 기록한 이름들을 위에 올렸다고 진술했다.,SAFE_SUMMARY,,'가능성'으로 유보.,INFO
REL0077,COREFERENCE_OR_ACCOUNT_LINK,SAME_EVENT_CANDIDATE,HIGH,AT0092,AT0110,이진욱과 자미덕이 같은 자미덕 체포를 각자 회고.,이진욱은 변지돌 대신 재돌의 처 자미덕만을 잡았다고 진술했다.,자미덕은 병영 장교가 갑자기 찾아와 자신을 붙잡았다고 진술했다.,MORE_SPECIFIC_THAN_SOURCE,동일성 단정('같은 자미덕 체포'),relation_type은 후보(CANDIDATE)인데 basis는 단정형. 이 연결로 이진욱 진술의 날짜(2/29)가 자미덕 진술 행 8개로 옮겨짐(Audit E).,MEDIUM_REVIEW
REL0078,COREFERENCE_OR_ACCOUNT_LINK,OVERLAPPING_SERIES_CANDIDATE,MEDIUM,AT0114,AT0125,"자미덕은 매일 불렸다고 주장, 한재욱은 방으로 불러들인 사실 자체는 인정. 특정 1회 동일성은 불명.",자미덕은 한재욱이 이후 매일 자신을 방안으로 불러들였다고 진술했다.,한재욱은 자미덕을 방 안으로 불러들인 사실은 인정했다.,SAFE_SUMMARY,,'특정 1회 동일성은 불명'으로 유보.,INFO
REL0079,COREFERENCE_OR_ACCOUNT_LINK,PARTIAL_SAME_EVENT_CANDIDATE,MEDIUM,AT0117,AT0126,자미덕은 떡·밥을 받았다고 하고 한재욱은 남은 밥을 준 사실을 인정.,자미덕은 한재욱이 자신에게 떡과 밥을 주었다고 진술했다.,한재욱은 먹고 남은 밥을 자미덕에게 준 사실은 인정했다.,SAME_MEANING,,두 진술을 정확히 요약.,INFO
REL0080,COREFERENCE_OR_ACCOUNT_LINK,CONFLICTING_ACCOUNTS_OF_SAME_ALLEGED_EVENT,HIGH,AT0116,AT0131,자미덕은 석방 조건 회유·사주를 주장하고 한재욱은 사주를 부인.,자미덕은 한재욱이 특정 인물들을 큰 도적이라고 말하면 자신과 남편을 석방하겠다고 회유했다고 진술했다.,한재욱은 자미덕을 은밀히 사주한 일이 없다고 진술했다.,MORE_SPECIFIC_THAN_SOURCE,'사주'라는 규정을 자미덕 주장에 부여,ATT0116은 '회유'. '사주'는 한재욱 부인(ATT0131)의 단어. basis '회유·사주를 주장'은 자미덕이 사주를 주장한 것처럼 씀. type도 회유와 부인된 사주를 '같은 주장된 사건'으로 묶음.,MEDIUM_REVIEW
REL0081,COREFERENCE_OR_ACCOUNT_LINK,CONFLICTING_ACCOUNTS_OF_SAME_ALLEGED_EVENT,HIGH,AT0119,AT0131,자미덕은 대질 때 한재욱 지휘로 거짓말했다고 주장하고 한재욱은 사주를 부인.,자미덕은 이집거와 대질할 때 한재욱의 지휘에 따라 거짓으로 말했다고 진술했다.,한재욱은 자미덕을 은밀히 사주한 일이 없다고 진술했다.,SAFE_SUMMARY,,basis는 두 명제를 정확히 요약. 단 type 'SAME_ALLEGED_EVENT'는 '지휘'와 '사주'를 같은 사건으로 묶는 틀.,LOW_REVIEW
REL0082,COREFERENCE_OR_ACCOUNT_LINK,CONFLICTING_ACCOUNTS_OF_SAME_RELATION,HIGH,AT0045,AT0132,이조원은 병영 보조자가 구순의 가객이라 보고했으나 한재욱은 구순과 평생 모르는 사이라고 부인.,이조원은 문제의 병영 보조자가 구순의 가객이었다고 주장했다.,한재욱은 구순과 평생 모르는 사이라고 진술했다.,NEW_INFORMATION_ADDED,행위자 동일성(병영 보조자=한재욱),ATT0045는 '병영 보조자'라고만 함. 그 보조자가 한재욱이라는 명제는 어떤 attestation에도 없음. 충돌 관계는 이 동일시를 전제로만 성립.,HIGH_REVIEW
REL0083,COREFERENCE_OR_ACCOUNT_LINK,SAME_UNDERLYING_EVENT_DIFFERENT_INTERPRETATION,HIGH,AT0010,AT0042,이형원과 이조원이 같은 김명신 사망 사건을 다룸.,이형원 장계는 김명신이 구금·조사 뒤 죽었다고 보고했다.,이조원은 김명신이 병영 옥에서 원통하게 죽었다고 보고했다.,SAFE_SUMMARY,,둘 다 김명신 사망을 다룸.,INFO
REL0084,COREFERENCE_OR_ACCOUNT_LINK,SAME_UNDERLYING_EVENT_DIFFERENT_INTERPRETATION,HIGH,AT0042,AT0148,이조원의 원통한 죽음 보고와 홍대협의 질병 판단은 같은 사망 사건의 해석 차이.,이조원은 김명신이 병영 옥에서 원통하게 죽었다고 보고했다.,홍대협은 김명신의 사망이 질병 때문이었다고 보고했다.,SAFE_SUMMARY,,같은 사망의 서로 다른 서술.,INFO
REL0085,COREFERENCE_OR_ACCOUNT_LINK,SAME_UNDERLYING_EVENT_DIFFERENT_INTERPRETATION,HIGH,AT0148,AT0151,홍대협과 정조가 같은 사망 사건의 직접 사인을 질병/전염병으로 판단.,홍대협은 김명신의 사망이 질병 때문이었다고 보고했다.,정조는 김명신이 전염병에 걸려 죽은 것으로 판단했다.,MORE_SPECIFIC_THAN_SOURCE,'직접 사인',"ATT0148 '질병 때문', ATT0151 '전염병에 걸려'. '직접'은 두 명제에 없음.",LOW_REVIEW
REL0086,COREFERENCE_OR_ACCOUNT_LINK,SAME_UNDERLYING_EVENT_DIFFERENT_INTERPRETATION,HIGH,AT0038,AT0139,이조원은 도난 조작을 주장했지만 홍대협은 실제 도난을 인정.,이조원은 구순이 도적을 맞은 모양을 꾸몄다고 주장했다.,홍대협은 정식 조사 결과 약간의 도난은 실제였다고 판단했다.,SAFE_SUMMARY,,'실제 도난을 인정'에서 '약간의'가 빠짐.,LOW_REVIEW
REL0087,COREFERENCE_OR_ACCOUNT_LINK,SAME_UNDERLYING_EVENT_DIFFERENT_INTERPRETATION,HIGH,AT0139,AT0150,홍대협 판단과 정조 최종 판단이 같은 도난 사건의 존재를 다룸.,홍대협은 정식 조사 결과 약간의 도난은 실제였다고 판단했다.,정조는 안핵 서계를 토대로 도난이 실제로 있었다고 판단했다.,SAME_MEANING,,둘 다 도난이 실제였다고 판단.,INFO
REL0088,COREFERENCE_OR_ACCOUNT_LINK,RELATED_ACCOUNT_SAME_SUSPICION_EPISODE,MEDIUM,AT0005,AT0134,둘 다 구순의 김명신 지목 계열이나 동일 발화인지까지는 불명.,이형원 장계에는 구순이 김명신을 도적의 괴수라고 말했다고 적혀 있다.,유제희는 탐문 중 구순이 풍각 김상제가 매우 수상하다고 말했다고 진술했다.,MORE_SPECIFIC_THAN_SOURCE,"'지목'(수상하다→지목), 대상 특정(김상제→김명신)",ATT0134는 '풍각 김상제가 매우 수상하다'. 김명신으로 읽는 근거는 ATT0135의 간접 연결뿐이며 '수상하다'를 '지목'으로 강화.,MEDIUM_REVIEW
REL0089,COREFERENCE_OR_ACCOUNT_LINK,RELATED_ACCOUNT_SAME_SUSPICION_EPISODE,MEDIUM,AT0134,AT0158,유제희 공초와 정조 최종 평가가 구순의 이름 제공 episode와 연결.,유제희는 탐문 중 구순이 풍각 김상제가 매우 수상하다고 말했다고 진술했다.,정조는 구순이 병영의 탐문자에게 김명신의 이름을 적어 주었다고 판단했다.,MORE_SPECIFIC_THAN_SOURCE,에피소드 동일성('이름 제공'),ATT0134/0135(유제희): 구순이 말하고 유제희가 기록. ATT0158(정조): 구순이 이름을 적어 주었다. 누가 적었는지의 차이를 '이름 제공 episode'로 덮음.,MEDIUM_REVIEW
REL0090,COREFERENCE_OR_ACCOUNT_LINK,ORDER_AND_SPECIFIC_DISPOSITION,HIGH,AT0160,AT0161,일반 절도 정배 명령과 최종 신지도 유배 기록.,정조는 구순을 감하여 외딴 섬에 정배하라고 명했다.,기사의 최종 처분에는 구순을 신지도에 유배한 것으로 기록되어 있다.,SAFE_SUMMARY,,정배 명령과 구체 유배지.,INFO
REL0091,COREFERENCE_OR_ACCOUNT_LINK,ORDER_AND_SPECIFIC_DISPOSITION,HIGH,AT0167,AT0168,원지 정배 명령과 최종 영동현 유배 기록.,정조는 이광섭을 먼 곳에 무기한 정배하라고 명했다.,기사의 최종 처분에는 이광섭을 영동현에 유배한 것으로 기록되어 있다.,SAFE_SUMMARY,,같음.,INFO
