event_family_id,semantic_class,structural_template,description_ko,member_count,family_type,usage_note
EF_STATE_RESIDENCE,STATE,X lives/is located at Y,거주·공간 귀속 상태,4,STRUCTURAL_EVENT_FAMILY_NOT_STATISTICAL_CLUSTER,형식이 같은 사건을 찾기 위한 구조적 분류. K-means 등 통계적 군집분석 결과가 아님.
EF_STATE_RELATIONSHIP,STATE,"relationship(A,B)=state",인물 관계·왕래 상태,2,STRUCTURAL_EVENT_FAMILY_NOT_STATISTICAL_CLUSTER,형식이 같은 사건을 찾기 위한 구조적 분류. K-means 등 통계적 군집분석 결과가 아님.
EF_STATE_IDENTITY,STATE,X has identity/status Y,신분·인물 식별,3,STRUCTURAL_EVENT_FAMILY_NOT_STATISTICAL_CLUSTER,형식이 같은 사건을 찾기 위한 구조적 분류. K-means 등 통계적 군집분석 결과가 아님.
EF_STATE_CUSTODY,STATE,custody(X)=state,체포·구금·부재 등 신병 상태,3,STRUCTURAL_EVENT_FAMILY_NOT_STATISTICAL_CLUSTER,형식이 같은 사건을 찾기 위한 구조적 분류. K-means 등 통계적 군집분석 결과가 아님.
EF_STATE_EVIDENCE_RESULT,STATE,evidence/result=state,물증·조사 결과 상태,3,STRUCTURAL_EVENT_FAMILY_NOT_STATISTICAL_CLUSTER,형식이 같은 사건을 찾기 위한 구조적 분류. K-means 등 통계적 군집분석 결과가 아님.
EF_STATE_LOCAL_CONTEXT,STATE,place has contextual property Y,지역·입지 상태,1,STRUCTURAL_EVENT_FAMILY_NOT_STATISTICAL_CLUSTER,형식이 같은 사건을 찾기 위한 구조적 분류. K-means 등 통계적 군집분석 결과가 아님.
EF_STATE_OTHER,STATE,state(X)=Y,기타 상태,1,STRUCTURAL_EVENT_FAMILY_NOT_STATISTICAL_CLUSTER,형식이 같은 사건을 찾기 위한 구조적 분류. K-means 등 통계적 군집분석 결과가 아님.
EF_ACT_APPREHEND,ACTION,A apprehends B,체포·잡아옴,5,STRUCTURAL_EVENT_FAMILY_NOT_STATISTICAL_CLUSTER,형식이 같은 사건을 찾기 위한 구조적 분류. K-means 등 통계적 군집분석 결과가 아님.
EF_ACT_MOVE,ACTION,A moves/goes/arrives at B,이동·출발·도착·들름·이송,8,STRUCTURAL_EVENT_FAMILY_NOT_STATISTICAL_CLUSTER,형식이 같은 사건을 찾기 위한 구조적 분류. K-means 등 통계적 군집분석 결과가 아님.
EF_ACT_INTERROGATE,ACTION,A interrogates/questions B,신문·재질문·대질 전 질문,5,STRUCTURAL_EVENT_FAMILY_NOT_STATISTICAL_CLUSTER,형식이 같은 사건을 찾기 위한 구조적 분류. K-means 등 통계적 군집분석 결과가 아님.
EF_ACT_INQUIRE_SEARCH,ACTION,A investigates/inquires about X,현지 탐문·광범위 탐문·반복 조사·채탐,5,STRUCTURAL_EVENT_FAMILY_NOT_STATISTICAL_CLUSTER,형식이 같은 사건을 찾기 위한 구조적 분류. K-means 등 통계적 군집분석 결과가 아님.
EF_ACT_RECORD_REPORT,ACTION,A records/submits/reports information X,기록·상신·보고,6,STRUCTURAL_EVENT_FAMILY_NOT_STATISTICAL_CLUSTER,형식이 같은 사건을 찾기 위한 구조적 분류. K-means 등 통계적 군집분석 결과가 아님.
EF_ACT_DOCUMENT_TRANSFER,ACTION,A sends/hands document to B,편지·서찰 송부/전달,2,STRUCTURAL_EVENT_FAMILY_NOT_STATISTICAL_CLUSTER,형식이 같은 사건을 찾기 위한 구조적 분류. K-means 등 통계적 군집분석 결과가 아님.
EF_ACT_CALL_SUMMON,ACTION,A calls/summons B,호출·불러들임·찾아와 부름,5,STRUCTURAL_EVENT_FAMILY_NOT_STATISTICAL_CLUSTER,형식이 같은 사건을 찾기 위한 구조적 분류. K-means 등 통계적 군집분석 결과가 아님.
EF_ACT_PRIVATE_CONTACT,ACTION,A privately communicates with B,비공개 대화·접촉,1,STRUCTURAL_EVENT_FAMILY_NOT_STATISTICAL_CLUSTER,형식이 같은 사건을 찾기 위한 구조적 분류. K-means 등 통계적 군집분석 결과가 아님.
EF_ACT_COMPLAINT,ACTION,A files complaint/petition,정소·소장 제출,2,STRUCTURAL_EVENT_FAMILY_NOT_STATISTICAL_CLUSTER,형식이 같은 사건을 찾기 위한 구조적 분류. K-means 등 통계적 군집분석 결과가 아님.
EF_ACT_OPERATION_PREP,ACTION,A prepares/provides equipment,체포작전 준비·철편,2,STRUCTURAL_EVENT_FAMILY_NOT_STATISTICAL_CLUSTER,형식이 같은 사건을 찾기 위한 구조적 분류. K-means 등 통계적 군집분석 결과가 아님.
EF_ACT_CONFRONTATION,ACTION,A confronts B,대질,1,STRUCTURAL_EVENT_FAMILY_NOT_STATISTICAL_CLUSTER,형식이 같은 사건을 찾기 위한 구조적 분류. K-means 등 통계적 군집분석 결과가 아님.
EF_ACT_PROVIDE_FOOD,ACTION,A provides food to B,음식 제공,2,STRUCTURAL_EVENT_FAMILY_NOT_STATISTICAL_CLUSTER,형식이 같은 사건을 찾기 위한 구조적 분류. K-means 등 통계적 군집분석 결과가 아님.
EF_ACT_DEATH,ACTION,X dies,사망,0,STRUCTURAL_EVENT_FAMILY_NOT_STATISTICAL_CLUSTER,형식이 같은 사건을 찾기 위한 구조적 분류. K-means 등 통계적 군집분석 결과가 아님.
EF_ACT_AUDIENCE,ACTION,A attends royal/official audience,입시,1,STRUCTURAL_EVENT_FAMILY_NOT_STATISTICAL_CLUSTER,형식이 같은 사건을 찾기 위한 구조적 분류. K-means 등 통계적 군집분석 결과가 아님.
EF_ACT_WAIT,ACTION,A waits until time/event,대기,1,STRUCTURAL_EVENT_FAMILY_NOT_STATISTICAL_CLUSTER,형식이 같은 사건을 찾기 위한 구조적 분류. K-means 등 통계적 군집분석 결과가 아님.
EF_ACT_OTHER,ACTION,A performs action X,기타 행위,1,STRUCTURAL_EVENT_FAMILY_NOT_STATISTICAL_CLUSTER,형식이 같은 사건을 찾기 위한 구조적 분류. K-means 등 통계적 군집분석 결과가 아님.
EF_SPEECH_DENIAL,ASSERTION,A denies proposition P,부인,2,STRUCTURAL_EVENT_FAMILY_NOT_STATISTICAL_CLUSTER,형식이 같은 사건을 찾기 위한 구조적 분류. K-means 등 통계적 군집분석 결과가 아님.
EF_SPEECH_QUESTION,ASSERTION,A asks question Q,질문 발화,1,STRUCTURAL_EVENT_FAMILY_NOT_STATISTICAL_CLUSTER,형식이 같은 사건을 찾기 위한 구조적 분류. K-means 등 통계적 군집분석 결과가 아님.
EF_SPEECH_RESPONSE,ASSERTION,A answers/responds P,답변·응답,6,STRUCTURAL_EVENT_FAMILY_NOT_STATISTICAL_CLUSTER,형식이 같은 사건을 찾기 위한 구조적 분류. K-means 등 통계적 군집분석 결과가 아님.
EF_SPEECH_REQUEST,ASSERTION,A requests B to do X,요청·재확인 요청,2,STRUCTURAL_EVENT_FAMILY_NOT_STATISTICAL_CLUSTER,형식이 같은 사건을 찾기 위한 구조적 분류. K-means 등 통계적 군집분석 결과가 아님.
EF_SPEECH_REBUKE,ASSERTION,A rebukes B about X,힐책,1,STRUCTURAL_EVENT_FAMILY_NOT_STATISTICAL_CLUSTER,형식이 같은 사건을 찾기 위한 구조적 분류. K-means 등 통계적 군집분석 결과가 아님.
EF_SPEECH_TESTIMONY_META,ASSERTION,A explains prior testimony/change,진술 생성·변경 경위에 대한 메타진술,4,STRUCTURAL_EVENT_FAMILY_NOT_STATISTICAL_CLUSTER,형식이 같은 사건을 찾기 위한 구조적 분류. K-means 등 통계적 군집분석 결과가 아님.
EF_SPEECH_CLAIM_REPORT,ASSERTION,A states/reports proposition P,주장·공초·보고·전언·지목,31,STRUCTURAL_EVENT_FAMILY_NOT_STATISTICAL_CLUSTER,형식이 같은 사건을 찾기 위한 구조적 분류. K-means 등 통계적 군집분석 결과가 아님.
EF_SPEECH_OTHER,ASSERTION,A states P,기타 발화/주장,0,STRUCTURAL_EVENT_FAMILY_NOT_STATISTICAL_CLUSTER,형식이 같은 사건을 찾기 위한 구조적 분류. K-means 등 통계적 군집분석 결과가 아님.
EF_ORDER_ARREST,ORDER,A orders arrest of B,체포 명령,5,STRUCTURAL_EVENT_FAMILY_NOT_STATISTICAL_CLUSTER,형식이 같은 사건을 찾기 위한 구조적 분류. K-means 등 통계적 군집분석 결과가 아님.
EF_ORDER_DISPATCH,ORDER,A dispatches/orders movement of B,파견·출동 지시,2,STRUCTURAL_EVENT_FAMILY_NOT_STATISTICAL_CLUSTER,형식이 같은 사건을 찾기 위한 구조적 분류. K-means 등 통계적 군집분석 결과가 아님.
EF_ORDER_INVESTIGATE,ORDER,A orders investigation/interrogation,조사·신문·개좌 명령,4,STRUCTURAL_EVENT_FAMILY_NOT_STATISTICAL_CLUSTER,형식이 같은 사건을 찾기 위한 구조적 분류. K-means 등 통계적 군집분석 결과가 아님.
EF_ORDER_PUNISH,ORDER,A orders punishment/personnel disposition,파직·정배·유배·형벌 등 처분,9,STRUCTURAL_EVENT_FAMILY_NOT_STATISTICAL_CLUSTER,형식이 같은 사건을 찾기 위한 구조적 분류. K-means 등 통계적 군집분석 결과가 아님.
EF_ORDER_RECOMMEND,ORDER,A proposes/recommends disposition,건의·복계,6,STRUCTURAL_EVENT_FAMILY_NOT_STATISTICAL_CLUSTER,형식이 같은 사건을 찾기 위한 구조적 분류. K-means 등 통계적 군집분석 결과가 아님.
EF_ORDER_APPROVE,ORDER,A approves prior proposal,윤허,3,STRUCTURAL_EVENT_FAMILY_NOT_STATISTICAL_CLUSTER,형식이 같은 사건을 찾기 위한 구조적 분류. K-means 등 통계적 군집분석 결과가 아님.
EF_ORDER_APPOINT,ORDER,A appoints B to office/task,차하·임명,1,STRUCTURAL_EVENT_FAMILY_NOT_STATISTICAL_CLUSTER,형식이 같은 사건을 찾기 위한 구조적 분류. K-means 등 통계적 군집분석 결과가 아님.
EF_ORDER_OTHER,ORDER,A orders X,기타 명령,4,STRUCTURAL_EVENT_FAMILY_NOT_STATISTICAL_CLUSTER,형식이 같은 사건을 찾기 위한 구조적 분류. K-means 등 통계적 군집분석 결과가 아님.
EF_JUDGE_ISSUE_FRAME,JUDGMENT,A frames issue(s) for decision,쟁점·의안 설정,1,STRUCTURAL_EVENT_FAMILY_NOT_STATISTICAL_CLUSTER,형식이 같은 사건을 찾기 위한 구조적 분류. K-means 등 통계적 군집분석 결과가 아님.
EF_JUDGE_FINAL,JUDGMENT,A makes final finding P,최종 판단,7,STRUCTURAL_EVENT_FAMILY_NOT_STATISTICAL_CLUSTER,형식이 같은 사건을 찾기 위한 구조적 분류. K-means 등 통계적 군집분석 결과가 아님.
EF_JUDGE_EVALUATE,JUDGMENT,A evaluates/criticizes/interprets P,평가·판단·비판·의견,19,STRUCTURAL_EVENT_FAMILY_NOT_STATISTICAL_CLUSTER,형식이 같은 사건을 찾기 위한 구조적 분류. K-means 등 통계적 군집분석 결과가 아님.
