attestation_id,event_id,source_record_id,report_lunar_date,speaker_or_reporting_actor,attestation_mode,proposition_ko,embedded_claim_status,claim_topic,conflict_group,source_policy,corroborating_source_url,attestation_note
ATT0001,AT0001,SRC001,1793-05-12,이형원,OFFICIAL_REPORT,이형원 장계는 구순을 청주 덕평에 사는 전 부사로 적었다.,NOT_APPLICABLE,,,USER_ALLOWED_SOURCE_ONLY,,이 행은 사료가 이 명제/진술/명령/판단을 기록했다는 사실을 보존한다. 특히 TESTIMONY·OFFICIAL_REPORT의 내포 내용은 자동으로 객관적 역사사실로 확정하지 않는다.
ATT0002,AT0002,SRC001,1793-05-12,이형원,OFFICIAL_REPORT,이형원 장계는 김명신을 구순 집 이웃에 사는 반족으로 적었다.,NOT_APPLICABLE,,,USER_ALLOWED_SOURCE_ONLY,,이 행은 사료가 이 명제/진술/명령/판단을 기록했다는 사실을 보존한다. 특히 TESTIMONY·OFFICIAL_REPORT의 내포 내용은 자동으로 객관적 역사사실로 확정하지 않는다.
ATT0003,AT0003,SRC001,1793-05-12,이형원,OFFICIAL_REPORT,이형원은 구순 집에 도난이 있었다는 내용을 장계했다.,CLAIM_WITHIN_OFFICIAL_REPORT,THEFT_REALITY,THEFT_REALITY,USER_ALLOWED_SOURCE_ONLY,,이 행은 사료가 이 명제/진술/명령/판단을 기록했다는 사실을 보존한다. 특히 TESTIMONY·OFFICIAL_REPORT의 내포 내용은 자동으로 객관적 역사사실로 확정하지 않는다.
ATT0004,AT0004,SRC001,1793-05-12,이형원,OFFICIAL_REPORT,이형원은 구순이 김명신을 도적 괴수라고 말했다고 장계했다.,CLAIM_WITHIN_OFFICIAL_REPORT,SUSPECT_IDENTIFICATION,,USER_ALLOWED_SOURCE_ONLY,,이 행은 사료가 이 명제/진술/명령/판단을 기록했다는 사실을 보존한다. 특히 TESTIMONY·OFFICIAL_REPORT의 내포 내용은 자동으로 객관적 역사사실로 확정하지 않는다.
ATT0005,AT0005,SRC001,1793-05-12,이형원,OFFICIAL_REPORT,이형원 장계에는 구순이 김명신을 도적의 괴수라고 말했다고 적혀 있다.,CLAIM_WITHIN_OFFICIAL_REPORT,SUSPECT_IDENTIFICATION,,USER_ALLOWED_SOURCE_ONLY,,이 행은 사료가 이 명제/진술/명령/판단을 기록했다는 사실을 보존한다. 특히 TESTIMONY·OFFICIAL_REPORT의 내포 내용은 자동으로 객관적 역사사실로 확정하지 않는다.
ATT0006,AT0006,SRC001,1793-05-12,이형원,OFFICIAL_REPORT,이형원은 병영이 김명신을 잡았다고 보고했다.,CLAIM_WITHIN_OFFICIAL_REPORT,DETENTION,,USER_ALLOWED_SOURCE_ONLY,,이 행은 사료가 이 명제/진술/명령/판단을 기록했다는 사실을 보존한다. 특히 TESTIMONY·OFFICIAL_REPORT의 내포 내용은 자동으로 객관적 역사사실로 확정하지 않는다.
ATT0007,AT0007,SRC001,1793-05-12,이형원,OFFICIAL_REPORT,이형원은 김명신이 달포 이상 구금되었다고 보고했다.,CLAIM_WITHIN_OFFICIAL_REPORT,DETENTION,,USER_ALLOWED_SOURCE_ONLY,,이 행은 사료가 이 명제/진술/명령/판단을 기록했다는 사실을 보존한다. 특히 TESTIMONY·OFFICIAL_REPORT의 내포 내용은 자동으로 객관적 역사사실로 확정하지 않는다.
ATT0008,AT0008,SRC001,1793-05-12,이형원,OFFICIAL_REPORT,이형원은 병영이 김명신을 달포 이상 조사했다고 보고했다.,CLAIM_WITHIN_OFFICIAL_REPORT,DETENTION,,USER_ALLOWED_SOURCE_ONLY,,이 행은 사료가 이 명제/진술/명령/판단을 기록했다는 사실을 보존한다. 특히 TESTIMONY·OFFICIAL_REPORT의 내포 내용은 자동으로 객관적 역사사실로 확정하지 않는다.
ATT0009,AT0009,SRC001,1793-05-12,이형원,OFFICIAL_REPORT,이형원은 달포 이상 조사했으나 끝내 확실한 증거를 찾지 못했다고 보고했다.,CLAIM_WITHIN_OFFICIAL_REPORT,EVIDENCE,,USER_ALLOWED_SOURCE_ONLY,,이 행은 사료가 이 명제/진술/명령/판단을 기록했다는 사실을 보존한다. 특히 TESTIMONY·OFFICIAL_REPORT의 내포 내용은 자동으로 객관적 역사사실로 확정하지 않는다.
ATT0010,AT0010,SRC001,1793-05-12,이형원,OFFICIAL_REPORT,이형원 장계는 김명신이 구금·조사 뒤 죽었다고 보고했다.,CLAIM_WITHIN_OFFICIAL_REPORT,DEATH_CAUSE,DEATH_CAUSE,USER_ALLOWED_SOURCE_ONLY,,이 행은 사료가 이 명제/진술/명령/판단을 기록했다는 사실을 보존한다. 특히 TESTIMONY·OFFICIAL_REPORT의 내포 내용은 자동으로 객관적 역사사실로 확정하지 않는다.
ATT0011,AT0011,SRC001,1793-05-12,이형원,OFFICIAL_REPORT,이형원은 다른 무고한 평민들도 많이 모진 형벌을 받았다고 보고했다.,CLAIM_WITHIN_OFFICIAL_REPORT,INVESTIGATION_HARM,,USER_ALLOWED_SOURCE_ONLY,,이 행은 사료가 이 명제/진술/명령/판단을 기록했다는 사실을 보존한다. 특히 TESTIMONY·OFFICIAL_REPORT의 내포 내용은 자동으로 객관적 역사사실로 확정하지 않는다.
ATT0012,AT0012,SRC001,1793-05-12,이형원,OFFICIAL_REPORT,이형원은 각 진영의 영장들에게 함께 조사하게 했다고 보고했다.,CLAIM_WITHIN_OFFICIAL_REPORT,REINVESTIGATION,,USER_ALLOWED_SOURCE_ONLY,,이 행은 사료가 이 명제/진술/명령/판단을 기록했다는 사실을 보존한다. 특히 TESTIMONY·OFFICIAL_REPORT의 내포 내용은 자동으로 객관적 역사사실로 확정하지 않는다.
ATT0013,AT0013,SRC001,1793-05-12,이형원,OFFICIAL_REPORT,이형원 장계에는 회동 조사 응답자들이 구순과 김명신 사이에 원한이 있었다고 진술했다고 적혀 있다.,CLAIM_NOT_INDEPENDENTLY_ESTABLISHED,MOTIVE,MOTIVE,USER_ALLOWED_SOURCE_ONLY,,이 행은 사료가 이 명제/진술/명령/판단을 기록했다는 사실을 보존한다. 특히 TESTIMONY·OFFICIAL_REPORT의 내포 내용은 자동으로 객관적 역사사실로 확정하지 않는다.
ATT0014,AT0014,SRC001,1793-05-12,이형원,OFFICIAL_REPORT,이형원 장계에는 응답자들이 구순이 도난 상황을 꾸몄다고 진술했다고 적혀 있다.,CLAIM_NOT_INDEPENDENTLY_ESTABLISHED,THEFT_FABRICATION,THEFT_REALITY,USER_ALLOWED_SOURCE_ONLY,,이 행은 사료가 이 명제/진술/명령/판단을 기록했다는 사실을 보존한다. 특히 TESTIMONY·OFFICIAL_REPORT의 내포 내용은 자동으로 객관적 역사사실로 확정하지 않는다.
ATT0015,AT0015,SRC001,1793-05-12,이형원,OFFICIAL_REPORT,이형원 장계에는 응답자들이 구순이 김명신을 도적 괴수로 몰았다고 진술했다고 적혀 있다.,CLAIM_NOT_INDEPENDENTLY_ESTABLISHED,SUSPECT_IDENTIFICATION,,USER_ALLOWED_SOURCE_ONLY,,이 행은 사료가 이 명제/진술/명령/판단을 기록했다는 사실을 보존한다. 특히 TESTIMONY·OFFICIAL_REPORT의 내포 내용은 자동으로 객관적 역사사실로 확정하지 않는다.
ATT0016,AT0016,SRC001,1793-05-12,이형원,OFFICIAL_REPORT,이형원 장계에는 김명신 외 전후 체포자들도 구순 집에서 미워하던 사람들이었다는 진술이 실려 있다.,CLAIM_NOT_INDEPENDENTLY_ESTABLISHED,TARGET_SELECTION,,USER_ALLOWED_SOURCE_ONLY,,이 행은 사료가 이 명제/진술/명령/판단을 기록했다는 사실을 보존한다. 특히 TESTIMONY·OFFICIAL_REPORT의 내포 내용은 자동으로 객관적 역사사실로 확정하지 않는다.
ATT0017,AT0017,SRC001,1793-05-12,이형원,OFFICIAL_REPORT,이형원은 청주 영장 이문협이 토포 직책에 있으면서 조사를 병영 비장에게 전적으로 맡겼다고 평가했다.,OFFICIAL_EVALUATION,INSTITUTIONAL_FAILURE,,USER_ALLOWED_SOURCE_ONLY,,이 행은 사료가 이 명제/진술/명령/판단을 기록했다는 사실을 보존한다. 특히 TESTIMONY·OFFICIAL_REPORT의 내포 내용은 자동으로 객관적 역사사실로 확정하지 않는다.
ATT0018,AT0018,SRC001,1793-05-12,이형원,OFFICIAL_REPORT,이형원은 이문협을 파출할 것을 건의했다.,NOT_APPLICABLE,,,USER_ALLOWED_SOURCE_ONLY,,이 행은 사료가 이 명제/진술/명령/판단을 기록했다는 사실을 보존한다. 특히 TESTIMONY·OFFICIAL_REPORT의 내포 내용은 자동으로 객관적 역사사실로 확정하지 않는다.
ATT0019,AT0019,SRC001,1793-05-12,이형원,OFFICIAL_REPORT,이형원은 이광섭이 허황한 말을 믿고 죄 없는 사람을 잘못 잡았다고 평가했다.,OFFICIAL_EVALUATION,COMMAND_FAILURE,,USER_ALLOWED_SOURCE_ONLY,,이 행은 사료가 이 명제/진술/명령/판단을 기록했다는 사실을 보존한다. 특히 TESTIMONY·OFFICIAL_REPORT의 내포 내용은 자동으로 객관적 역사사실로 확정하지 않는다.
ATT0020,AT0020,SRC001,1793-05-12,비변사,MINISTERIAL_PROPOSAL,비변사는 이광섭을 파직하자고 청했다.,NOT_APPLICABLE,,,USER_ALLOWED_SOURCE_ONLY,,이 행은 사료가 이 명제/진술/명령/판단을 기록했다는 사실을 보존한다. 특히 TESTIMONY·OFFICIAL_REPORT의 내포 내용은 자동으로 객관적 역사사실로 확정하지 않는다.
ATT0021,AT0021,SRC001,1793-05-12,비변사,MINISTERIAL_PROPOSAL,비변사는 이광섭을 잡아다 신문하자고 청했다.,NOT_APPLICABLE,,,USER_ALLOWED_SOURCE_ONLY,,이 행은 사료가 이 명제/진술/명령/판단을 기록했다는 사실을 보존한다. 특히 TESTIMONY·OFFICIAL_REPORT의 내포 내용은 자동으로 객관적 역사사실로 확정하지 않는다.
ATT0022,AT0022,SRC001,1793-05-12,비변사,MINISTERIAL_PROPOSAL,비변사는 이광섭을 엄히 감죄하자고 청했다.,NOT_APPLICABLE,,,USER_ALLOWED_SOURCE_ONLY,,이 행은 사료가 이 명제/진술/명령/판단을 기록했다는 사실을 보존한다. 특히 TESTIMONY·OFFICIAL_REPORT의 내포 내용은 자동으로 객관적 역사사실로 확정하지 않는다.
ATT0023,AT0023,SRC001,1793-05-12,정조,ROYAL_ORDER,정조는 이광섭 파직 요청을 윤허했다.,NOT_APPLICABLE,,,USER_ALLOWED_SOURCE_ONLY,,이 행은 사료가 이 명제/진술/명령/판단을 기록했다는 사실을 보존한다. 특히 TESTIMONY·OFFICIAL_REPORT의 내포 내용은 자동으로 객관적 역사사실로 확정하지 않는다.
ATT0024,AT0024,SRC001,1793-05-12,정조,ROYAL_ORDER,정조는 이광섭 나문 요청을 윤허했다.,NOT_APPLICABLE,,,USER_ALLOWED_SOURCE_ONLY,,이 행은 사료가 이 명제/진술/명령/판단을 기록했다는 사실을 보존한다. 특히 TESTIMONY·OFFICIAL_REPORT의 내포 내용은 자동으로 객관적 역사사실로 확정하지 않는다.
ATT0025,AT0025,SRC001,1793-05-12,정조,ROYAL_ORDER,정조는 이광섭 엄한 감죄 요청을 윤허했다.,NOT_APPLICABLE,,,USER_ALLOWED_SOURCE_ONLY,,이 행은 사료가 이 명제/진술/명령/판단을 기록했다는 사실을 보존한다. 특히 TESTIMONY·OFFICIAL_REPORT의 내포 내용은 자동으로 객관적 역사사실로 확정하지 않는다.
ATT0026,AT0026,SRC001,1793-05-12,정조,ROYAL_JUDGMENT,정조는 당시 도 장계와 조사 문건을 근거로 구순이 도난을 꾸몄다는 방향을 받아들였다.,OFFICIAL_JUDGMENT_LATER_REVISED,THEFT_REALITY,THEFT_REALITY,USER_ALLOWED_SOURCE_ONLY,,이 행은 사료가 이 명제/진술/명령/판단을 기록했다는 사실을 보존한다. 특히 TESTIMONY·OFFICIAL_REPORT의 내포 내용은 자동으로 객관적 역사사실로 확정하지 않는다.
ATT0027,AT0027,SRC001,1793-05-12,정조,ROYAL_ORDER,정조는 구순을 의금부로 잡아오라고 명했다.,NOT_APPLICABLE,,,USER_ALLOWED_SOURCE_ONLY,,이 행은 사료가 이 명제/진술/명령/판단을 기록했다는 사실을 보존한다. 특히 TESTIMONY·OFFICIAL_REPORT의 내포 내용은 자동으로 객관적 역사사실로 확정하지 않는다.
ATT0028,AT0028,SRC001,1793-05-12,정조,ROYAL_ORDER,정조는 구순을 수금하라고 명했다.,NOT_APPLICABLE,,,USER_ALLOWED_SOURCE_ONLY,,이 행은 사료가 이 명제/진술/명령/판단을 기록했다는 사실을 보존한다. 특히 TESTIMONY·OFFICIAL_REPORT의 내포 내용은 자동으로 객관적 역사사실로 확정하지 않는다.
ATT0029,AT0029,SRC001,1793-05-12,정조,ROYAL_ORDER,정조는 구순을 엄히 조사하라고 명했다.,NOT_APPLICABLE,,,USER_ALLOWED_SOURCE_ONLY,,이 행은 사료가 이 명제/진술/명령/판단을 기록했다는 사실을 보존한다. 특히 TESTIMONY·OFFICIAL_REPORT의 내포 내용은 자동으로 객관적 역사사실로 확정하지 않는다.
ATT0030,AT0030,SRC002,1793-05-27,이조원,DIRECT_OFFICIAL_ACTION,충청도 암행어사 이조원은 비변사 당상들과 함께 입시했다.,NOT_APPLICABLE,,,USER_ALLOWED_SOURCE_ONLY,https://sillok.history.go.kr/id/wva_11705027_002,이 행은 사료가 이 명제/진술/명령/판단을 기록했다는 사실을 보존한다. 특히 TESTIMONY·OFFICIAL_REPORT의 내포 내용은 자동으로 객관적 역사사실로 확정하지 않는다.
ATT0031,AT0031,SRC002,1793-05-27,이조원,DIRECT_OFFICIAL_ACTION,이조원은 입시 자리에서 구순 사건을 보고했다.,NOT_APPLICABLE,,,USER_ALLOWED_SOURCE_ONLY,https://sillok.history.go.kr/id/wva_11705027_002,이 행은 사료가 이 명제/진술/명령/판단을 기록했다는 사실을 보존한다. 특히 TESTIMONY·OFFICIAL_REPORT의 내포 내용은 자동으로 객관적 역사사실로 확정하지 않는다.
ATT0032,AT0032,SRC002,1793-05-27,이조원,OFFICIAL_REPORT,이조원은 구순 집 앞에 큰길이 있고 마을이 매우 크다고 보고했다.,CLAIM_WITHIN_OFFICIAL_REPORT,LOCAL_CONTEXT,,USER_ALLOWED_SOURCE_ONLY,https://sillok.history.go.kr/id/wva_11705027_002,이 행은 사료가 이 명제/진술/명령/판단을 기록했다는 사실을 보존한다. 특히 TESTIMONY·OFFICIAL_REPORT의 내포 내용은 자동으로 객관적 역사사실로 확정하지 않는다.
ATT0033,AT0033,SRC002,1793-05-27,이조원,OFFICIAL_REPORT,이조원은 주변 환경과 목격자 부재를 근거로 화적 침입 자체가 이치에 맞지 않는다고 주장했다.,OFFICIAL_CLAIM_LATER_REVISED,THEFT_REALITY,THEFT_REALITY,USER_ALLOWED_SOURCE_ONLY,https://sillok.history.go.kr/id/wva_11705027_002,이 행은 사료가 이 명제/진술/명령/판단을 기록했다는 사실을 보존한다. 특히 TESTIMONY·OFFICIAL_REPORT의 내포 내용은 자동으로 객관적 역사사실로 확정하지 않는다.
ATT0034,AT0034,SRC002,1793-05-27,이조원,OFFICIAL_REPORT,이조원은 김명신이 구순과 이웃하여 살았다고 보고했다.,CLAIM_WITHIN_OFFICIAL_REPORT,RELATIONSHIP,,USER_ALLOWED_SOURCE_ONLY,https://sillok.history.go.kr/id/wva_11705027_002,이 행은 사료가 이 명제/진술/명령/판단을 기록했다는 사실을 보존한다. 특히 TESTIMONY·OFFICIAL_REPORT의 내포 내용은 자동으로 객관적 역사사실로 확정하지 않는다.
ATT0035,AT0035,SRC002,1793-05-27,이조원,OFFICIAL_REPORT,이조원은 김명신이 구순의 거상 중 행실을 비판한 일이 있었다고 보고했다.,CLAIM_NOT_INDEPENDENTLY_ESTABLISHED,RELATIONSHIP_CONFLICT,,USER_ALLOWED_SOURCE_ONLY,https://sillok.history.go.kr/id/wva_11705027_002,이 행은 사료가 이 명제/진술/명령/판단을 기록했다는 사실을 보존한다. 특히 TESTIMONY·OFFICIAL_REPORT의 내포 내용은 자동으로 객관적 역사사실로 확정하지 않는다.
ATT0036,AT0036,SRC002,1793-05-27,이조원,OFFICIAL_REPORT,이조원은 피우 관련 일에서 구순과 김명신 사이에 갈등이 있었다고 보고했다.,CLAIM_NOT_INDEPENDENTLY_ESTABLISHED,RELATIONSHIP_CONFLICT,,USER_ALLOWED_SOURCE_ONLY,,이 행은 사료가 이 명제/진술/명령/판단을 기록했다는 사실을 보존한다. 특히 TESTIMONY·OFFICIAL_REPORT의 내포 내용은 자동으로 객관적 역사사실로 확정하지 않는다.
ATT0037,AT0037,SRC002,1793-05-27,이조원,OFFICIAL_REPORT,이조원은 구순이 김명신에게 앙심을 품고 모함을 꾀했다고 주장했다.,CLAIM_NOT_INDEPENDENTLY_ESTABLISHED,MOTIVE,MOTIVE,USER_ALLOWED_SOURCE_ONLY,https://sillok.history.go.kr/id/wva_11705027_002,이 행은 사료가 이 명제/진술/명령/판단을 기록했다는 사실을 보존한다. 특히 TESTIMONY·OFFICIAL_REPORT의 내포 내용은 자동으로 객관적 역사사실로 확정하지 않는다.
ATT0038,AT0038,SRC002,1793-05-27,이조원,OFFICIAL_REPORT,이조원은 구순이 도적을 맞은 모양을 꾸몄다고 주장했다.,OFFICIAL_CLAIM_LATER_REVISED,THEFT_REALITY,THEFT_REALITY,USER_ALLOWED_SOURCE_ONLY,https://sillok.history.go.kr/id/wva_11705027_002,이 행은 사료가 이 명제/진술/명령/판단을 기록했다는 사실을 보존한다. 특히 TESTIMONY·OFFICIAL_REPORT의 내포 내용은 자동으로 객관적 역사사실로 확정하지 않는다.
ATT0039,AT0039,SRC002,1793-05-27,이조원,OFFICIAL_REPORT,이조원은 구순이 지세랑이라는 말을 만들어 퍼뜨렸다고 주장했다.,OFFICIAL_CLAIM_LATER_NOT_PROVEN,JISE_ORIGIN,JISE_ORIGIN,USER_ALLOWED_SOURCE_ONLY,https://sillok.history.go.kr/id/wva_11705027_002,이 행은 사료가 이 명제/진술/명령/판단을 기록했다는 사실을 보존한다. 특히 TESTIMONY·OFFICIAL_REPORT의 내포 내용은 자동으로 객관적 역사사실로 확정하지 않는다.
ATT0040,AT0040,SRC002,1793-05-27,이조원,OFFICIAL_REPORT,이조원은 구순이 작은 궤짝의 돈을 도둑맞았다고 꾸몄다고 주장했다.,CLAIM_NOT_INDEPENDENTLY_ESTABLISHED,FABRICATION_DETAILS,,USER_ALLOWED_SOURCE_ONLY,,이 행은 사료가 이 명제/진술/명령/판단을 기록했다는 사실을 보존한다. 특히 TESTIMONY·OFFICIAL_REPORT의 내포 내용은 자동으로 객관적 역사사실로 확정하지 않는다.
ATT0041,AT0041,SRC002,1793-05-27,이조원,OFFICIAL_REPORT,이조원은 구순이 노비의 상처를 도적을 막다 입은 창상이라고 꾸몄다고 주장했다.,CLAIM_NOT_INDEPENDENTLY_ESTABLISHED,FABRICATION_DETAILS,,USER_ALLOWED_SOURCE_ONLY,,이 행은 사료가 이 명제/진술/명령/판단을 기록했다는 사실을 보존한다. 특히 TESTIMONY·OFFICIAL_REPORT의 내포 내용은 자동으로 객관적 역사사실로 확정하지 않는다.
ATT0042,AT0042,SRC002,1793-05-27,이조원,OFFICIAL_REPORT,이조원은 김명신이 병영 옥에서 원통하게 죽었다고 보고했다.,OFFICIAL_CLAIM_LATER_REFINED,DEATH_CAUSE,DEATH_CAUSE,USER_ALLOWED_SOURCE_ONLY,,이 행은 사료가 이 명제/진술/명령/판단을 기록했다는 사실을 보존한다. 특히 TESTIMONY·OFFICIAL_REPORT의 내포 내용은 자동으로 객관적 역사사실로 확정하지 않는다.
ATT0043,AT0043,SRC002,1793-05-27,이조원,OFFICIAL_REPORT,이조원은 김명신이 죽은 뒤 그의 아내도 사망했다고 보고했다.,CLAIM_WITHIN_OFFICIAL_REPORT,DEATH_SEQUENCE,,USER_ALLOWED_SOURCE_ONLY,,이 행은 사료가 이 명제/진술/명령/판단을 기록했다는 사실을 보존한다. 특히 TESTIMONY·OFFICIAL_REPORT의 내포 내용은 자동으로 객관적 역사사실로 확정하지 않는다.
ATT0044,AT0044,SRC002,1793-05-27,이조원,OFFICIAL_REPORT,이조원은 병사가 초기에 자세히 조사하지 않고 보조자에게 일을 맡겼다고 보고했다.,CLAIM_WITHIN_OFFICIAL_REPORT,COMMAND_FAILURE,,USER_ALLOWED_SOURCE_ONLY,,이 행은 사료가 이 명제/진술/명령/판단을 기록했다는 사실을 보존한다. 특히 TESTIMONY·OFFICIAL_REPORT의 내포 내용은 자동으로 객관적 역사사실로 확정하지 않는다.
ATT0045,AT0045,SRC002,1793-05-27,이조원,OFFICIAL_REPORT,이조원은 문제의 병영 보조자가 구순의 가객이었다고 주장했다.,CLAIM_CONTESTED_BY_LATER_TESTIMONY,HAN_GUSUN_RELATION,HAN_GUSUN_RELATION,USER_ALLOWED_SOURCE_ONLY,,이 행은 사료가 이 명제/진술/명령/판단을 기록했다는 사실을 보존한다. 특히 TESTIMONY·OFFICIAL_REPORT의 내포 내용은 자동으로 객관적 역사사실로 확정하지 않는다.
ATT0046,AT0046,SRC002,1793-05-27,정민시 등,MINISTERIAL_PROPOSAL,비변사 당상들은 구순을 엄히 신문하자고 건의했다.,NOT_APPLICABLE,,,USER_ALLOWED_SOURCE_ONLY,,이 행은 사료가 이 명제/진술/명령/판단을 기록했다는 사실을 보존한다. 특히 TESTIMONY·OFFICIAL_REPORT의 내포 내용은 자동으로 객관적 역사사실로 확정하지 않는다.
ATT0047,AT0047,SRC002,1793-05-27,정민시 등,MINISTERIAL_PROPOSAL,비변사 당상들은 이조원을 파직하자고 건의했다.,NOT_APPLICABLE,,,USER_ALLOWED_SOURCE_ONLY,,이 행은 사료가 이 명제/진술/명령/판단을 기록했다는 사실을 보존한다. 특히 TESTIMONY·OFFICIAL_REPORT의 내포 내용은 자동으로 객관적 역사사실로 확정하지 않는다.
ATT0048,AT0048,SRC002,1793-05-27,정조,ROYAL_JUDGMENT,정조는 이조원이 중대한 사안을 직접 조사하지 않고 전해 들은 말을 보고한 조사 방식을 비판했다.,NOT_APPLICABLE,,,USER_ALLOWED_SOURCE_ONLY,,이 행은 사료가 이 명제/진술/명령/판단을 기록했다는 사실을 보존한다. 특히 TESTIMONY·OFFICIAL_REPORT의 내포 내용은 자동으로 객관적 역사사실로 확정하지 않는다.
ATT0049,AT0049,SRC002,1793-05-27,정조,ROYAL_ORDER,정조는 이조원을 파직하도록 했다.,NOT_APPLICABLE,,,USER_ALLOWED_SOURCE_ONLY,,이 행은 사료가 이 명제/진술/명령/판단을 기록했다는 사실을 보존한다. 특히 TESTIMONY·OFFICIAL_REPORT의 내포 내용은 자동으로 객관적 역사사실로 확정하지 않는다.
ATT0050,AT0050,SRC002,1793-05-27,정조,ROYAL_ORDER,정조는 구순을 의금부에 엄히 가두라고 명했다.,NOT_APPLICABLE,,,USER_ALLOWED_SOURCE_ONLY,,이 행은 사료가 이 명제/진술/명령/판단을 기록했다는 사실을 보존한다. 특히 TESTIMONY·OFFICIAL_REPORT의 내포 내용은 자동으로 객관적 역사사실로 확정하지 않는다.
ATT0051,AT0051,SRC002,1793-05-27,정조,ROYAL_ORDER,정조는 당일 개좌하라고 명했다.,NOT_APPLICABLE,,,USER_ALLOWED_SOURCE_ONLY,,이 행은 사료가 이 명제/진술/명령/판단을 기록했다는 사실을 보존한다. 특히 TESTIMONY·OFFICIAL_REPORT의 내포 내용은 자동으로 객관적 역사사실로 확정하지 않는다.
ATT0052,AT0052,SRC002,1793-05-27,정조,ROYAL_ORDER,정조는 구순을 반복해 신문하라고 명했다.,NOT_APPLICABLE,,,USER_ALLOWED_SOURCE_ONLY,,이 행은 사료가 이 명제/진술/명령/판단을 기록했다는 사실을 보존한다. 특히 TESTIMONY·OFFICIAL_REPORT의 내포 내용은 자동으로 객관적 역사사실로 확정하지 않는다.
ATT0053,AT0053,SRC003,1793-05-28,정조,DIRECT_OFFICIAL_ACTION,정조는 홍대협에게 구순 사건을 들었는지 물었다.,NOT_APPLICABLE,,,USER_ALLOWED_SOURCE_ONLY,,이 행은 사료가 이 명제/진술/명령/판단을 기록했다는 사실을 보존한다. 특히 TESTIMONY·OFFICIAL_REPORT의 내포 내용은 자동으로 객관적 역사사실로 확정하지 않는다.
ATT0054,AT0054,SRC003,1793-05-28,홍대협,DIRECT_RECORDED_SPEECH,홍대협은 돌아오는 길에 구순 사건의 대강을 조금 들었다고 답했다.,CLAIM_BY_SPEAKER,,,USER_ALLOWED_SOURCE_ONLY,,이 행은 사료가 이 명제/진술/명령/판단을 기록했다는 사실을 보존한다. 특히 TESTIMONY·OFFICIAL_REPORT의 내포 내용은 자동으로 객관적 역사사실로 확정하지 않는다.
ATT0055,AT0055,SRC003,1793-05-28,홍대협,DIRECT_RECORDED_SPEECH,홍대협은 전년 호서 화적들이 지세랑 호칭을 쓴 적이 있다고 들었다고 답했다.,HEARSAY_REPORTED_BY_SPEAKER,JISE_ORIGIN,JISE_ORIGIN,USER_ALLOWED_SOURCE_ONLY,,이 행은 사료가 이 명제/진술/명령/판단을 기록했다는 사실을 보존한다. 특히 TESTIMONY·OFFICIAL_REPORT의 내포 내용은 자동으로 객관적 역사사실로 확정하지 않는다.
ATT0056,AT0056,SRC003,1793-05-28,홍대협,DIRECT_RECORDED_SPEECH,홍대협은 지세랑 호칭이 이번 사건에서 처음 생긴 말은 아닌 듯하다고 의견을 밝혔다.,SPEAKER_INFERENCE,JISE_ORIGIN,JISE_ORIGIN,USER_ALLOWED_SOURCE_ONLY,,이 행은 사료가 이 명제/진술/명령/판단을 기록했다는 사실을 보존한다. 특히 TESTIMONY·OFFICIAL_REPORT의 내포 내용은 자동으로 객관적 역사사실로 확정하지 않는다.
ATT0057,AT0057,SRC003,1793-05-28,정조,ROYAL_ORDER,정조는 홍대협에게 현지로 내려가라고 명했다.,NOT_APPLICABLE,,,USER_ALLOWED_SOURCE_ONLY,,이 행은 사료가 이 명제/진술/명령/판단을 기록했다는 사실을 보존한다. 특히 TESTIMONY·OFFICIAL_REPORT의 내포 내용은 자동으로 객관적 역사사실로 확정하지 않는다.
ATT0058,AT0058,SRC003,1793-05-28,정조,ROYAL_ORDER,정조는 홍대협에게 사건을 자세히 조사하라고 명했다.,NOT_APPLICABLE,,,USER_ALLOWED_SOURCE_ONLY,,이 행은 사료가 이 명제/진술/명령/판단을 기록했다는 사실을 보존한다. 특히 TESTIMONY·OFFICIAL_REPORT의 내포 내용은 자동으로 객관적 역사사실로 확정하지 않는다.
ATT0059,AT0059,SRC003,1793-05-28,정조,ROYAL_ORDER,정조는 홍대협에게 조사 뒤 돌아오라고 명했다.,NOT_APPLICABLE,,,USER_ALLOWED_SOURCE_ONLY,,이 행은 사료가 이 명제/진술/명령/판단을 기록했다는 사실을 보존한다. 특히 TESTIMONY·OFFICIAL_REPORT의 내포 내용은 자동으로 객관적 역사사실로 확정하지 않는다.
ATT0060,AT0060,SRC003,1793-05-28,정조,ROYAL_ORDER,정조는 홍대협을 충청도 공주 안핵어사로 차하했다.,NOT_APPLICABLE,,,USER_ALLOWED_SOURCE_ONLY,,이 행은 사료가 이 명제/진술/명령/판단을 기록했다는 사실을 보존한다. 특히 TESTIMONY·OFFICIAL_REPORT의 내포 내용은 자동으로 객관적 역사사실로 확정하지 않는다.
ATT0061,AT0061,SRC004,1793-06-13,홍대협,OFFICIAL_REPORT,홍대협은 공주목에 도착했다고 서계했다.,NOT_APPLICABLE,,,USER_ALLOWED_SOURCE_ONLY,,이 행은 사료가 이 명제/진술/명령/판단을 기록했다는 사실을 보존한다. 특히 TESTIMONY·OFFICIAL_REPORT의 내포 내용은 자동으로 객관적 역사사실로 확정하지 않는다.
ATT0062,AT0062,SRC004,1793-06-13,홍대협,OFFICIAL_REPORT,홍대협은 응당 신문할 사람들을 차례로 신문했다고 서계했다.,NOT_APPLICABLE,,,USER_ALLOWED_SOURCE_ONLY,,이 행은 사료가 이 명제/진술/명령/판단을 기록했다는 사실을 보존한다. 특히 TESTIMONY·OFFICIAL_REPORT의 내포 내용은 자동으로 객관적 역사사실로 확정하지 않는다.
ATT0063,AT0063,SRC004,1793-06-13,명업,TESTIMONY,명업은 자신이 구순 집 계집종의 남편이라고 진술했다.,CLAIM_BY_TESTIMONY,,,USER_ALLOWED_SOURCE_ONLY,,이 행은 사료가 이 명제/진술/명령/판단을 기록했다는 사실을 보존한다. 특히 TESTIMONY·OFFICIAL_REPORT의 내포 내용은 자동으로 객관적 역사사실로 확정하지 않는다.
ATT0064,AT0064,SRC004,1793-06-13,명업,TESTIMONY,명업은 구순 집 바깥 사랑에 들어 살았다고 진술했다.,CLAIM_BY_TESTIMONY,,,USER_ALLOWED_SOURCE_ONLY,,이 행은 사료가 이 명제/진술/명령/판단을 기록했다는 사실을 보존한다. 특히 TESTIMONY·OFFICIAL_REPORT의 내포 내용은 자동으로 객관적 역사사실로 확정하지 않는다.
ATT0065,AT0065,SRC004,1793-06-13,명업,TESTIMONY,명업은 2월 22일 밤 나복이 찾아와 자신을 불렀다고 진술했다.,CLAIM_BY_TESTIMONY,,,USER_ALLOWED_SOURCE_ONLY,,이 행은 사료가 이 명제/진술/명령/판단을 기록했다는 사실을 보존한다. 특히 TESTIMONY·OFFICIAL_REPORT의 내포 내용은 자동으로 객관적 역사사실로 확정하지 않는다.
ATT0066,AT0066,SRC004,1793-06-13,명업,TESTIMONY,명업은 나복이 도적이 들었다고 말했다고 진술했다.,HEARSAY_WITHIN_TESTIMONY,THEFT_REALITY,THEFT_REALITY,USER_ALLOWED_SOURCE_ONLY,,이 행은 사료가 이 명제/진술/명령/판단을 기록했다는 사실을 보존한다. 특히 TESTIMONY·OFFICIAL_REPORT의 내포 내용은 자동으로 객관적 역사사실로 확정하지 않는다.
ATT0067,AT0067,SRC004,1793-06-13,명업,TESTIMONY,명업은 나복의 말을 듣고 집 안으로 들어갔다고 진술했다.,CLAIM_BY_TESTIMONY,,,USER_ALLOWED_SOURCE_ONLY,,이 행은 사료가 이 명제/진술/명령/판단을 기록했다는 사실을 보존한다. 특히 TESTIMONY·OFFICIAL_REPORT의 내포 내용은 자동으로 객관적 역사사실로 확정하지 않는다.
ATT0068,AT0068,SRC004,1793-06-13,명업,TESTIMONY,"명업은 나복이 30여 명의 도적, 횃불, 지세대감 자칭, 금품 절취를 말했다고 진술했다.",HEARSAY_WITHIN_TESTIMONY,THEFT_DESCRIPTION,THEFT_REALITY,USER_ALLOWED_SOURCE_ONLY,,이 행은 사료가 이 명제/진술/명령/판단을 기록했다는 사실을 보존한다. 특히 TESTIMONY·OFFICIAL_REPORT의 내포 내용은 자동으로 객관적 역사사실로 확정하지 않는다.
ATT0069,AT0069,SRC004,1793-06-13,명업,TESTIMONY,명업은 김명신과 구순이 본래 친숙하여 날마다 상종했다고 진술했다.,CLAIM_BY_TESTIMONY,RELATIONSHIP,,USER_ALLOWED_SOURCE_ONLY,,이 행은 사료가 이 명제/진술/명령/판단을 기록했다는 사실을 보존한다. 특히 TESTIMONY·OFFICIAL_REPORT의 내포 내용은 자동으로 객관적 역사사실로 확정하지 않는다.
ATT0070,AT0070,SRC004,1793-06-13,명업,TESTIMONY,명업은 2월 초 김명신이 구순에게 편지를 보냈다고 진술했다.,CLAIM_BY_TESTIMONY,RELATIONSHIP_CONFLICT,,USER_ALLOWED_SOURCE_ONLY,,이 행은 사료가 이 명제/진술/명령/판단을 기록했다는 사실을 보존한다. 특히 TESTIMONY·OFFICIAL_REPORT의 내포 내용은 자동으로 객관적 역사사실로 확정하지 않는다.
ATT0071,AT0071,SRC004,1793-06-13,명업,TESTIMONY,명업은 그 편지에서 김명신이 박거사 관련 일로 구순을 힐책했다고 진술했다.,CLAIM_BY_TESTIMONY,RELATIONSHIP_CONFLICT,,USER_ALLOWED_SOURCE_ONLY,,이 행은 사료가 이 명제/진술/명령/판단을 기록했다는 사실을 보존한다. 특히 TESTIMONY·OFFICIAL_REPORT의 내포 내용은 자동으로 객관적 역사사실로 확정하지 않는다.
ATT0072,AT0072,SRC004,1793-06-13,명업,TESTIMONY,명업은 그 편지 이후 두 사람이 다시 왕래하지 않았다고 진술했다.,CLAIM_BY_TESTIMONY,RELATIONSHIP_CONFLICT,,USER_ALLOWED_SOURCE_ONLY,,이 행은 사료가 이 명제/진술/명령/판단을 기록했다는 사실을 보존한다. 특히 TESTIMONY·OFFICIAL_REPORT의 내포 내용은 자동으로 객관적 역사사실로 확정하지 않는다.
ATT0073,AT0073,SRC004,1793-06-13,명업,TESTIMONY,명업은 구순이 소장을 올렸다고 진술했다.,CLAIM_BY_TESTIMONY,COMPLAINT,,USER_ALLOWED_SOURCE_ONLY,,이 행은 사료가 이 명제/진술/명령/판단을 기록했다는 사실을 보존한다. 특히 TESTIMONY·OFFICIAL_REPORT의 내포 내용은 자동으로 객관적 역사사실로 확정하지 않는다.
ATT0074,AT0074,SRC004,1793-06-13,명업,TESTIMONY,명업의 공초는 구순의 소장 제출 뒤 체포령이 내려졌다고 전한다.,CLAIM_BY_TESTIMONY,ARREST_ORDER,,USER_ALLOWED_SOURCE_ONLY,,이 행은 사료가 이 명제/진술/명령/판단을 기록했다는 사실을 보존한다. 특히 TESTIMONY·OFFICIAL_REPORT의 내포 내용은 자동으로 객관적 역사사실로 확정하지 않는다.
ATT0075,AT0075,SRC004,1793-06-13,명업,TESTIMONY,명업은 체포령 뒤 장교와 나졸들이 구순 집에 왔다고 진술했다.,CLAIM_BY_TESTIMONY,,,USER_ALLOWED_SOURCE_ONLY,,이 행은 사료가 이 명제/진술/명령/판단을 기록했다는 사실을 보존한다. 특히 TESTIMONY·OFFICIAL_REPORT의 내포 내용은 자동으로 객관적 역사사실로 확정하지 않는다.
ATT0076,AT0076,SRC004,1793-06-13,명업,TESTIMONY,명업은 구순이 장교 한 명을 안행랑으로 불러들였다고 진술했다.,CLAIM_BY_TESTIMONY,,,USER_ALLOWED_SOURCE_ONLY,,이 행은 사료가 이 명제/진술/명령/판단을 기록했다는 사실을 보존한다. 특히 TESTIMONY·OFFICIAL_REPORT의 내포 내용은 자동으로 객관적 역사사실로 확정하지 않는다.
ATT0077,AT0077,SRC004,1793-06-13,명업,TESTIMONY,명업은 구순과 장교가 조용히 이야기했으나 내용은 듣지 못했다고 진술했다.,CLAIM_BY_TESTIMONY,PRIVATE_CONTACT,,USER_ALLOWED_SOURCE_ONLY,,이 행은 사료가 이 명제/진술/명령/판단을 기록했다는 사실을 보존한다. 특히 TESTIMONY·OFFICIAL_REPORT의 내포 내용은 자동으로 객관적 역사사실로 확정하지 않는다.
ATT0078,AT0078,SRC004,1793-06-13,명업,TESTIMONY,명업은 병영 뜰에서 공초를 받을 때 처음에는 사실대로 말했다고 진술했다.,CLAIM_ABOUT_PRIOR_TESTIMONY,TESTIMONY_CHANGE,,USER_ALLOWED_SOURCE_ONLY,,이 행은 사료가 이 명제/진술/명령/판단을 기록했다는 사실을 보존한다. 특히 TESTIMONY·OFFICIAL_REPORT의 내포 내용은 자동으로 객관적 역사사실로 확정하지 않는다.
ATT0079,AT0079,SRC004,1793-06-13,명업,TESTIMONY,명업은 병영에서 위협을 두려워했다고 설명했다.,CLAIM_ABOUT_PRIOR_TESTIMONY,TESTIMONY_CHANGE,,USER_ALLOWED_SOURCE_ONLY,,이 행은 사료가 이 명제/진술/명령/판단을 기록했다는 사실을 보존한다. 특히 TESTIMONY·OFFICIAL_REPORT의 내포 내용은 자동으로 객관적 역사사실로 확정하지 않는다.
ATT0080,AT0080,SRC004,1793-06-13,명업,TESTIMONY,명업은 뒤에 도적을 맞지 않은 것으로 진술을 바꿨다고 설명했다.,CLAIM_ABOUT_PRIOR_TESTIMONY,TESTIMONY_CHANGE,,USER_ALLOWED_SOURCE_ONLY,,이 행은 사료가 이 명제/진술/명령/판단을 기록했다는 사실을 보존한다. 특히 TESTIMONY·OFFICIAL_REPORT의 내포 내용은 자동으로 객관적 역사사실로 확정하지 않는다.
ATT0081,AT0081,SRC004,1793-06-13,이진욱,TESTIMONY,이진욱은 2월 28일 밤 병영에서 자신을 비장청으로 불렀다고 진술했다.,NOT_APPLICABLE,,,USER_ALLOWED_SOURCE_ONLY,,이 행은 사료가 이 명제/진술/명령/판단을 기록했다는 사실을 보존한다. 특히 TESTIMONY·OFFICIAL_REPORT의 내포 내용은 자동으로 객관적 역사사실로 확정하지 않는다.
ATT0082,AT0082,SRC004,1793-06-13,이진욱,TESTIMONY,이진욱은 한재욱이 자신을 비장청 방안으로 불러들였다고 진술했다.,NOT_APPLICABLE,,,USER_ALLOWED_SOURCE_ONLY,,이 행은 사료가 이 명제/진술/명령/판단을 기록했다는 사실을 보존한다. 특히 TESTIMONY·OFFICIAL_REPORT의 내포 내용은 자동으로 객관적 역사사실로 확정하지 않는다.
ATT0083,AT0083,SRC004,1793-06-13,이진욱,TESTIMONY,이진욱은 한재욱이 자신과 조계완 등에게 덕평으로 가라고 지시했다고 진술했다.,NOT_APPLICABLE,,,USER_ALLOWED_SOURCE_ONLY,,이 행은 사료가 이 명제/진술/명령/판단을 기록했다는 사실을 보존한다. 특히 TESTIMONY·OFFICIAL_REPORT의 내포 내용은 자동으로 객관적 역사사실로 확정하지 않는다.
ATT0084,AT0084,SRC004,1793-06-13,이진욱,TESTIMONY,이진욱은 한재욱이 변지돌을 잡아오라고 지시했다고 진술했다.,NOT_APPLICABLE,,,USER_ALLOWED_SOURCE_ONLY,,이 행은 사료가 이 명제/진술/명령/판단을 기록했다는 사실을 보존한다. 특히 TESTIMONY·OFFICIAL_REPORT의 내포 내용은 자동으로 객관적 역사사실로 확정하지 않는다.
ATT0085,AT0085,SRC004,1793-06-13,이진욱,TESTIMONY,이진욱은 한재욱이 정원돌을 잡아오라고 지시했다고 진술했다.,NOT_APPLICABLE,,,USER_ALLOWED_SOURCE_ONLY,,이 행은 사료가 이 명제/진술/명령/판단을 기록했다는 사실을 보존한다. 특히 TESTIMONY·OFFICIAL_REPORT의 내포 내용은 자동으로 객관적 역사사실로 확정하지 않는다.
ATT0086,AT0086,SRC004,1793-06-13,이진욱,TESTIMONY,이진욱은 체포 작전을 위해 철편 네 개가 만들어졌다고 진술했다.,NOT_APPLICABLE,,,USER_ALLOWED_SOURCE_ONLY,,이 행은 사료가 이 명제/진술/명령/판단을 기록했다는 사실을 보존한다. 특히 TESTIMONY·OFFICIAL_REPORT의 내포 내용은 자동으로 객관적 역사사실로 확정하지 않는다.
ATT0087,AT0087,SRC004,1793-06-13,이진욱,TESTIMONY,이진욱은 체포 작전을 위해 철편 네 개가 제공됐다고 진술했다.,NOT_APPLICABLE,,,USER_ALLOWED_SOURCE_ONLY,,이 행은 사료가 이 명제/진술/명령/판단을 기록했다는 사실을 보존한다. 특히 TESTIMONY·OFFICIAL_REPORT의 내포 내용은 자동으로 객관적 역사사실로 확정하지 않는다.
ATT0088,AT0088,SRC004,1793-06-13,이진욱,TESTIMONY,이진욱은 한재욱이 변지돌의 힘을 이유로 조심하라고 말했다고 진술했다.,CLAIM_BY_TESTIMONY,,,USER_ALLOWED_SOURCE_ONLY,,이 행은 사료가 이 명제/진술/명령/판단을 기록했다는 사실을 보존한다. 특히 TESTIMONY·OFFICIAL_REPORT의 내포 내용은 자동으로 객관적 역사사실로 확정하지 않는다.
ATT0089,AT0089,SRC004,1793-06-13,이진욱,TESTIMONY,이진욱은 날이 밝아 새벽을 기다렸다고 진술했다.,NOT_APPLICABLE,,,USER_ALLOWED_SOURCE_ONLY,,이 행은 사료가 이 명제/진술/명령/판단을 기록했다는 사실을 보존한다. 특히 TESTIMONY·OFFICIAL_REPORT의 내포 내용은 자동으로 객관적 역사사실로 확정하지 않는다.
ATT0090,AT0090,SRC004,1793-06-13,이진욱,TESTIMONY,이진욱은 새벽에 일행이 나갔다고 진술했다.,NOT_APPLICABLE,,,USER_ALLOWED_SOURCE_ONLY,,이 행은 사료가 이 명제/진술/명령/판단을 기록했다는 사실을 보존한다. 특히 TESTIMONY·OFFICIAL_REPORT의 내포 내용은 자동으로 객관적 역사사실로 확정하지 않는다.
ATT0091,AT0091,SRC004,1793-06-13,이진욱,TESTIMONY,이진욱은 현장에 나갔을 때 변지돌이 이미 공주진에 붙잡혀 있었다고 진술했다.,NOT_APPLICABLE,,,USER_ALLOWED_SOURCE_ONLY,,이 행은 사료가 이 명제/진술/명령/판단을 기록했다는 사실을 보존한다. 특히 TESTIMONY·OFFICIAL_REPORT의 내포 내용은 자동으로 객관적 역사사실로 확정하지 않는다.
ATT0092,AT0092,SRC004,1793-06-13,이진욱,TESTIMONY,이진욱은 변지돌 대신 재돌의 처 자미덕만을 잡았다고 진술했다.,NOT_APPLICABLE,,,USER_ALLOWED_SOURCE_ONLY,,이 행은 사료가 이 명제/진술/명령/판단을 기록했다는 사실을 보존한다. 특히 TESTIMONY·OFFICIAL_REPORT의 내포 내용은 자동으로 객관적 역사사실로 확정하지 않는다.
ATT0093,AT0093,SRC004,1793-06-13,이진욱,TESTIMONY,이진욱은 자미덕을 잡은 뒤 그대로 구순 집으로 갔다고 진술했다.,NOT_APPLICABLE,,,USER_ALLOWED_SOURCE_ONLY,,이 행은 사료가 이 명제/진술/명령/판단을 기록했다는 사실을 보존한다. 특히 TESTIMONY·OFFICIAL_REPORT의 내포 내용은 자동으로 객관적 역사사실로 확정하지 않는다.
ATT0094,AT0094,SRC004,1793-06-13,이진욱,TESTIMONY,이진욱은 구순 집에서 도적맞은 상황을 물었다고 진술했다.,NOT_APPLICABLE,,,USER_ALLOWED_SOURCE_ONLY,,이 행은 사료가 이 명제/진술/명령/판단을 기록했다는 사실을 보존한다. 특히 TESTIMONY·OFFICIAL_REPORT의 내포 내용은 자동으로 객관적 역사사실로 확정하지 않는다.
ATT0095,AT0095,SRC004,1793-06-13,이진욱,TESTIMONY,이진욱은 구순이 잃은 물건들을 낱낱이 말했다고 진술했다.,CLAIM_BY_TESTIMONY,,,USER_ALLOWED_SOURCE_ONLY,,이 행은 사료가 이 명제/진술/명령/판단을 기록했다는 사실을 보존한다. 특히 TESTIMONY·OFFICIAL_REPORT의 내포 내용은 자동으로 객관적 역사사실로 확정하지 않는다.
ATT0096,AT0096,SRC004,1793-06-13,이진욱,TESTIMONY,이진욱은 구순이 도적들이 스스로 지세대사라고 했다고 말했다고 진술했다.,HEARSAY_WITHIN_TESTIMONY,JISE_ORIGIN,JISE_ORIGIN,USER_ALLOWED_SOURCE_ONLY,,이 행은 사료가 이 명제/진술/명령/판단을 기록했다는 사실을 보존한다. 특히 TESTIMONY·OFFICIAL_REPORT의 내포 내용은 자동으로 객관적 역사사실로 확정하지 않는다.
ATT0097,AT0097,SRC004,1793-06-13,이진욱,TESTIMONY,이진욱은 3월 4일 병사가 풍각 김생원을 잡아오라고 명했다고 진술했다.,NOT_APPLICABLE,,,USER_ALLOWED_SOURCE_ONLY,,이 행은 사료가 이 명제/진술/명령/판단을 기록했다는 사실을 보존한다. 특히 TESTIMONY·OFFICIAL_REPORT의 내포 내용은 자동으로 객관적 역사사실로 확정하지 않는다.
ATT0098,AT0098,SRC004,1793-06-13,이진욱,TESTIMONY,이진욱은 3월 4일 병사가 흥덕 김생원을 잡아오라고 명했다고 진술했다.,NOT_APPLICABLE,,,USER_ALLOWED_SOURCE_ONLY,,이 행은 사료가 이 명제/진술/명령/판단을 기록했다는 사실을 보존한다. 특히 TESTIMONY·OFFICIAL_REPORT의 내포 내용은 자동으로 객관적 역사사실로 확정하지 않는다.
ATT0099,AT0099,SRC004,1793-06-13,이진욱,TESTIMONY,이진욱은 풍각 김생원이 김명신이라고 진술했다.,NOT_APPLICABLE,,,USER_ALLOWED_SOURCE_ONLY,,이 행은 사료가 이 명제/진술/명령/판단을 기록했다는 사실을 보존한다. 특히 TESTIMONY·OFFICIAL_REPORT의 내포 내용은 자동으로 객관적 역사사실로 확정하지 않는다.
ATT0100,AT0100,SRC004,1793-06-13,이진욱,TESTIMONY,이진욱은 흥덕 김생원이 김갑득이라고 진술했다.,NOT_APPLICABLE,,,USER_ALLOWED_SOURCE_ONLY,,이 행은 사료가 이 명제/진술/명령/판단을 기록했다는 사실을 보존한다. 특히 TESTIMONY·OFFICIAL_REPORT의 내포 내용은 자동으로 객관적 역사사실로 확정하지 않는다.
ATT0101,AT0101,SRC004,1793-06-13,이진욱,TESTIMONY,이진욱은 병사의 분부에 따라 장교 일행이 김명신을 잡아왔다고 진술했다.,NOT_APPLICABLE,,,USER_ALLOWED_SOURCE_ONLY,,이 행은 사료가 이 명제/진술/명령/판단을 기록했다는 사실을 보존한다. 특히 TESTIMONY·OFFICIAL_REPORT의 내포 내용은 자동으로 객관적 역사사실로 확정하지 않는다.
ATT0102,AT0102,SRC004,1793-06-13,이진욱,TESTIMONY,이진욱은 병사의 분부에 따라 장교 일행이 김갑득을 잡아왔다고 진술했다.,NOT_APPLICABLE,,,USER_ALLOWED_SOURCE_ONLY,,이 행은 사료가 이 명제/진술/명령/판단을 기록했다는 사실을 보존한다. 특히 TESTIMONY·OFFICIAL_REPORT의 내포 내용은 자동으로 객관적 역사사실로 확정하지 않는다.
ATT0103,AT0103,SRC004,1793-06-13,조계완,TESTIMONY,조계완은 김명신을 잡으러 가는 길에 구순 집에 들렀다고 진술했다.,NOT_APPLICABLE,,,USER_ALLOWED_SOURCE_ONLY,,이 행은 사료가 이 명제/진술/명령/판단을 기록했다는 사실을 보존한다. 특히 TESTIMONY·OFFICIAL_REPORT의 내포 내용은 자동으로 객관적 역사사실로 확정하지 않는다.
ATT0104,AT0104,SRC004,1793-06-13,조계완,TESTIMONY,조계완은 구순이 왜 다시 왔느냐고 물었다고 진술했다.,NOT_APPLICABLE,,,USER_ALLOWED_SOURCE_ONLY,,이 행은 사료가 이 명제/진술/명령/판단을 기록했다는 사실을 보존한다. 특히 TESTIMONY·OFFICIAL_REPORT의 내포 내용은 자동으로 객관적 역사사실로 확정하지 않는다.
ATT0105,AT0105,SRC004,1793-06-13,조계완,TESTIMONY,조계완은 풍각의 상주를 잡으러 왔다고 구순에게 답했다고 진술했다.,NOT_APPLICABLE,,,USER_ALLOWED_SOURCE_ONLY,,이 행은 사료가 이 명제/진술/명령/판단을 기록했다는 사실을 보존한다. 특히 TESTIMONY·OFFICIAL_REPORT의 내포 내용은 자동으로 객관적 역사사실로 확정하지 않는다.
ATT0106,AT0106,SRC004,1793-06-13,조계완,TESTIMONY,조계완은 구순이 수사가 이제야 바른 길을 얻었다는 취지로 말했다고 진술했다.,CLAIM_BY_TESTIMONY,,,USER_ALLOWED_SOURCE_ONLY,,이 행은 사료가 이 명제/진술/명령/판단을 기록했다는 사실을 보존한다. 특히 TESTIMONY·OFFICIAL_REPORT의 내포 내용은 자동으로 객관적 역사사실로 확정하지 않는다.
ATT0107,AT0107,SRC004,1793-06-13,조계완,TESTIMONY,조계완은 구순이 서찰 한 장을 꺼내 자신에게 건넸다고 진술했다.,NOT_APPLICABLE,,,USER_ALLOWED_SOURCE_ONLY,,이 행은 사료가 이 명제/진술/명령/판단을 기록했다는 사실을 보존한다. 특히 TESTIMONY·OFFICIAL_REPORT의 내포 내용은 자동으로 객관적 역사사실로 확정하지 않는다.
ATT0108,AT0108,SRC004,1793-06-13,조계완,TESTIMONY,조계완은 구순이 그 서찰을 병사에게 전해 달라고 요청했다고 진술했다.,NOT_APPLICABLE,,,USER_ALLOWED_SOURCE_ONLY,,이 행은 사료가 이 명제/진술/명령/판단을 기록했다는 사실을 보존한다. 특히 TESTIMONY·OFFICIAL_REPORT의 내포 내용은 자동으로 객관적 역사사실로 확정하지 않는다.
ATT0109,AT0109,SRC004,1793-06-13,자미덕,TESTIMONY,자미덕은 자신의 남편 재돌이 아산에 나가 있었다고 진술했다.,NOT_APPLICABLE,,,USER_ALLOWED_SOURCE_ONLY,,이 행은 사료가 이 명제/진술/명령/판단을 기록했다는 사실을 보존한다. 특히 TESTIMONY·OFFICIAL_REPORT의 내포 내용은 자동으로 객관적 역사사실로 확정하지 않는다.
ATT0110,AT0110,SRC004,1793-06-13,자미덕,TESTIMONY,자미덕은 병영 장교가 갑자기 찾아와 자신을 붙잡았다고 진술했다.,NOT_APPLICABLE,,,USER_ALLOWED_SOURCE_ONLY,,이 행은 사료가 이 명제/진술/명령/판단을 기록했다는 사실을 보존한다. 특히 TESTIMONY·OFFICIAL_REPORT의 내포 내용은 자동으로 객관적 역사사실로 확정하지 않는다.
ATT0111,AT0111,SRC004,1793-06-13,자미덕,TESTIMONY,자미덕은 병영 장교가 자신을 병영으로 데려갔다고 진술했다.,NOT_APPLICABLE,,,USER_ALLOWED_SOURCE_ONLY,,이 행은 사료가 이 명제/진술/명령/판단을 기록했다는 사실을 보존한다. 특히 TESTIMONY·OFFICIAL_REPORT의 내포 내용은 자동으로 객관적 역사사실로 확정하지 않는다.
ATT0112,AT0112,SRC004,1793-06-13,자미덕,TESTIMONY,자미덕은 도적 혐의로 한 차례 신문을 받았다고 진술했다.,NOT_APPLICABLE,,,USER_ALLOWED_SOURCE_ONLY,,이 행은 사료가 이 명제/진술/명령/판단을 기록했다는 사실을 보존한다. 특히 TESTIMONY·OFFICIAL_REPORT의 내포 내용은 자동으로 객관적 역사사실로 확정하지 않는다.
ATT0113,AT0113,SRC004,1793-06-13,자미덕,TESTIMONY,자미덕은 신문 뒤 비장청 다모방에 구류되었다고 진술했다.,NOT_APPLICABLE,,,USER_ALLOWED_SOURCE_ONLY,,이 행은 사료가 이 명제/진술/명령/판단을 기록했다는 사실을 보존한다. 특히 TESTIMONY·OFFICIAL_REPORT의 내포 내용은 자동으로 객관적 역사사실로 확정하지 않는다.
ATT0114,AT0114,SRC004,1793-06-13,자미덕,TESTIMONY,자미덕은 한재욱이 이후 매일 자신을 방안으로 불러들였다고 진술했다.,CLAIM_CONTESTED,COACHING,COACHING,USER_ALLOWED_SOURCE_ONLY,,이 행은 사료가 이 명제/진술/명령/판단을 기록했다는 사실을 보존한다. 특히 TESTIMONY·OFFICIAL_REPORT의 내포 내용은 자동으로 객관적 역사사실로 확정하지 않는다.
ATT0115,AT0115,SRC004,1793-06-13,자미덕,TESTIMONY,자미덕은 한재욱이 남편 재돌이 이미 체포되었다고 말했다고 진술했다.,CLAIM_CONTESTED,COACHING,COACHING,USER_ALLOWED_SOURCE_ONLY,,이 행은 사료가 이 명제/진술/명령/판단을 기록했다는 사실을 보존한다. 특히 TESTIMONY·OFFICIAL_REPORT의 내포 내용은 자동으로 객관적 역사사실로 확정하지 않는다.
ATT0116,AT0116,SRC004,1793-06-13,자미덕,TESTIMONY,자미덕은 한재욱이 특정 인물들을 큰 도적이라고 말하면 자신과 남편을 석방하겠다고 회유했다고 진술했다.,CLAIM_CONTESTED,COACHING,COACHING,USER_ALLOWED_SOURCE_ONLY,,이 행은 사료가 이 명제/진술/명령/판단을 기록했다는 사실을 보존한다. 특히 TESTIMONY·OFFICIAL_REPORT의 내포 내용은 자동으로 객관적 역사사실로 확정하지 않는다.
ATT0117,AT0117,SRC004,1793-06-13,자미덕,TESTIMONY,자미덕은 한재욱이 자신에게 떡과 밥을 주었다고 진술했다.,CLAIM_CONTESTED,COACHING,COACHING,USER_ALLOWED_SOURCE_ONLY,,이 행은 사료가 이 명제/진술/명령/판단을 기록했다는 사실을 보존한다. 특히 TESTIMONY·OFFICIAL_REPORT의 내포 내용은 자동으로 객관적 역사사실로 확정하지 않는다.
ATT0118,AT0118,SRC004,1793-06-13,자미덕,TESTIMONY,자미덕은 이집거와 대질했다고 진술했다.,NOT_APPLICABLE,,,USER_ALLOWED_SOURCE_ONLY,,이 행은 사료가 이 명제/진술/명령/판단을 기록했다는 사실을 보존한다. 특히 TESTIMONY·OFFICIAL_REPORT의 내포 내용은 자동으로 객관적 역사사실로 확정하지 않는다.
ATT0119,AT0119,SRC004,1793-06-13,자미덕,TESTIMONY,자미덕은 이집거와 대질할 때 한재욱의 지휘에 따라 거짓으로 말했다고 진술했다.,CLAIM_CONTESTED,COACHING,COACHING,USER_ALLOWED_SOURCE_ONLY,,이 행은 사료가 이 명제/진술/명령/판단을 기록했다는 사실을 보존한다. 특히 TESTIMONY·OFFICIAL_REPORT의 내포 내용은 자동으로 객관적 역사사실로 확정하지 않는다.
ATT0120,AT0120,SRC004,1793-06-13,한재욱,TESTIMONY,한재욱은 구순 집 도난이 진영에 정소된 뒤라고 진술했다.,CLAIM_BY_TESTIMONY,COMPLAINT,,USER_ALLOWED_SOURCE_ONLY,,이 행은 사료가 이 명제/진술/명령/판단을 기록했다는 사실을 보존한다. 특히 TESTIMONY·OFFICIAL_REPORT의 내포 내용은 자동으로 객관적 역사사실로 확정하지 않는다.
ATT0121,AT0121,SRC004,1793-06-13,한재욱,TESTIMONY,한재욱은 도적의 진상을 탐지하려고 병영 아전 유제희를 내보냈다고 진술했다.,NOT_APPLICABLE,,,USER_ALLOWED_SOURCE_ONLY,,이 행은 사료가 이 명제/진술/명령/판단을 기록했다는 사실을 보존한다. 특히 TESTIMONY·OFFICIAL_REPORT의 내포 내용은 자동으로 객관적 역사사실로 확정하지 않는다.
ATT0122,AT0122,SRC004,1793-06-13,한재욱,TESTIMONY,한재욱은 유제희가 여러 사람의 이름을 적었다고 진술했다.,CLAIM_BY_TESTIMONY,SUSPECT_LIST,,USER_ALLOWED_SOURCE_ONLY,,이 행은 사료가 이 명제/진술/명령/판단을 기록했다는 사실을 보존한다. 특히 TESTIMONY·OFFICIAL_REPORT의 내포 내용은 자동으로 객관적 역사사실로 확정하지 않는다.
ATT0123,AT0123,SRC004,1793-06-13,한재욱,TESTIMONY,한재욱은 유제희가 여러 사람의 이름을 적어 병영으로 돌아왔다고 진술했다.,CLAIM_BY_TESTIMONY,SUSPECT_LIST,,USER_ALLOWED_SOURCE_ONLY,,이 행은 사료가 이 명제/진술/명령/판단을 기록했다는 사실을 보존한다. 특히 TESTIMONY·OFFICIAL_REPORT의 내포 내용은 자동으로 객관적 역사사실로 확정하지 않는다.
ATT0124,AT0124,SRC004,1793-06-13,한재욱,TESTIMONY,한재욱은 유제희가 자신이 직접 염탐해 이름들을 알아냈다고 말했다고 진술했다.,HEARSAY_WITHIN_TESTIMONY,SUSPECT_LIST,,USER_ALLOWED_SOURCE_ONLY,,이 행은 사료가 이 명제/진술/명령/판단을 기록했다는 사실을 보존한다. 특히 TESTIMONY·OFFICIAL_REPORT의 내포 내용은 자동으로 객관적 역사사실로 확정하지 않는다.
ATT0125,AT0125,SRC004,1793-06-13,한재욱,TESTIMONY,한재욱은 자미덕을 방 안으로 불러들인 사실은 인정했다.,CLAIM_BY_TESTIMONY,COACHING,COACHING,USER_ALLOWED_SOURCE_ONLY,,이 행은 사료가 이 명제/진술/명령/판단을 기록했다는 사실을 보존한다. 특히 TESTIMONY·OFFICIAL_REPORT의 내포 내용은 자동으로 객관적 역사사실로 확정하지 않는다.
ATT0126,AT0126,SRC004,1793-06-13,한재욱,TESTIMONY,한재욱은 먹고 남은 밥을 자미덕에게 준 사실은 인정했다.,CLAIM_BY_TESTIMONY,COACHING,COACHING,USER_ALLOWED_SOURCE_ONLY,,이 행은 사료가 이 명제/진술/명령/판단을 기록했다는 사실을 보존한다. 특히 TESTIMONY·OFFICIAL_REPORT의 내포 내용은 자동으로 객관적 역사사실로 확정하지 않는다.
ATT0127,AT0127,SRC004,1793-06-13,한재욱,TESTIMONY,한재욱은 유제희가 석단 공초에서 김명신이 도적 괴수라고 했다는 내용을 전했다고 진술했다.,HEARSAY_WITHIN_TESTIMONY,SEOKDAN_INFORMATION,,USER_ALLOWED_SOURCE_ONLY,,이 행은 사료가 이 명제/진술/명령/판단을 기록했다는 사실을 보존한다. 특히 TESTIMONY·OFFICIAL_REPORT의 내포 내용은 자동으로 객관적 역사사실로 확정하지 않는다.
ATT0128,AT0128,SRC004,1793-06-13,한재욱,TESTIMONY,한재욱은 유제희가 자미덕에게 다시 확인해 보라고 말했다고 진술했다.,HEARSAY_WITHIN_TESTIMONY,SEOKDAN_INFORMATION,,USER_ALLOWED_SOURCE_ONLY,,이 행은 사료가 이 명제/진술/명령/판단을 기록했다는 사실을 보존한다. 특히 TESTIMONY·OFFICIAL_REPORT의 내포 내용은 자동으로 객관적 역사사실로 확정하지 않는다.
ATT0129,AT0129,SRC004,1793-06-13,한재욱,TESTIMONY,한재욱은 유제희의 말을 따라 자미덕에게 다시 물었다고 진술했다.,NOT_APPLICABLE,,,USER_ALLOWED_SOURCE_ONLY,,이 행은 사료가 이 명제/진술/명령/판단을 기록했다는 사실을 보존한다. 특히 TESTIMONY·OFFICIAL_REPORT의 내포 내용은 자동으로 객관적 역사사실로 확정하지 않는다.
ATT0130,AT0130,SRC004,1793-06-13,한재욱,TESTIMONY,한재욱은 재질문에 자미덕이 모른다고 답했다고 진술했다.,HEARSAY_WITHIN_TESTIMONY,,,USER_ALLOWED_SOURCE_ONLY,,이 행은 사료가 이 명제/진술/명령/판단을 기록했다는 사실을 보존한다. 특히 TESTIMONY·OFFICIAL_REPORT의 내포 내용은 자동으로 객관적 역사사실로 확정하지 않는다.
ATT0131,AT0131,SRC004,1793-06-13,한재욱,TESTIMONY,한재욱은 자미덕을 은밀히 사주한 일이 없다고 진술했다.,CONTESTED_DENIAL,COACHING,COACHING,USER_ALLOWED_SOURCE_ONLY,,이 행은 사료가 이 명제/진술/명령/판단을 기록했다는 사실을 보존한다. 특히 TESTIMONY·OFFICIAL_REPORT의 내포 내용은 자동으로 객관적 역사사실로 확정하지 않는다.
ATT0132,AT0132,SRC004,1793-06-13,한재욱,TESTIMONY,한재욱은 구순과 평생 모르는 사이라고 진술했다.,CONTESTED_DENIAL,HAN_GUSUN_RELATION,HAN_GUSUN_RELATION,USER_ALLOWED_SOURCE_ONLY,,이 행은 사료가 이 명제/진술/명령/판단을 기록했다는 사실을 보존한다. 특히 TESTIMONY·OFFICIAL_REPORT의 내포 내용은 자동으로 객관적 역사사실로 확정하지 않는다.
ATT0133,AT0133,SRC004,1793-06-13,유제희,TESTIMONY,유제희는 당초 현지에 가서 탐문했다고 진술했다.,NOT_APPLICABLE,,,USER_ALLOWED_SOURCE_ONLY,,이 행은 사료가 이 명제/진술/명령/판단을 기록했다는 사실을 보존한다. 특히 TESTIMONY·OFFICIAL_REPORT의 내포 내용은 자동으로 객관적 역사사실로 확정하지 않는다.
ATT0134,AT0134,SRC004,1793-06-13,유제희,TESTIMONY,유제희는 탐문 중 구순이 풍각 김상제가 매우 수상하다고 말했다고 진술했다.,HEARSAY_WITHIN_TESTIMONY,SUSPECT_IDENTIFICATION,,USER_ALLOWED_SOURCE_ONLY,,이 행은 사료가 이 명제/진술/명령/판단을 기록했다는 사실을 보존한다. 특히 TESTIMONY·OFFICIAL_REPORT의 내포 내용은 자동으로 객관적 역사사실로 확정하지 않는다.
ATT0135,AT0135,SRC004,1793-06-13,유제희,TESTIMONY,유제희는 구순의 말을 듣고 김명신을 원돌 등의 이름과 함께 기록했다고 진술했다.,CLAIM_BY_TESTIMONY,SUSPECT_LIST,,USER_ALLOWED_SOURCE_ONLY,,이 행은 사료가 이 명제/진술/명령/판단을 기록했다는 사실을 보존한다. 특히 TESTIMONY·OFFICIAL_REPORT의 내포 내용은 자동으로 객관적 역사사실로 확정하지 않는다.
ATT0136,AT0136,SRC004,1793-06-13,유제희,TESTIMONY,유제희는 기록한 이름들을 위에 올렸다고 진술했다.,CLAIM_BY_TESTIMONY,SUSPECT_LIST,,USER_ALLOWED_SOURCE_ONLY,,이 행은 사료가 이 명제/진술/명령/판단을 기록했다는 사실을 보존한다. 특히 TESTIMONY·OFFICIAL_REPORT의 내포 내용은 자동으로 객관적 역사사실로 확정하지 않는다.
ATT0137,AT0137,SRC004,1793-06-13,홍대협,OFFICIAL_REPORT,홍대협은 내려가는 길에 사건에 대해 널리 탐문했다고 서계했다.,NOT_APPLICABLE,,,USER_ALLOWED_SOURCE_ONLY,,이 행은 사료가 이 명제/진술/명령/판단을 기록했다는 사실을 보존한다. 특히 TESTIMONY·OFFICIAL_REPORT의 내포 내용은 자동으로 객관적 역사사실로 확정하지 않는다.
ATT0138,AT0138,SRC004,1793-06-13,홍대협,OFFICIAL_REPORT,홍대협은 이동 중 탐문에서는 사람들이 애당초 도적을 맞지 않았다고 말했다고 보고했다.,REPORTED_HEARSAY,THEFT_REALITY,THEFT_REALITY,USER_ALLOWED_SOURCE_ONLY,,이 행은 사료가 이 명제/진술/명령/판단을 기록했다는 사실을 보존한다. 특히 TESTIMONY·OFFICIAL_REPORT의 내포 내용은 자동으로 객관적 역사사실로 확정하지 않는다.
ATT0139,AT0139,SRC004,1793-06-13,홍대협,OFFICIAL_EVALUATION,홍대협은 정식 조사 결과 약간의 도난은 실제였다고 판단했다.,OFFICIAL_FINDING,THEFT_REALITY,THEFT_REALITY,USER_ALLOWED_SOURCE_ONLY,,이 행은 사료가 이 명제/진술/명령/판단을 기록했다는 사실을 보존한다. 특히 TESTIMONY·OFFICIAL_REPORT의 내포 내용은 자동으로 객관적 역사사실로 확정하지 않는다.
ATT0140,AT0140,SRC004,1793-06-13,홍대협,OFFICIAL_EVALUATION,홍대협은 실제 도난이 있었다고 판단했다.,OFFICIAL_FINDING,THEFT_REALITY,THEFT_REALITY,USER_ALLOWED_SOURCE_ONLY,,이 행은 사료가 이 명제/진술/명령/판단을 기록했다는 사실을 보존한다. 특히 TESTIMONY·OFFICIAL_REPORT의 내포 내용은 자동으로 객관적 역사사실로 확정하지 않는다.
ATT0141,AT0141,SRC004,1793-06-13,홍대협,OFFICIAL_EVALUATION,홍대협은 그 도난이 보통 좀도둑 수준이라고 판단했다.,OFFICIAL_FINDING,THEFT_SCALE,,USER_ALLOWED_SOURCE_ONLY,,이 행은 사료가 이 명제/진술/명령/판단을 기록했다는 사실을 보존한다. 특히 TESTIMONY·OFFICIAL_REPORT의 내포 내용은 자동으로 객관적 역사사실로 확정하지 않는다.
ATT0142,AT0142,SRC004,1793-06-13,홍대협,OFFICIAL_REPORT,홍대협은 지세 호칭의 기원을 여러 차례 조사했다고 보고했다.,NOT_APPLICABLE,,,USER_ALLOWED_SOURCE_ONLY,,이 행은 사료가 이 명제/진술/명령/판단을 기록했다는 사실을 보존한다. 특히 TESTIMONY·OFFICIAL_REPORT의 내포 내용은 자동으로 객관적 역사사실로 확정하지 않는다.
ATT0143,AT0143,SRC004,1793-06-13,홍대협,OFFICIAL_REPORT,홍대협은 지세 호칭의 기원에 대해 끝내 단서를 얻지 못했다고 보고했다.,OFFICIAL_FINDING,JISE_ORIGIN,JISE_ORIGIN,USER_ALLOWED_SOURCE_ONLY,,이 행은 사료가 이 명제/진술/명령/판단을 기록했다는 사실을 보존한다. 특히 TESTIMONY·OFFICIAL_REPORT의 내포 내용은 자동으로 객관적 역사사실로 확정하지 않는다.
ATT0144,AT0144,SRC004,1793-06-13,홍대협,OFFICIAL_REPORT,홍대협은 지세 호칭에 대해 별도의 채탐도 실시했다고 보고했다.,NOT_APPLICABLE,,,USER_ALLOWED_SOURCE_ONLY,,이 행은 사료가 이 명제/진술/명령/판단을 기록했다는 사실을 보존한다. 특히 TESTIMONY·OFFICIAL_REPORT의 내포 내용은 자동으로 객관적 역사사실로 확정하지 않는다.
ATT0145,AT0145,SRC004,1793-06-13,홍대협,OFFICIAL_REPORT,홍대협은 별도 채탐에서 나온 말들이 서로 달랐다고 보고했다.,OFFICIAL_FINDING,JISE_ORIGIN,JISE_ORIGIN,USER_ALLOWED_SOURCE_ONLY,,이 행은 사료가 이 명제/진술/명령/판단을 기록했다는 사실을 보존한다. 특히 TESTIMONY·OFFICIAL_REPORT의 내포 내용은 자동으로 객관적 역사사실로 확정하지 않는다.
ATT0146,AT0146,SRC004,1793-06-13,홍대협,OFFICIAL_EVALUATION,홍대협은 이광섭이 장물을 확보하지 못한 상태에서 큰 도적으로 판단했다고 평가했다.,OFFICIAL_FINDING,COMMAND_FAILURE,,USER_ALLOWED_SOURCE_ONLY,,이 행은 사료가 이 명제/진술/명령/판단을 기록했다는 사실을 보존한다. 특히 TESTIMONY·OFFICIAL_REPORT의 내포 내용은 자동으로 객관적 역사사실로 확정하지 않는다.
ATT0147,AT0147,SRC004,1793-06-13,홍대협,OFFICIAL_EVALUATION,홍대협은 이문협이 장물을 먼저 확보하지 않고 장교와 나졸을 풀어 사람부터 잡았다고 평가했다.,OFFICIAL_FINDING,INVESTIGATION_METHOD,,USER_ALLOWED_SOURCE_ONLY,,이 행은 사료가 이 명제/진술/명령/판단을 기록했다는 사실을 보존한다. 특히 TESTIMONY·OFFICIAL_REPORT의 내포 내용은 자동으로 객관적 역사사실로 확정하지 않는다.
ATT0148,AT0148,SRC004,1793-06-13,홍대협,OFFICIAL_REPORT,홍대협은 김명신의 사망이 질병 때문이었다고 보고했다.,OFFICIAL_FINDING,DEATH_CAUSE,DEATH_CAUSE,USER_ALLOWED_SOURCE_ONLY,,이 행은 사료가 이 명제/진술/명령/판단을 기록했다는 사실을 보존한다. 특히 TESTIMONY·OFFICIAL_REPORT의 내포 내용은 자동으로 객관적 역사사실로 확정하지 않는다.
ATT0149,AT0149,SRC004,1793-06-13,정조,ROYAL_JUDGMENT,정조는 공주목 안핵의 핵심을 세 가지 의안으로 분리했다.,NOT_APPLICABLE,,,USER_ALLOWED_SOURCE_ONLY,,이 행은 사료가 이 명제/진술/명령/판단을 기록했다는 사실을 보존한다. 특히 TESTIMONY·OFFICIAL_REPORT의 내포 내용은 자동으로 객관적 역사사실로 확정하지 않는다.
ATT0150,AT0150,SRC004,1793-06-13,정조,ROYAL_JUDGMENT,정조는 안핵 서계를 토대로 도난이 실제로 있었다고 판단했다.,FINAL_ROYAL_FINDING,THEFT_REALITY,THEFT_REALITY,USER_ALLOWED_SOURCE_ONLY,,이 행은 사료가 이 명제/진술/명령/판단을 기록했다는 사실을 보존한다. 특히 TESTIMONY·OFFICIAL_REPORT의 내포 내용은 자동으로 객관적 역사사실로 확정하지 않는다.
ATT0151,AT0151,SRC004,1793-06-13,정조,ROYAL_JUDGMENT,정조는 김명신이 전염병에 걸려 죽은 것으로 판단했다.,FINAL_ROYAL_FINDING,DEATH_CAUSE,DEATH_CAUSE,USER_ALLOWED_SOURCE_ONLY,,이 행은 사료가 이 명제/진술/명령/판단을 기록했다는 사실을 보존한다. 특히 TESTIMONY·OFFICIAL_REPORT의 내포 내용은 자동으로 객관적 역사사실로 확정하지 않는다.
ATT0152,AT0152,SRC004,1793-06-13,정조,ROYAL_JUDGMENT,정조는 김명신의 아내가 전염병에 걸려 죽은 것으로 판단했다.,FINAL_ROYAL_FINDING,DEATH_CAUSE,DEATH_CAUSE,USER_ALLOWED_SOURCE_ONLY,,이 행은 사료가 이 명제/진술/명령/판단을 기록했다는 사실을 보존한다. 특히 TESTIMONY·OFFICIAL_REPORT의 내포 내용은 자동으로 객관적 역사사실로 확정하지 않는다.
ATT0153,AT0153,SRC004,1793-06-13,정조,ROYAL_JUDGMENT,정조는 김명신이 곤장이나 평범한 신문을 받지 않았다고 판단했다.,FINAL_ROYAL_FINDING,TREATMENT_OF_KIM,,USER_ALLOWED_SOURCE_ONLY,,이 행은 사료가 이 명제/진술/명령/판단을 기록했다는 사실을 보존한다. 특히 TESTIMONY·OFFICIAL_REPORT의 내포 내용은 자동으로 객관적 역사사실로 확정하지 않는다.
ATT0154,AT0154,SRC004,1793-06-13,정조,ROYAL_JUDGMENT,정조는 김명신 부처의 죽음을 구순 때문에 직접 발생한 것으로 단정하기 어렵다고 판단했다.,FINAL_ROYAL_FINDING,DEATH_CAUSE,DEATH_CAUSE,USER_ALLOWED_SOURCE_ONLY,,이 행은 사료가 이 명제/진술/명령/판단을 기록했다는 사실을 보존한다. 특히 TESTIMONY·OFFICIAL_REPORT의 내포 내용은 자동으로 객관적 역사사실로 확정하지 않는다.
ATT0155,AT0155,SRC004,1793-06-13,정조,ROYAL_JUDGMENT,정조는 지세 계열 호칭이 이전부터 무식한 좀도둑들이 쓰던 말이라고 판단했다.,FINAL_ROYAL_FINDING,JISE_ORIGIN,JISE_ORIGIN,USER_ALLOWED_SOURCE_ONLY,,이 행은 사료가 이 명제/진술/명령/판단을 기록했다는 사실을 보존한다. 특히 TESTIMONY·OFFICIAL_REPORT의 내포 내용은 자동으로 객관적 역사사실로 확정하지 않는다.
ATT0156,AT0156,SRC004,1793-06-13,정조,ROYAL_JUDGMENT,정조는 구순이 지세 호칭을 스스로 만들어냈다는 죄는 인정하지 않았다.,FINAL_ROYAL_FINDING,JISE_ORIGIN,JISE_ORIGIN,USER_ALLOWED_SOURCE_ONLY,,이 행은 사료가 이 명제/진술/명령/판단을 기록했다는 사실을 보존한다. 특히 TESTIMONY·OFFICIAL_REPORT의 내포 내용은 자동으로 객관적 역사사실로 확정하지 않는다.
ATT0157,AT0157,SRC004,1793-06-13,정조,ROYAL_JUDGMENT,정조는 구순이 사적 감정을 품었다고 판단했다.,FINAL_ROYAL_FINDING,MOTIVE,MOTIVE,USER_ALLOWED_SOURCE_ONLY,,이 행은 사료가 이 명제/진술/명령/판단을 기록했다는 사실을 보존한다. 특히 TESTIMONY·OFFICIAL_REPORT의 내포 내용은 자동으로 객관적 역사사실로 확정하지 않는다.
ATT0158,AT0158,SRC004,1793-06-13,정조,ROYAL_JUDGMENT,정조는 구순이 병영의 탐문자에게 김명신의 이름을 적어 주었다고 판단했다.,FINAL_ROYAL_FINDING,SUSPECT_IDENTIFICATION,,USER_ALLOWED_SOURCE_ONLY,,이 행은 사료가 이 명제/진술/명령/판단을 기록했다는 사실을 보존한다. 특히 TESTIMONY·OFFICIAL_REPORT의 내포 내용은 자동으로 객관적 역사사실로 확정하지 않는다.
ATT0159,AT0159,SRC004,1793-06-13,정조,ROYAL_JUDGMENT,정조는 그로 인해 김명신이 횡액을 입었다고 판단했다.,FINAL_ROYAL_FINDING,CAUSAL_RESPONSIBILITY,,USER_ALLOWED_SOURCE_ONLY,,이 행은 사료가 이 명제/진술/명령/판단을 기록했다는 사실을 보존한다. 특히 TESTIMONY·OFFICIAL_REPORT의 내포 내용은 자동으로 객관적 역사사실로 확정하지 않는다.
ATT0160,AT0160,SRC004,1793-06-13,정조,ROYAL_ORDER,정조는 구순을 감하여 외딴 섬에 정배하라고 명했다.,NOT_APPLICABLE,,,USER_ALLOWED_SOURCE_ONLY,,이 행은 사료가 이 명제/진술/명령/판단을 기록했다는 사실을 보존한다. 특히 TESTIMONY·OFFICIAL_REPORT의 내포 내용은 자동으로 객관적 역사사실로 확정하지 않는다.
ATT0161,AT0161,SRC004,1793-06-13,정조,DIRECT_OFFICIAL_ACTION,기사의 최종 처분에는 구순을 신지도에 유배한 것으로 기록되어 있다.,NOT_APPLICABLE,,,USER_ALLOWED_SOURCE_ONLY,,이 행은 사료가 이 명제/진술/명령/판단을 기록했다는 사실을 보존한다. 특히 TESTIMONY·OFFICIAL_REPORT의 내포 내용은 자동으로 객관적 역사사실로 확정하지 않는다.
ATT0162,AT0162,SRC004,1793-06-13,정조,ROYAL_JUDGMENT,정조는 이광섭과 구순 사이의 세혐이 막 해소되었다고 판단했다.,FINAL_ROYAL_FINDING,GWANGSEOP_GUSUN_RELATION,,USER_ALLOWED_SOURCE_ONLY,,이 행은 사료가 이 명제/진술/명령/판단을 기록했다는 사실을 보존한다. 특히 TESTIMONY·OFFICIAL_REPORT의 내포 내용은 자동으로 객관적 역사사실로 확정하지 않는다.
ATT0163,AT0163,SRC004,1793-06-13,정조,ROYAL_JUDGMENT,정조는 이광섭이 구순 편을 들었다고 평가했다.,FINAL_ROYAL_FINDING,COMMAND_FAILURE,,USER_ALLOWED_SOURCE_ONLY,,이 행은 사료가 이 명제/진술/명령/판단을 기록했다는 사실을 보존한다. 특히 TESTIMONY·OFFICIAL_REPORT의 내포 내용은 자동으로 객관적 역사사실로 확정하지 않는다.
ATT0164,AT0164,SRC004,1793-06-13,정조,ROYAL_JUDGMENT,정조는 이광섭이 아전들을 풀어놓았다고 평가했다.,FINAL_ROYAL_FINDING,COMMAND_FAILURE,,USER_ALLOWED_SOURCE_ONLY,,이 행은 사료가 이 명제/진술/명령/판단을 기록했다는 사실을 보존한다. 특히 TESTIMONY·OFFICIAL_REPORT의 내포 내용은 자동으로 객관적 역사사실로 확정하지 않는다.
ATT0165,AT0165,SRC004,1793-06-13,정조,ROYAL_JUDGMENT,정조는 이광섭이 거짓을 살피지 않았다고 평가했다.,FINAL_ROYAL_FINDING,COMMAND_FAILURE,,USER_ALLOWED_SOURCE_ONLY,,이 행은 사료가 이 명제/진술/명령/판단을 기록했다는 사실을 보존한다. 특히 TESTIMONY·OFFICIAL_REPORT의 내포 내용은 자동으로 객관적 역사사실로 확정하지 않는다.
ATT0166,AT0166,SRC004,1793-06-13,정조,ROYAL_JUDGMENT,정조는 이광섭이 비장에게 일을 맡겼다고 평가했다.,FINAL_ROYAL_FINDING,COMMAND_FAILURE,,USER_ALLOWED_SOURCE_ONLY,,이 행은 사료가 이 명제/진술/명령/판단을 기록했다는 사실을 보존한다. 특히 TESTIMONY·OFFICIAL_REPORT의 내포 내용은 자동으로 객관적 역사사실로 확정하지 않는다.
ATT0167,AT0167,SRC004,1793-06-13,정조,ROYAL_ORDER,정조는 이광섭을 먼 곳에 무기한 정배하라고 명했다.,NOT_APPLICABLE,,,USER_ALLOWED_SOURCE_ONLY,,이 행은 사료가 이 명제/진술/명령/판단을 기록했다는 사실을 보존한다. 특히 TESTIMONY·OFFICIAL_REPORT의 내포 내용은 자동으로 객관적 역사사실로 확정하지 않는다.
ATT0168,AT0168,SRC004,1793-06-13,정조,DIRECT_OFFICIAL_ACTION,기사의 최종 처분에는 이광섭을 영동현에 유배한 것으로 기록되어 있다.,NOT_APPLICABLE,,,USER_ALLOWED_SOURCE_ONLY,,이 행은 사료가 이 명제/진술/명령/판단을 기록했다는 사실을 보존한다. 특히 TESTIMONY·OFFICIAL_REPORT의 내포 내용은 자동으로 객관적 역사사실로 확정하지 않는다.
ATT0169,AT0169,SRC004,1793-06-13,정조,ROYAL_ORDER,정조는 병영 비장 한재욱에게 엄한 형장을 세 차례 치게 하라고 명했다.,NOT_APPLICABLE,,,USER_ALLOWED_SOURCE_ONLY,,이 행은 사료가 이 명제/진술/명령/판단을 기록했다는 사실을 보존한다. 특히 TESTIMONY·OFFICIAL_REPORT의 내포 내용은 자동으로 객관적 역사사실로 확정하지 않는다.
ATT0170,AT0170,SRC004,1793-06-13,정조,ROYAL_ORDER,정조는 한재욱을 먼 섬에 종으로 보내라고 명했다.,NOT_APPLICABLE,,,USER_ALLOWED_SOURCE_ONLY,,이 행은 사료가 이 명제/진술/명령/판단을 기록했다는 사실을 보존한다. 특히 TESTIMONY·OFFICIAL_REPORT의 내포 내용은 자동으로 객관적 역사사실로 확정하지 않는다.
ATT0171,AT0171,SRC004,1793-06-13,정조,ROYAL_JUDGMENT,정조는 구순의 도난 여부에 관해 도신 장계와 어사 보고가 크게 달랐다고 지적했다.,NOT_APPLICABLE,,,USER_ALLOWED_SOURCE_ONLY,,이 행은 사료가 이 명제/진술/명령/판단을 기록했다는 사실을 보존한다. 특히 TESTIMONY·OFFICIAL_REPORT의 내포 내용은 자동으로 객관적 역사사실로 확정하지 않는다.
ATT0172,AT0172,SRC004,1793-06-13,정조,ROYAL_ORDER,정조는 충청도 관찰사 이형원을 파직했다.,NOT_APPLICABLE,,,USER_ALLOWED_SOURCE_ONLY,,이 행은 사료가 이 명제/진술/명령/판단을 기록했다는 사실을 보존한다. 특히 TESTIMONY·OFFICIAL_REPORT의 내포 내용은 자동으로 객관적 역사사실로 확정하지 않는다.
