fact_id,chronology,record_lunar_date,occurrence_lunar_text,fact_category,confirmation_level,subject,confirmed_statement,underlying_claim_status,source_record_id,source_work,source_url,source_prop_ids,notes
CF001,1793-02 초순 이전,1793-06-13,,RELATIONSHIP,RECORDED_TESTIMONY,김명신·구순,명업은 김명신이 본래 구순과 친숙하여 날마다 왕래했다고 진술했다.,NOT_INDEPENDENTLY_VERIFIED,SRC3_006,조선왕조실록 정조실록,https://sillok.history.go.kr/id/kva_11706013_003,V3P0049,
CF002,1793-02 초순,1793-06-13,1793-02 초순,RELATIONSHIP_CONFLICT,RECORDED_TESTIMONY,김명신,명업은 김명신이 박거사 일로 구순에게 편지를 보내 힐책했다고 진술했다.,NOT_INDEPENDENTLY_VERIFIED,SRC3_006,조선왕조실록 정조실록,https://sillok.history.go.kr/id/kva_11706013_003,V3P0050,
CF003,1793-02 초순 이후,1793-06-13,1793-02 초순 이후,RELATIONSHIP_CONFLICT,RECORDED_TESTIMONY,김명신·구순,명업은 그 뒤 구순과 김명신의 왕래가 끊겼다고 진술했다.,NOT_INDEPENDENTLY_VERIFIED,SRC3_006,조선왕조실록 정조실록,https://sillok.history.go.kr/id/kva_11706013_003,V3P0051,
CF004,1793-02-22 밤,1793-06-13,1793-02-22 밤,THEFT_REPORT,RECORDED_TESTIMONY,나복→명업,명업은 나복이 2월 22일 밤 도적이 들었다고 자신에게 알렸다고 진술했다.,NOT_INDEPENDENTLY_VERIFIED,SRC3_006,조선왕조실록 정조실록,https://sillok.history.go.kr/id/kva_11706013_003,V3P0047,
CF005,1793-02-22 밤,1793-06-13,1793-02-22 밤,THEFT_DESCRIPTION,RECORDED_NESTED_TESTIMONY,나복→명업,"명업은 나복이 도적 30여 명, 횃불, 지세대감 자칭, 돈과 물품 도난을 말했다고 진술했다.",NOT_INDEPENDENTLY_VERIFIED,SRC3_006,조선왕조실록 정조실록,https://sillok.history.go.kr/id/kva_11706013_003,V3P0048,30여 명·횃불·지세대감은 중첩 진술의 내용이며 객관적 사실로 확정하지 않음.
CF006,도난 신고 이후,1793-06-13,,COMPLAINT,RECORDED_TESTIMONY,구순,명업은 구순이 소장을 올린 뒤 체포령이 내려졌다고 진술했다.,NOT_INDEPENDENTLY_VERIFIED,SRC3_006,조선왕조실록 정조실록,https://sillok.history.go.kr/id/kva_11706013_003,V3P0052,
CF007,1793-02-28 밤,1793-06-13,1793-02-28 밤,BARRACKS_PROCEDURE,RECORDED_TESTIMONY,병영,이진욱은 2월 28일 밤 병영에서 자신을 비장청으로 불렀다고 진술했다.,NOT_INDEPENDENTLY_VERIFIED,SRC3_006,조선왕조실록 정조실록,https://sillok.history.go.kr/id/kva_11706013_003,V3P0055,
CF008,1793-02-28 밤,1793-06-13,1793-02-28 밤,BARRACKS_ORDER,RECORDED_TESTIMONY,한재욱,이진욱은 한재욱이 자신과 조계완 등에게 덕평으로 가도록 지시했다고 진술했다.,NOT_INDEPENDENTLY_VERIFIED,SRC3_006,조선왕조실록 정조실록,https://sillok.history.go.kr/id/kva_11706013_003,V3P0056,
CF009,1793-02-28 밤,1793-06-13,1793-02-28 밤,BARRACKS_ORDER,RECORDED_TESTIMONY,한재욱,이진욱은 한재욱이 변지돌과 정원돌을 잡아오라고 지시했다고 진술했다.,NOT_INDEPENDENTLY_VERIFIED,SRC3_006,조선왕조실록 정조실록,https://sillok.history.go.kr/id/kva_11706013_003,V3P0057,
CF010,1793-02-28 밤~29 새벽,1793-06-13,1793-02-28 밤~29 새벽,BARRACKS_PREPARATION,RECORDED_TESTIMONY,한재욱,이진욱은 한재욱이 철편 네 개를 만들어 주었다고 진술했다.,NOT_INDEPENDENTLY_VERIFIED,SRC3_006,조선왕조실록 정조실록,https://sillok.history.go.kr/id/kva_11706013_003,V3P0058,
CF011,1793-02-29,1793-06-13,1793-02-29,CUSTODY,RECORDED_TESTIMONY,변지돌,이진욱은 변지돌이 이미 공주진에서 잡혀간 상태였다고 진술했다.,NOT_INDEPENDENTLY_VERIFIED,SRC3_006,조선왕조실록 정조실록,https://sillok.history.go.kr/id/kva_11706013_003,V3P0060,
CF012,1793-02-29,1793-06-13,1793-02-29,APPREHENSION,RECORDED_TESTIMONY,이진욱 등 장교,이진욱은 장교 일행이 재돌의 처 자미덕을 붙잡았다고 진술했다.,NOT_INDEPENDENTLY_VERIFIED,SRC3_006,조선왕조실록 정조실록,https://sillok.history.go.kr/id/kva_11706013_003,V3P0061,
CF013,자미덕 체포 뒤,1793-06-13,,APPREHENSION,RECORDED_TESTIMONY,병영 장교,자미덕은 병영 장교에게 붙잡혀 병영으로 끌려갔다고 진술했다.,NOT_INDEPENDENTLY_VERIFIED,SRC3_006,조선왕조실록 정조실록,https://sillok.history.go.kr/id/kva_11706013_003,V3P0075,
CF014,자미덕 체포 뒤,1793-06-13,,INTERROGATION,RECORDED_TESTIMONY,병영,자미덕은 병영에서 도적 혐의로 한 차례 신문을 받았다고 진술했다.,NOT_INDEPENDENTLY_VERIFIED,SRC3_006,조선왕조실록 정조실록,https://sillok.history.go.kr/id/kva_11706013_003,V3P0076,
CF015,신문 뒤,1793-06-13,,DETENTION,RECORDED_TESTIMONY,자미덕,자미덕은 신문 뒤 비장청 다모방에 구류되었다고 진술했다.,NOT_INDEPENDENTLY_VERIFIED,SRC3_006,조선왕조실록 정조실록,https://sillok.history.go.kr/id/kva_11706013_003,V3P0077,
CF016,구류 중/그 후,1793-06-13,,COACHING_ALLEGATION,RECORDED_TESTIMONY,한 비장,자미덕은 한 비장이 정원돌·이집거·김갑득·김성손·김흥득 등을 큰 도적이라고 말하면 자신과 남편을 다음 날 석방하겠다고 말했다고 진술했다.,NOT_INDEPENDENTLY_VERIFIED,SRC3_006,조선왕조실록 정조실록,https://sillok.history.go.kr/id/kva_11706013_003,V3P0080,'등'이 있으므로 명시된 5명을 닫힌 목록으로 취급하지 않음.
CF017,대질 때,1793-06-13,,CONFRONTATION_AND_TESTIMONY,RECORDED_TESTIMONY,자미덕·이집거,"자미덕은 이집거와 대질했으며, 그때 한 비장의 지휘에 따라 거짓으로 꾸며 말했다고 진술했다.",NOT_INDEPENDENTLY_VERIFIED,SRC3_006,조선왕조실록 정조실록,https://sillok.history.go.kr/id/kva_11706013_003,V3P0082|V3P0083,
CF018,안핵 공초,1793-06-13,,HAN_JAEUK_TESTIMONY,RECORDED_TESTIMONY,한재욱,"한재욱은 자미덕을 방으로 불러 남은 밥을 준 사실은 인정했지만, 자미덕을 은밀히 사주한 일은 없다고 진술했다.",NOT_INDEPENDENTLY_VERIFIED,SRC3_006,조선왕조실록 정조실록,https://sillok.history.go.kr/id/kva_11706013_003,V3P0088|V3P0092,'은밀히'의 범위를 삭제하지 않음.
CF019,안핵 공초,1793-06-13,,HAN_GUSUN_RELATION,RECORDED_TESTIMONY,한재욱,한재욱은 구순과 평생 모르는 사이라고 진술했다.,NOT_INDEPENDENTLY_VERIFIED,SRC3_006,조선왕조실록 정조실록,https://sillok.history.go.kr/id/kva_11706013_003,V3P0093,
CF020,현지 탐문,1793-06-13,,SUSPECT_LIST,RECORDED_TESTIMONY,유제희,"유제희는 현지 탐문 중 구순이 풍각 김상제도 극히 수상하다고 말했고, 자신이 그 말을 원돌 등의 이름과 함께 기록해 올렸다고 진술했다.",NOT_INDEPENDENTLY_VERIFIED,SRC3_006,조선왕조실록 정조실록,https://sillok.history.go.kr/id/kva_11706013_003,V3P0094|V3P0095|V3P0096,
CF021,1793-03-04,1793-06-13,1793-03-04,ARREST_ORDER,RECORDED_TESTIMONY,병사,이진욱은 3월 4일 병사가 풍각 김생원과 흥덕 김생원을 잡아오라고 지시했다고 진술했다.,NOT_INDEPENDENTLY_VERIFIED,SRC3_006,조선왕조실록 정조실록,https://sillok.history.go.kr/id/kva_11706013_003,V3P0065,해당 공초 문장의 표면 주어는 병사이며 이 행 자체에서 병사=이광섭을 치환하지 않음.
CF022,1793-03-04,1793-06-13,1793-03-04,IDENTITY,DOCUMENTED_SOURCE_IDENTIFICATION,풍각 김생원·흥덕 김생원,"해당 기사에서 풍각 김생원은 김명신, 흥덕 김생원은 김갑득으로 식별된다.",DIRECTLY_DOCUMENTED_SOURCE_IDENTIFICATION,SRC3_006,조선왕조실록 정조실록,https://sillok.history.go.kr/id/kva_11706013_003,V3P0066|V3P0067,
CF023,1793-03-04,1793-06-13,1793-03-04,APPREHENSION,RECORDED_TESTIMONY,장교 일행,이진욱은 장교 일행이 병사의 분부에 따라 김명신과 김갑득을 잡아왔다고 진술했다.,NOT_INDEPENDENTLY_VERIFIED,SRC3_006,조선왕조실록 정조실록,https://sillok.history.go.kr/id/kva_11706013_003,V3P0068,
CF024,1793-03-04,1793-06-13,1793-03-04,GUSUN_CONTACT,RECORDED_TESTIMONY,구순·조계완,"조계완은 김명신을 잡으러 가는 길에 구순 집에 들렀고, 구순이 이제 도적 다스리는 일이 바른 길을 얻었다는 취지로 말한 뒤 병사에게 전할 서찰 한 장을 건넸다고 진술했다.",NOT_INDEPENDENTLY_VERIFIED,SRC3_006,조선왕조실록 정조실록,https://sillok.history.go.kr/id/kva_11706013_003,V3P0069|V3P0072|V3P0073,
CF025,1793-05-12 기사,1793-05-12,,MILITARY_COMMAND,DOCUMENTED_OFFICIAL_EVALUATION,이광섭,"5월 12일 기사에서 이광섭은 사건의 병사 지휘 책임자로 심리되며, 이형원은 이광섭이 허황한 말을 믿고 무고한 사람을 잘못 잡았다고 평가했다.",FACT_OF_OFFICIAL_EVALUATION,SRC3_001,조선왕조실록 정조실록,https://sillok.history.go.kr/id/kva_11705012_003,V3P0013,기사 제목은 이광섭을 충청도 병마절도사로 명시함.
CF026,1793-05-12,1793-05-12,,BARRACKS_CHAIN,DOCUMENTED_OFFICIAL_EVALUATION,이문협,이형원은 청주 영장 이문협이 수사를 병영 비장에게 전적으로 맡기고 방관했다고 평가했다.,FACT_OF_OFFICIAL_EVALUATION,SRC3_001,조선왕조실록 정조실록,https://sillok.history.go.kr/id/kva_11705012_003,V3P0012,
CF027,1793-05-12 보고,1793-05-12,,KIM_DETENTION_DEATH,DOCUMENTED_OFFICIAL_REPORT,김명신,"이형원의 5월 12일 장계는 충청병영이 김명신을 달포 이상 구금·조사했으나 확실한 장물을 찾지 못했고, 김명신이 그 뒤 사망했다고 보고했다.",FACT_OF_OFFICIAL_REPORT,SRC3_001,조선왕조실록 정조실록,https://sillok.history.go.kr/id/kva_11705012_003,V3P0004|V3P0005|V3P0006,
CF028,1793-05-12 보고,1793-05-12,,INVESTIGATION_HARM,DOCUMENTED_OFFICIAL_REPORT,무고한 평민들,이형원의 장계는 무고한 평민들이 모진 형벌을 받았다고 보고했다.,FACT_OF_OFFICIAL_REPORT,SRC3_001,조선왕조실록 정조실록,https://sillok.history.go.kr/id/kva_11705012_003,V3P0007,
CF029,1793-06-11 보고,1793-06-11,,KIM_DETENTION_DEATH,DOCUMENTED_INSPECTOR_REPORT,김명신·여러 죄수,"윤노동의 6월 11일 별단은 김명신이 보수·구금 중 병들어 죽었고, 여러 죄수가 참혹한 형벌을 받았으며, 진정한 장물을 얻지 못했다고 보고했다.",FACT_OF_OFFICIAL_REPORT,SRC3_005,비변사등록,https://db.history.go.kr/common/compareViewer.do?levelId=bb_181r_001_06_0070&type=joseon,V3P0039|V3P0040|V3P0041,
CF030,1793-05-12,1793-05-12,,THEFT_JUDGMENT,DOCUMENTED_ROYAL_JUDGMENT,정조,정조는 당시 장계와 조사에 따라 도난 자체가 없었다는 방향을 받아들였다.,FACT_OF_ROYAL_JUDGMENT,SRC3_001,조선왕조실록 정조실록,https://sillok.history.go.kr/id/kva_11705012_003,V3P0016,
CF031,1793-05-12,1793-05-12,,REINVESTIGATION,DOCUMENTED_ROYAL_ORDER,정조,정조는 구순을 의금부에 잡아 가두고 엄히 조사하도록 명했다.,DIRECTLY_DOCUMENTED_OFFICIAL_ACTION,SRC3_001,조선왕조실록 정조실록,https://sillok.history.go.kr/id/kva_11705012_003,V3P0017,
CF032,1793-05-27,1793-05-27,,THEFT_JUDGMENT,DOCUMENTED_INSPECTOR_REPORT,이조원,이조원은 구순 사건을 도난이 없었다는 방향으로 보고했다.,FACT_OF_OFFICIAL_REPORT,SRC3_003,조선왕조실록 정조실록,https://sillok.history.go.kr/id/kva_11705027_002,V3P0031,
CF033,1793-05-27,1793-05-27,,INSPECTOR_REVIEW,DOCUMENTED_ROYAL_JUDGMENT_AND_ORDER,정조,"정조는 이조원이 중대 사실을 직접 안핵하지 않고 전해 들은 말을 서계에 붙인 점을 문제 삼았고, 이조원을 파직하도록 명했다.",DIRECTLY_DOCUMENTED_OFFICIAL_ACTION,SRC3_003,조선왕조실록 정조실록,https://sillok.history.go.kr/id/kva_11705027_002,V3P0032|V3P0029,
CF034,1793-05-27,1793-05-27,,REINVESTIGATION,DOCUMENTED_ROYAL_ORDER,정조,정조는 구순을 의금부에 엄히 가두고 반복 신문하도록 명했다.,DIRECTLY_DOCUMENTED_OFFICIAL_ACTION,SRC3_002,비변사등록,https://db.history.go.kr/common/compareViewer.do?levelId=bb_181r_001_05_0510&type=joseon,V3P0030,
CF035,1793-05-28,1793-05-28,,ANHAEK_APPOINTMENT,DOCUMENTED_ROYAL_ORDER,정조·홍대협,정조는 홍대협에게 사건을 자세히 조사해 오라고 명하고 그를 충청도 공주 안핵어사로 차하했다.,DIRECTLY_DOCUMENTED_OFFICIAL_ACTION,SRC3_004,승정원일기,https://sjw.history.go.kr/search/inspectionDayList.do?wday=17930528L0,V3P0036|V3P0037,
CF036,1793-06-11,1793-06-11,,PROCEDURAL_HOLD,DOCUMENTED_COURT_ACTION,비변사·정조,"비변사는 홍대협의 안핵 복명 전까지 윤노동 별단에 따른 처리를 보류할 것을 청했고, 정조는 이를 윤허했다.",DIRECTLY_DOCUMENTED_OFFICIAL_ACTION,SRC3_005,비변사등록,https://db.history.go.kr/common/compareViewer.do?levelId=bb_181r_001_06_0070&type=joseon,V3P0043|V3P0044,
CF037,1793-06-13,1793-06-13,,ANHAEK_REPORT,DOCUMENTED_OFFICIAL_ACTION,홍대협,홍대협은 공주목에서 관련자들을 차례로 신문한 뒤 호서 안핵어사로 복명하여 편전에서 정조에게 보고했다.,DIRECTLY_DOCUMENTED_OFFICIAL_ACTION,SRC3_006,조선왕조실록 정조실록,https://sillok.history.go.kr/id/kva_11706013_003,V3P0045|V3P0130,
CF038,1793-06-13,1793-06-13,,THEFT_FINAL_FINDING,DOCUMENTED_OFFICIAL_FINDING,홍대협,홍대협은 약간의 실제 도난은 있었지만 큰 화적 사건이 아니라 보통 좀도둑 수준이었다고 판단했다.,FACT_OF_OFFICIAL_FINDING,SRC3_006,조선왕조실록 정조실록,https://sillok.history.go.kr/id/kva_11706013_003,V3P0097|V3P0098,
CF039,1793-06-13,1793-06-13,,THEFT_FINAL_JUDGMENT,DOCUMENTED_ROYAL_JUDGMENT,정조,정조는 최종적으로 도난은 실제로 있었다고 판단했다.,FACT_OF_ROYAL_JUDGMENT,SRC3_006,조선왕조실록 정조실록,https://sillok.history.go.kr/id/kva_11706013_003,V3P0104,
CF040,1793-06-13,1793-06-13,,DEATH_CAUSE_JUDGMENT,DOCUMENTED_OFFICIAL_AND_ROYAL_JUDGMENT,김명신,"홍대협은 김명신의 죽음을 질병 때문이라고 평가했고, 정조는 김명신 부처가 전염병에 걸려 죽은 것으로 판단했다.",FACT_OF_OFFICIAL_JUDGMENT,SRC3_006,조선왕조실록 정조실록,https://sillok.history.go.kr/id/kva_11706013_003,V3P0101|V3P0105,
CF041,1793-06-13,1793-06-13,,TREATMENT_JUDGMENT,DOCUMENTED_ROYAL_JUDGMENT,정조,정조는 김명신이 곤장을 맞지 않았고 평범한 신문도 받지 않았다고 판단했다.,FACT_OF_ROYAL_JUDGMENT,SRC3_006,조선왕조실록 정조실록,https://sillok.history.go.kr/id/kva_11706013_003,V3P0106,5월 12일 장계의 구금·조사 보고와 긴장이 있으므로 이 행은 최종 왕실 판단 자체로 보존.
CF042,1793-06-13,1793-06-13,,DIRECT_CAUSATION,DOCUMENTED_ROYAL_JUDGMENT,정조,정조는 김명신이 구순 때문에 직접 죽었다는 인과가 십분 확실하다고 할 수 없다고 판단했다.,FACT_OF_ROYAL_JUDGMENT,SRC3_006,조선왕조실록 정조실록,https://sillok.history.go.kr/id/kva_11706013_003,V3P0141,
CF043,1793-06-13,1793-06-13,,GUSUN_RESPONSIBILITY,DOCUMENTED_ROYAL_JUDGMENT,구순,"정조는 구순이 김명신에게 사적인 감정을 품고 갈등을 일으켰고, 병영의 염탐 담당자에게 김명신의 성명을 적어 주었으며, 그 과정이 김명신이 횡액을 입고 원통하게 죽는 결과로 이어졌다고 책임을 연결해 판단했다.",FACT_OF_ROYAL_JUDGMENT,SRC3_006,조선왕조실록 정조실록,https://sillok.history.go.kr/id/kva_11706013_003,V3P0142|V3P0143|V3P0144,
CF044,1793-06-13,1793-06-13,,LEE_GWANGSEOP_RESPONSIBILITY,DOCUMENTED_ROYAL_JUDGMENT,이광섭,"정조는 이광섭이 구순 편을 들고, 철퇴 네 개를 만들게 했으며, 아전들의 거짓을 제대로 살피지 않은 채 비장에게 일을 맡겼다고 비판하고, 김명신 사망 책임에서 구순과 이광섭의 책임이 크게 다르지 않다고 판단했다.",FACT_OF_ROYAL_JUDGMENT,SRC3_006,조선왕조실록 정조실록,https://sillok.history.go.kr/id/kva_11706013_003,V3P0148|V3P0149|V3P0150|V3P0151,
CF045,1793-06-13,1793-06-13,,JISE_FINAL_JUDGMENT,DOCUMENTED_OFFICIAL_AND_ROYAL_JUDGMENT,지세 호칭,"홍대협은 여러 차례 신문과 별도 탐문에도 지세 호칭의 기원을 확정하지 못했고, 정조는 구순이 지세 호칭을 스스로 만들어냈다는 죄는 인정하지 않았다.",FACT_OF_OFFICIAL_JUDGMENT,SRC3_006,조선왕조실록 정조실록,https://sillok.history.go.kr/id/kva_11706013_003,V3P0136|V3P0146,
CF046,1793-06-13,1793-06-13,,PUNISHMENT,DOCUMENTED_ROYAL_ORDER,구순,정조는 구순을 신지도에 정배했다.,DIRECTLY_DOCUMENTED_OFFICIAL_ACTION,SRC3_006,조선왕조실록 정조실록,https://sillok.history.go.kr/id/kva_11706013_003,V3P0110,
CF047,1793-06-13,1793-06-13,,PUNISHMENT,DOCUMENTED_ROYAL_ORDER,이광섭,정조는 이광섭을 영동현에 유배했다.,DIRECTLY_DOCUMENTED_OFFICIAL_ACTION,SRC3_006,조선왕조실록 정조실록,https://sillok.history.go.kr/id/kva_11706013_003,V3P0111,
CF048,1793-06-13,1793-06-13,,PUNISHMENT,DOCUMENTED_ROYAL_ORDER,병영 비장 한가,정조는 병영 비장으로 표기된 한가를 도백이 엄히 세 차례 형장 친 뒤 먼 섬의 종으로 보내도록 명했다.,DIRECTLY_DOCUMENTED_OFFICIAL_ACTION,SRC3_006,조선왕조실록 정조실록,https://sillok.history.go.kr/id/kva_11706013_003,V3P0153,처분문 표면형은 한가. 한가=한재욱은 이 행에서 확정하지 않음.
CF049,1793-06-13,1793-06-13,,PUNISHMENT,DOCUMENTED_ROYAL_ORDER,이형원,정조는 충청도 관찰사 이형원을 파직하도록 명했다.,DIRECTLY_DOCUMENTED_OFFICIAL_ACTION,SRC3_006,조선왕조실록 정조실록,https://sillok.history.go.kr/id/kva_11706013_003,V3P0113,
CF050,1793-06-16,1793-06-16,,POST_CASE_APPOINTMENT,DOCUMENTED_ROYAL_ORDER,이형원,정조는 6월 16일 전 충청도 관찰사 이형원을 유임했다.,DIRECTLY_DOCUMENTED_OFFICIAL_ACTION,SRC3_008,조선왕조실록 정조실록,https://sillok.history.go.kr/id/kva_11706016_002,V3P0114,
