feature_id,layer,feature_group,feature_name,operational_definition,encoding_type,suggested_values,model_role,interpretation,valid_from,valid_to,geo_scope,source_name,source_url,notes
F001,NORMATIVE,법전,대전통편 현행,1793년 당시 통합 법전이 현행이었는가,binary,0/1,hard gate / legal affordance,법적·절차적 가능성의 경계만 제공,1786,1793,전국,한국민족문화대백과사전,https://encykorea.aks.ac.kr/Article/E0014748,"1785 편찬, 1786부터 운용. 행동 개연성 자체의 빈도 prior로 사용하지 않음."
F002,NORMATIVE,형정,흠휼전칙 현행,형구·구금·군문 곤형의 규격과 사용 제한이 현행이었는가,binary,0/1,hard gate / procedural affordance,허용 형구·구금 방식 및 제한,1778,1793,전국,정조실록/한국사DB,https://sillok.history.go.kr/id/kva_10201012_002,정조 2년 1월 완성.
F003,NORMATIVE,형정,군문 중곤 사용 제한,병사·감사 등 군문 지휘자가 중곤을 사용할 수 있는 조건,categorical,death_only / not_death / unknown,hard constraint,비사형죄에 중곤 사용을 낮은 적합도로 처리,1778,1793,전국 군문,흠휼전칙,https://db.history.go.kr/joseon/item/level.do?levelId=jlawb_470_0020,중곤은 사형죄를 다스릴 때에 한해 병사·감사 등에게 허용.
F004,NORMATIVE,형정,구금 도구 기준,사형·유배·장죄 등 죄급별 가·뉴·쇄 사용 기준,categorical,death / exile / beating / status_exception,hard constraint,구금 장치의 제도 적합성,1778,1793,전국,흠휼전칙,https://db.history.go.kr/joseon/item/level.do?levelId=jlawb_470_0100,경외 동일 기준.
F005,NORMATIVE,지방행정,수령의 군현 통치,군현 수령이 해당 고을 행정을 담당하는 기본 구조,binary,0/1,institutional affordance,지방 조사·행정·사법 행위의 가능한 주체,1776,1793,전국 군현,한국민족문화대백과사전,https://encykorea.aks.ac.kr/Article/E0031317,모든 수령은 관찰사 관할하에 있음.
F006,NORMATIVE,지방행정,관찰사의 수령 감독·직계,관찰사가 수령을 감독하고 중앙에 직접 보고할 수 있는 구조,binary,0/1,institutional affordance,하급 판단의 상향 보고·감독 경로,1776,1793,도 단위,한국민족문화대백과사전,https://encykorea.aks.ac.kr/Article/E0005013,지방-중앙 연결 기능.
F007,NORMATIVE,군사치안,병마절도사 도 단위 군사지휘,병마절도사가 도의 군사 지휘권을 가진 구조,binary,0/1,institutional affordance,병사→영·진→장교의 공식 지휘 가능성,1776,1793,각 도,한국민족문화대백과사전,https://encykorea.aks.ac.kr/Article/E0023089,병사(兵使)로 약칭.
F008,NORMATIVE,군사치안,병영 지휘체계,병영이 병마절도사 주둔 관서이며 하위 진·장교 체계가 존재,binary,0/1,institutional affordance,병영 내부 명령·집행 경로의 가능성,1776,1793,도/병영,한국민족문화대백과사전,https://encykorea.aks.ac.kr/Article/E0023123,주진-거진-제진 구조.
F009,NORMATIVE,군사치안,비장 막료 체계,감사·절도사 등이 비장을 막료로 둘 수 있는 관행,binary,0/1,institutional affordance,비장이 장관의 실무 집행에 관여할 가능성,1776,1793,지방 장관 관아,한국민족문화대백과사전,https://encykorea.aks.ac.kr/Article/E0025230,비장은 감사·절도사 등의 막료.
F010,NORMATIVE,군사치안,토포사 제도,도적 수색·체포를 위해 수령 또는 진영장이 토포사를 겸임할 수 있음,binary,0/1,institutional affordance,도적사건에서 진·수령·군사조직 개입 가능성,1776,1793,지방,한국민족문화대백과사전,https://encykorea.aks.ac.kr/Article/E0059221,도적 수색·체포 목적의 특수관직.
F011,NORMATIVE,중앙사법,형조 심리·회계,형조가 중앙 형사행정과 사건 심리에 관여할 수 있는 구조,binary,0/1,review affordance,지방 옥사에 대한 중앙 검토 경로,1776,1793,중앙,한국민족문화대백과사전,https://encykorea.aks.ac.kr/Article/E0063559,의금부·한성부와 삼법사.
F012,NORMATIVE,중앙사법,의금부 특별사법·재심,왕명에 따라 중요범죄 심문·재심을 수행할 수 있는 구조,binary,0/1,review affordance,왕명 기반 재신문·특별조사 경로,1776,1793,중앙,한국민족문화대백과사전,https://encykorea.aks.ac.kr/Article/E0043138,"왕명 추국, 재심·삼심 기능 포함."
F013,NORMATIVE,감찰,암행어사,왕이 지방에 비밀 파견해 수령·민폐를 탐문할 수 있는 제도,binary,0/1,independent review affordance,기존 지방 판단 밖의 정보 획득 경로,1776,1793,지방,한국민족문화대백과사전,https://encykorea.aks.ac.kr/Article/E0035165,사건별 실제 권한 범위는 사목과 왕명 확인 필요.
F014,NORMATIVE,감찰,안핵어사,특정 사건을 별도로 조사하는 왕명 특별 조사관의 운용,binary,0/1,independent review affordance,독립 재조사·기존 판단 반전 경로,1776,1793,사건별,정조실록 사례,https://sillok.history.go.kr/id/kva_10206108_002,1778 인천 안핵어사 사례로 정조대 실제 운용 확인.
F015,NORMATIVE,검험,초검-복검-추가검,"살인·변사에서 초검 후 복검, 의심 시 삼검·사검까지 가능",categorical,1st/2nd/3rd/4th,hard/soft constraint,사인 판단의 반복검증 구조,1776,1793,전국,한국민족문화대백과사전,https://encykorea.aks.ac.kr/Article/E0002110,외방에서는 수령·인근 수령 등이 검험.
F016,NORMATIVE,검험,증수무원록 개정 지침,1792년 개정·간행된 법의학 지침의 존재,binary,0/1,forensic affordance,1792~1793 사인 판단의 contemporaneous manual,1792,1793,전국,한국민족문화대백과사전,https://encykorea.aks.ac.kr/Article/E0054038,살인사건 지침서로 법률과 다름없이 적용되었다고 설명.
F017,NORMATIVE,중앙행정,비변사 심의,비변사가 국정·군사·지방 사안을 중앙에서 심의할 수 있음,binary,0/1,review affordance,지방 사건의 중앙 심의·처분 보류 가능성,1776,1793,중앙,한국민족문화대백과사전,https://encykorea.aks.ac.kr/Article/E0025147,정조대에도 상설 최고 협의기구로 기능.
F018,NORMATIVE,법원,수교의 법적 성격,국왕이 특정 사안에 법적 성격의 명령을 내릴 수 있음,binary,0/1,dynamic rule affordance,법전 외 사건별 규칙·절차 수정 가능성,1776,1793,중앙/감영,한국민족문화대백과사전,https://encykorea.aks.ac.kr/Article/E0031225,수교는 승정원을 통해 전달되는 법적 성격 명령.
F019,NORMATIVE,신원,격쟁·상언 등 상향 호소,하급 판단에 불복해 상위 권력에 호소하는 경로의 존재,binary,0/1,review affordance,독립 재조사 촉발 가능성,1776,1793,전국,심리록 사례,https://www.moleg.go.kr/mpbleg/mpblegInfo.mo?mid=a10402020000&mpb_leg_pst_seq=125283,1789 통진 박순좌 옥사에서 격쟁 후 도백 재조사 명령.
F020,NORMATIVE,문서행정,장계·서계·계문·회계,지방·특사·중앙 관청이 문서로 상향 보고·심리하는 구조,binary,0/1,information-flow affordance,관계없는 기관 간 직접 연결보다 공식 보고 경로 선호,1776,1793,전국,정조실록/비변사등록,https://sillok.history.go.kr/id/kva_11603014_004,안핵어사의 복명·서계가 실제 운용됨.
